control,phase,skill_id,context_id,valid_label_draws,bootstrap_fraction_decline,bootstrap_fraction_increase,bootstrap_fraction_zero,not_posterior_probability
placebo,all,skillnet:alfworld-appliance-navigator,all_alfworld,2000,0.159,0.827,0.014,True
placebo,all,skillnet:alfworld-appliance-preparer,all_alfworld,1999,0.0,0.0,1.0,True
placebo,all,skillnet:alfworld-clean-object,all_alfworld,2000,0.674,0.3035,0.0225,True
placebo,all,skillnet:alfworld-device-operator,all_alfworld,2000,0.763,0.2225,0.0145,True
placebo,all,skillnet:alfworld-heat-object-with-appliance,all_alfworld,2000,0.8695,0.1075,0.023,True
placebo,all,skillnet:alfworld-locate-target-object,all_alfworld,1741,0.2900631820792648,0.2584721424468696,0.4514646754738656,True
placebo,all,skillnet:alfworld-object-cooler,all_alfworld,2000,0.343,0.6215,0.0355,True
placebo,all,skillnet:alfworld-object-heater,all_alfworld,2000,0.431,0.3945,0.1745,True
placebo,all,skillnet:alfworld-object-picker,all_alfworld,1999,0.10755377688844422,0.8149074537268635,0.07753876938469234,True
placebo,all,skillnet:alfworld-object-placer,all_alfworld,2000,0.0095,0.986,0.0045,True
placebo,all,skillnet:alfworld-object-state-inspector,all_alfworld,2000,0.766,0.2095,0.0245,True
placebo,all,skillnet:alfworld-object-storer,all_alfworld,2000,0.7185,0.2115,0.07,True
placebo,all,skillnet:alfworld-receptacle-closer,all_alfworld,1985,0.4770780856423174,0.0,0.5229219143576826,True
placebo,all,skillnet:alfworld-receptacle-finder,all_alfworld,2000,0.099,0.8605,0.0405,True
placebo,all,skillnet:alfworld-receptacle-opener,all_alfworld,1998,0.24674674674674674,0.24674674674674674,0.5065065065065065,True
placebo,all,skillnet:alfworld-receptacle-operator,all_alfworld,1997,0.5327991987981973,0.32648973460190284,0.14071106659989985,True
placebo,all,skillnet:alfworld-storage-explorer,all_alfworld,2000,0.238,0.7365,0.0255,True
placebo,all,skillnet:alfworld-temperature-regulator,all_alfworld,1997,0.26339509263895844,0.6074111166750125,0.12919379068602904,True
null,all,skillnet:alfworld-appliance-navigator,all_alfworld,2000,0.2805,0.706,0.0135,True
null,all,skillnet:alfworld-appliance-preparer,all_alfworld,1999,0.0,0.0,1.0,True
null,all,skillnet:alfworld-clean-object,all_alfworld,2000,0.7745,0.207,0.0185,True
null,all,skillnet:alfworld-device-operator,all_alfworld,2000,0.2465,0.736,0.0175,True
null,all,skillnet:alfworld-heat-object-with-appliance,all_alfworld,2000,0.524,0.4425,0.0335,True
null,all,skillnet:alfworld-locate-target-object,all_alfworld,1741,0.2900631820792648,0.2584721424468696,0.4514646754738656,True
null,all,skillnet:alfworld-object-cooler,all_alfworld,2000,0.3405,0.6335,0.026,True
null,all,skillnet:alfworld-object-heater,all_alfworld,2000,0.7145,0.1525,0.133,True
null,all,skillnet:alfworld-object-picker,all_alfworld,1999,0.1585792896448224,0.7303651825912957,0.11105552776388194,True
null,all,skillnet:alfworld-object-placer,all_alfworld,2000,0.0005,0.9985,0.001,True
null,all,skillnet:alfworld-object-state-inspector,all_alfworld,2000,0.47,0.5,0.03,True
null,all,skillnet:alfworld-object-storer,all_alfworld,2000,0.7015,0.252,0.0465,True
null,all,skillnet:alfworld-receptacle-closer,all_alfworld,1985,0.7350125944584383,0.0,0.2649874055415617,True
null,all,skillnet:alfworld-receptacle-finder,all_alfworld,2000,0.337,0.5755,0.0875,True
null,all,skillnet:alfworld-receptacle-opener,all_alfworld,1998,0.7367367367367368,0.0,0.26326326326326327,True
null,all,skillnet:alfworld-receptacle-operator,all_alfworld,1997,0.9063595393089634,0.0,0.09364046069103656,True
null,all,skillnet:alfworld-storage-explorer,all_alfworld,2000,0.185,0.7975,0.0175,True
null,all,skillnet:alfworld-temperature-regulator,all_alfworld,1997,0.1442163244867301,0.7305958938407612,0.12518778167250877,True
