cohort,update,rollouts,Adam_steps,Adam_before,Adam_after,parameter_L2,relative_L2_percent
pilot,31,32,24,495,519,0.24902978948103838,0.032558159241448455
pilot,32,32,22,519,541,0.26671886310507625,0.034870812362141915
pilot,33,32,27,541,568,0.27880525076434626,0.03645097558349432
pilot,34,32,22,568,590,0.19962264600209093,0.02609863558808105
pilot,35,32,21,590,611,0.17898200185480376,0.02340007066247139
expanded,36,32,18,611,629,0.21487938996232217,0.028093264321718856
expanded,37,32,12,629,641,0.13404198324974204,0.017524594888069032
expanded,38,32,12,641,653,0.14295710731942218,0.01869015366700969
expanded,39,32,14,653,667,0.18426485840830795,0.024090702078255154
expanded,40,32,14,667,681,0.16525120361184126,0.021604846567515667
