skill_id,context_id,phase,supported,D_contribution,D_ungated_contribution,P_int,activation_l16_norm,activation_l24_norm,activation_l32_norm,activation_l8_norm,delta_centered_norm,delta_norm,forward_kl_original,js_original,old_margin,random_expected,u_control_norm,u_original_norm,delta_utility,start_update,global_update,window_role
gen_002,clean,all,True,0.05602284115982891,0.1014764866138372,-0.0592122571171307,1.2446106993633768,2.9085479663765947,17.42648931586224,0.2059641974127811,113.50518548116898,218.26643336120034,0.3837417811940537,0.08013124541268221,-0.008620689655172414,0.0,903.9475658718906,923.9685216567713,-0.03017241379310345,35,40,test
gen_002,clean,initial,False,,,,,,,,,,,,,0.0,,,,35,40,test
gen_002,clean,early,False,0.031625395973602526,0.06901316799640471,-0.03877882579409785,1.0034128546714782,2.4909750699996946,16.05633824666341,0.18719830960035325,104.36833519066408,239.87019733063974,0.11500420096559119,0.024432715215311793,-0.027777777777777776,0.0,851.6096093806492,911.2178491966171,0.0,35,40,test
gen_002,clean,middle,True,0.059332801072267016,0.12301149701265915,-0.026067591022549595,1.3366535095607532,3.1284775313209083,18.41234863505644,0.21145913004875183,117.37942386867299,222.14669276632546,0.424764516897331,0.08858394566038884,-0.0,0.0,873.4485769860864,896.7910183769051,-0.07352941176470588,35,40,test
gen_002,clean,late,True,0.06601047873005728,0.10373821608733637,-0.09069843563327602,1.3251299110113406,3.007559371929543,17.57522098690856,0.21333966652552286,115.54950996269734,205.037769124361,0.4908177208840624,0.10235577049390583,-0.0,0.0,949.5778384959286,947.797277682175,0.0,35,40,test
cle_003,clean,all,True,0.08794305910941833,0.22418235285572674,-0.09169880190711066,1.999693169843319,5.174510868482812,34.545085840447,0.2585873012972433,223.89898566198832,562.0726725393041,0.25966622186945115,0.055041485296584536,-0.5161290322580645,0.0,902.5871775788333,996.8289817829833,0.15725806451612903,35,40,test
cle_003,clean,initial,False,,,,,,,,,,,,,0.0,,,,35,40,test
cle_003,clean,early,False,0.02039555936210956,0.16039593243923672,-0.11016297799946384,1.9468876530484456,5.411475925910763,36.740724424036536,0.261209571143476,232.51222602963327,914.9440132466115,0.042002167337740794,0.006297846291606463,-0.4444444444444444,0.0,845.8292872269094,1101.438867837946,0.20833333333333334,35,40,test
cle_003,clean,middle,True,0.0842498469786482,0.22168636984091072,-0.06049117146705699,1.9849915233525364,4.944117624651302,32.955657568844885,0.24987985684790395,218.8055461193789,532.0277619360905,0.25438792706785324,0.05435425168619278,-0.4318181818181818,0.0,917.7866702136365,1000.4950398158765,0.14772727272727273,35,40,test
cle_003,clean,late,True,0.1291084579539016,0.2615432020070607,-0.1295860230871568,2.080129706582358,5.420069894125295,35.70435342123342,0.27390688380529715,227.13699135594388,422.2769993813266,0.3822156619215706,0.08173049704874404,,0.0,909.2604404756506,936.2089363608677,,35,40,test
cle_004,clean,all,True,0.0769061649623664,0.16498401888007003,0.01238866385478121,1.4645907503717086,3.484606047938852,21.12407314637128,0.24845079464070938,153.0360245546718,248.07206544948122,0.42817804017822825,0.08930548987979414,-0.04838709677419355,0.0,921.2578036674398,936.2750570022972,-0.06451612903225806,35,40,test
cle_004,clean,initial,False,,,,,,,,,,,,,0.0,,,,35,40,test
cle_004,clean,early,True,0.04794294628523809,0.08635452657773932,-0.0011788553659461097,1.0811434930988721,2.4039536054645265,14.547805496624537,0.22482391792748654,94.11064844836274,189.5534846745965,0.12558670210208445,0.019332366129558215,-0.04838709677419355,0.0,606.0884390094835,622.5958123898697,-0.06451612903225806,35,40,test
cle_004,clean,middle,True,0.07219094214459962,0.17975910058634212,0.038978407550349835,1.5903440782657037,3.806890240082374,22.95346967990582,0.2547631229345615,152.3580107067253,278.4122951531265,0.42718063319342436,0.09062022040800835,,0.0,952.5025274228146,980.9625794254896,,35,40,test
cle_004,clean,late,True,0.08989674893078298,0.1846161416804646,0.0021460387742786293,1.7054596754812426,4.190376350956578,25.529595221242598,0.26449698858684106,174.41065894032047,251.71535669046028,0.536531717807394,0.11348569202518738,,0.0,1015.8116441960551,1022.676418270003,,35,40,test
cle_006,clean,all,False,0.02157869507141264,0.04566134629307384,-0.040336632438796434,0.8868930358439684,1.9980381578207016,11.95835193991661,0.2223528386093676,76.7730807894595,193.68712517407047,0.01642822343741251,0.003299138868075357,-0.0,0.0,617.4013627806023,688.8345400370615,-0.016129032258064516,35,40,test
cle_006,clean,initial,False,0.02157869507141264,0.04566134629307384,-0.040336632438796434,0.8868930358439684,1.9980381578207016,11.95835193991661,0.2223528386093676,76.7730807894595,193.68712517407047,0.01642822343741251,0.003299138868075357,-0.0,0.0,617.4013627806023,688.8345400370615,-0.016129032258064516,35,40,test
cle_006,clean,early,False,,,,,,,,,,,,,0.0,,,,35,40,test
cle_006,clean,middle,False,,,,,,,,,,,,,0.0,,,,35,40,test
cle_006,clean,late,False,,,,,,,,,,,,,0.0,,,,35,40,test
