context_id,phase,score,k,n_candidates,events,threshold,target,expected_hits,precision_at_k,recall_at_k,captured_change_mass,spearman,kendall,start_update,global_update,window_role
clean,all,D_contribution,1,3,2,0.0,decline,0.0,0.0,0.0,0.0,-0.5,-0.33333333333333337,35,40,test
clean,all,D_contribution,2,3,2,0.0,decline,1.0,0.5,0.5,0.6813509544787077,-0.5,-0.33333333333333337,35,40,test
clean,all,D_ungated_contribution,1,3,2,0.0,decline,0.0,0.0,0.0,0.0,-0.5,-0.33333333333333337,35,40,test
clean,all,D_ungated_contribution,2,3,2,0.0,decline,1.0,0.5,0.5,0.6813509544787077,-0.5,-0.33333333333333337,35,40,test
clean,all,P_int,1,3,2,0.0,decline,1.0,1.0,0.5,0.6813509544787077,1.0,1.0,35,40,test
clean,all,P_int,2,3,2,0.0,decline,2.0,1.0,1.0,1.0,1.0,1.0,35,40,test
clean,all,activation_l16_norm,1,3,2,0.0,decline,0.0,0.0,0.0,0.0,-0.5,-0.33333333333333337,35,40,test
clean,all,activation_l16_norm,2,3,2,0.0,decline,1.0,0.5,0.5,0.6813509544787077,-0.5,-0.33333333333333337,35,40,test
clean,all,activation_l24_norm,1,3,2,0.0,decline,0.0,0.0,0.0,0.0,-0.5,-0.33333333333333337,35,40,test
clean,all,activation_l24_norm,2,3,2,0.0,decline,1.0,0.5,0.5,0.6813509544787077,-0.5,-0.33333333333333337,35,40,test
clean,all,activation_l32_norm,1,3,2,0.0,decline,0.0,0.0,0.0,0.0,-0.5,-0.33333333333333337,35,40,test
clean,all,activation_l32_norm,2,3,2,0.0,decline,1.0,0.5,0.5,0.6813509544787077,-0.5,-0.33333333333333337,35,40,test
clean,all,activation_l8_norm,1,3,2,0.0,decline,0.0,0.0,0.0,0.0,-0.5,-0.33333333333333337,35,40,test
clean,all,activation_l8_norm,2,3,2,0.0,decline,1.0,0.5,0.5,0.6813509544787077,-0.5,-0.33333333333333337,35,40,test
clean,all,delta_centered_norm,1,3,2,0.0,decline,0.0,0.0,0.0,0.0,-0.5,-0.33333333333333337,35,40,test
clean,all,delta_centered_norm,2,3,2,0.0,decline,1.0,0.5,0.5,0.6813509544787077,-0.5,-0.33333333333333337,35,40,test
clean,all,delta_norm,1,3,2,0.0,decline,0.0,0.0,0.0,0.0,-0.5,-0.33333333333333337,35,40,test
clean,all,delta_norm,2,3,2,0.0,decline,1.0,0.5,0.5,0.6813509544787077,-0.5,-0.33333333333333337,35,40,test
clean,all,forward_kl_original,1,3,2,0.0,decline,1.0,1.0,0.5,0.6813509544787077,1.0,1.0,35,40,test
clean,all,forward_kl_original,2,3,2,0.0,decline,2.0,1.0,1.0,1.0,1.0,1.0,35,40,test
clean,all,js_original,1,3,2,0.0,decline,1.0,1.0,0.5,0.6813509544787077,1.0,1.0,35,40,test
clean,all,js_original,2,3,2,0.0,decline,2.0,1.0,1.0,1.0,1.0,1.0,35,40,test
clean,all,old_margin,1,3,2,0.0,decline,1.0,1.0,0.5,0.3186490455212922,0.5,0.33333333333333337,35,40,test
clean,all,old_margin,2,3,2,0.0,decline,2.0,1.0,1.0,1.0,0.5,0.33333333333333337,35,40,test
clean,all,u_control_norm,1,3,2,0.0,decline,1.0,1.0,0.5,0.6813509544787077,1.0,1.0,35,40,test
clean,all,u_control_norm,2,3,2,0.0,decline,2.0,1.0,1.0,1.0,1.0,1.0,35,40,test
clean,all,u_original_norm,1,3,2,0.0,decline,0.0,0.0,0.0,0.0,-0.5,-0.33333333333333337,35,40,test
clean,all,u_original_norm,2,3,2,0.0,decline,1.0,0.5,0.5,0.6813509544787077,-0.5,-0.33333333333333337,35,40,test
clean,all,random_expected,1,3,2,0.0,decline,0.6666666666666666,0.6666666666666666,0.3333333333333333,0.33333333333333326,,,35,40,test
clean,all,random_expected,2,3,2,0.0,decline,1.3333333333333333,0.6666666666666666,0.6666666666666666,0.6666666666666665,,,35,40,test
clean,all,D_contribution,1,3,1,0.05,decline,0.0,0.0,0.0,0.0,-0.5,-0.33333333333333337,35,40,test
clean,all,D_contribution,2,3,1,0.05,decline,1.0,0.5,1.0,0.6813509544787077,-0.5,-0.33333333333333337,35,40,test
clean,all,D_ungated_contribution,1,3,1,0.05,decline,0.0,0.0,0.0,0.0,-0.5,-0.33333333333333337,35,40,test
clean,all,D_ungated_contribution,2,3,1,0.05,decline,1.0,0.5,1.0,0.6813509544787077,-0.5,-0.33333333333333337,35,40,test
clean,all,P_int,1,3,1,0.05,decline,1.0,1.0,1.0,0.6813509544787077,1.0,1.0,35,40,test
clean,all,P_int,2,3,1,0.05,decline,1.0,0.5,1.0,1.0,1.0,1.0,35,40,test
clean,all,activation_l16_norm,1,3,1,0.05,decline,0.0,0.0,0.0,0.0,-0.5,-0.33333333333333337,35,40,test
clean,all,activation_l16_norm,2,3,1,0.05,decline,1.0,0.5,1.0,0.6813509544787077,-0.5,-0.33333333333333337,35,40,test
clean,all,activation_l24_norm,1,3,1,0.05,decline,0.0,0.0,0.0,0.0,-0.5,-0.33333333333333337,35,40,test
clean,all,activation_l24_norm,2,3,1,0.05,decline,1.0,0.5,1.0,0.6813509544787077,-0.5,-0.33333333333333337,35,40,test
clean,all,activation_l32_norm,1,3,1,0.05,decline,0.0,0.0,0.0,0.0,-0.5,-0.33333333333333337,35,40,test
clean,all,activation_l32_norm,2,3,1,0.05,decline,1.0,0.5,1.0,0.6813509544787077,-0.5,-0.33333333333333337,35,40,test
clean,all,activation_l8_norm,1,3,1,0.05,decline,0.0,0.0,0.0,0.0,-0.5,-0.33333333333333337,35,40,test
clean,all,activation_l8_norm,2,3,1,0.05,decline,1.0,0.5,1.0,0.6813509544787077,-0.5,-0.33333333333333337,35,40,test
clean,all,delta_centered_norm,1,3,1,0.05,decline,0.0,0.0,0.0,0.0,-0.5,-0.33333333333333337,35,40,test
clean,all,delta_centered_norm,2,3,1,0.05,decline,1.0,0.5,1.0,0.6813509544787077,-0.5,-0.33333333333333337,35,40,test
clean,all,delta_norm,1,3,1,0.05,decline,0.0,0.0,0.0,0.0,-0.5,-0.33333333333333337,35,40,test
clean,all,delta_norm,2,3,1,0.05,decline,1.0,0.5,1.0,0.6813509544787077,-0.5,-0.33333333333333337,35,40,test
clean,all,forward_kl_original,1,3,1,0.05,decline,1.0,1.0,1.0,0.6813509544787077,1.0,1.0,35,40,test
clean,all,forward_kl_original,2,3,1,0.05,decline,1.0,0.5,1.0,1.0,1.0,1.0,35,40,test
clean,all,js_original,1,3,1,0.05,decline,1.0,1.0,1.0,0.6813509544787077,1.0,1.0,35,40,test
clean,all,js_original,2,3,1,0.05,decline,1.0,0.5,1.0,1.0,1.0,1.0,35,40,test
clean,all,old_margin,1,3,1,0.05,decline,0.0,0.0,0.0,0.3186490455212922,0.5,0.33333333333333337,35,40,test
clean,all,old_margin,2,3,1,0.05,decline,1.0,0.5,1.0,1.0,0.5,0.33333333333333337,35,40,test
clean,all,u_control_norm,1,3,1,0.05,decline,1.0,1.0,1.0,0.6813509544787077,1.0,1.0,35,40,test
clean,all,u_control_norm,2,3,1,0.05,decline,1.0,0.5,1.0,1.0,1.0,1.0,35,40,test
clean,all,u_original_norm,1,3,1,0.05,decline,0.0,0.0,0.0,0.0,-0.5,-0.33333333333333337,35,40,test
clean,all,u_original_norm,2,3,1,0.05,decline,1.0,0.5,1.0,0.6813509544787077,-0.5,-0.33333333333333337,35,40,test
clean,all,random_expected,1,3,1,0.05,decline,0.3333333333333333,0.3333333333333333,0.3333333333333333,0.33333333333333326,,,35,40,test
clean,all,random_expected,2,3,1,0.05,decline,0.6666666666666666,0.3333333333333333,0.6666666666666666,0.6666666666666665,,,35,40,test
clean,all,D_contribution,1,3,3,0.0,any_change,1.0,1.0,0.3333333333333333,0.6241721854304636,1.0,1.0,35,40,test
clean,all,D_contribution,2,3,3,0.0,any_change,2.0,1.0,0.6666666666666666,0.880242825607064,1.0,1.0,35,40,test
clean,all,D_ungated_contribution,1,3,3,0.0,any_change,1.0,1.0,0.3333333333333333,0.6241721854304636,1.0,1.0,35,40,test
clean,all,D_ungated_contribution,2,3,3,0.0,any_change,2.0,1.0,0.6666666666666666,0.880242825607064,1.0,1.0,35,40,test
clean,all,P_int,1,3,3,0.0,any_change,1.0,1.0,0.3333333333333333,0.2560706401766004,-0.5,-0.33333333333333337,35,40,test
clean,all,P_int,2,3,3,0.0,any_change,2.0,1.0,0.6666666666666666,0.37582781456953646,-0.5,-0.33333333333333337,35,40,test
clean,all,activation_l16_norm,1,3,3,0.0,any_change,1.0,1.0,0.3333333333333333,0.6241721854304636,1.0,1.0,35,40,test
clean,all,activation_l16_norm,2,3,3,0.0,any_change,2.0,1.0,0.6666666666666666,0.880242825607064,1.0,1.0,35,40,test
clean,all,activation_l24_norm,1,3,3,0.0,any_change,1.0,1.0,0.3333333333333333,0.6241721854304636,1.0,1.0,35,40,test
clean,all,activation_l24_norm,2,3,3,0.0,any_change,2.0,1.0,0.6666666666666666,0.880242825607064,1.0,1.0,35,40,test
clean,all,activation_l32_norm,1,3,3,0.0,any_change,1.0,1.0,0.3333333333333333,0.6241721854304636,1.0,1.0,35,40,test
clean,all,activation_l32_norm,2,3,3,0.0,any_change,2.0,1.0,0.6666666666666666,0.880242825607064,1.0,1.0,35,40,test
clean,all,activation_l8_norm,1,3,3,0.0,any_change,1.0,1.0,0.3333333333333333,0.6241721854304636,1.0,1.0,35,40,test
clean,all,activation_l8_norm,2,3,3,0.0,any_change,2.0,1.0,0.6666666666666666,0.880242825607064,1.0,1.0,35,40,test
clean,all,delta_centered_norm,1,3,3,0.0,any_change,1.0,1.0,0.3333333333333333,0.6241721854304636,1.0,1.0,35,40,test
clean,all,delta_centered_norm,2,3,3,0.0,any_change,2.0,1.0,0.6666666666666666,0.880242825607064,1.0,1.0,35,40,test
clean,all,delta_norm,1,3,3,0.0,any_change,1.0,1.0,0.3333333333333333,0.6241721854304636,1.0,1.0,35,40,test
clean,all,delta_norm,2,3,3,0.0,any_change,2.0,1.0,0.6666666666666666,0.880242825607064,1.0,1.0,35,40,test
clean,all,forward_kl_original,1,3,3,0.0,any_change,1.0,1.0,0.3333333333333333,0.2560706401766004,-0.5,-0.33333333333333337,35,40,test
clean,all,forward_kl_original,2,3,3,0.0,any_change,2.0,1.0,0.6666666666666666,0.37582781456953646,-0.5,-0.33333333333333337,35,40,test
clean,all,js_original,1,3,3,0.0,any_change,1.0,1.0,0.3333333333333333,0.2560706401766004,-0.5,-0.33333333333333337,35,40,test
clean,all,js_original,2,3,3,0.0,any_change,2.0,1.0,0.6666666666666666,0.37582781456953646,-0.5,-0.33333333333333337,35,40,test
clean,all,old_margin,1,3,3,0.0,any_change,1.0,1.0,0.3333333333333333,0.11975717439293598,-1.0,-1.0,35,40,test
clean,all,old_margin,2,3,3,0.0,any_change,2.0,1.0,0.6666666666666666,0.37582781456953646,-1.0,-1.0,35,40,test
clean,all,u_control_norm,1,3,3,0.0,any_change,1.0,1.0,0.3333333333333333,0.2560706401766004,-0.5,-0.33333333333333337,35,40,test
clean,all,u_control_norm,2,3,3,0.0,any_change,2.0,1.0,0.6666666666666666,0.37582781456953646,-0.5,-0.33333333333333337,35,40,test
clean,all,u_original_norm,1,3,3,0.0,any_change,1.0,1.0,0.3333333333333333,0.6241721854304636,1.0,1.0,35,40,test
clean,all,u_original_norm,2,3,3,0.0,any_change,2.0,1.0,0.6666666666666666,0.880242825607064,1.0,1.0,35,40,test
clean,all,random_expected,1,3,3,0.0,any_change,1.0,1.0,0.3333333333333333,0.3333333333333333,,,35,40,test
clean,all,random_expected,2,3,3,0.0,any_change,2.0,1.0,0.6666666666666666,0.6666666666666666,,,35,40,test
clean,all,D_contribution,1,3,2,0.05,any_change,1.0,1.0,0.5,0.6241721854304636,1.0,1.0,35,40,test
clean,all,D_contribution,2,3,2,0.05,any_change,2.0,1.0,1.0,0.880242825607064,1.0,1.0,35,40,test
clean,all,D_ungated_contribution,1,3,2,0.05,any_change,1.0,1.0,0.5,0.6241721854304636,1.0,1.0,35,40,test
clean,all,D_ungated_contribution,2,3,2,0.05,any_change,2.0,1.0,1.0,0.880242825607064,1.0,1.0,35,40,test
clean,all,P_int,1,3,2,0.05,any_change,1.0,1.0,0.5,0.2560706401766004,-0.5,-0.33333333333333337,35,40,test
clean,all,P_int,2,3,2,0.05,any_change,1.0,0.5,0.5,0.37582781456953646,-0.5,-0.33333333333333337,35,40,test
clean,all,activation_l16_norm,1,3,2,0.05,any_change,1.0,1.0,0.5,0.6241721854304636,1.0,1.0,35,40,test
clean,all,activation_l16_norm,2,3,2,0.05,any_change,2.0,1.0,1.0,0.880242825607064,1.0,1.0,35,40,test
clean,all,activation_l24_norm,1,3,2,0.05,any_change,1.0,1.0,0.5,0.6241721854304636,1.0,1.0,35,40,test
clean,all,activation_l24_norm,2,3,2,0.05,any_change,2.0,1.0,1.0,0.880242825607064,1.0,1.0,35,40,test
clean,all,activation_l32_norm,1,3,2,0.05,any_change,1.0,1.0,0.5,0.6241721854304636,1.0,1.0,35,40,test
clean,all,activation_l32_norm,2,3,2,0.05,any_change,2.0,1.0,1.0,0.880242825607064,1.0,1.0,35,40,test
clean,all,activation_l8_norm,1,3,2,0.05,any_change,1.0,1.0,0.5,0.6241721854304636,1.0,1.0,35,40,test
clean,all,activation_l8_norm,2,3,2,0.05,any_change,2.0,1.0,1.0,0.880242825607064,1.0,1.0,35,40,test
clean,all,delta_centered_norm,1,3,2,0.05,any_change,1.0,1.0,0.5,0.6241721854304636,1.0,1.0,35,40,test
clean,all,delta_centered_norm,2,3,2,0.05,any_change,2.0,1.0,1.0,0.880242825607064,1.0,1.0,35,40,test
clean,all,delta_norm,1,3,2,0.05,any_change,1.0,1.0,0.5,0.6241721854304636,1.0,1.0,35,40,test
clean,all,delta_norm,2,3,2,0.05,any_change,2.0,1.0,1.0,0.880242825607064,1.0,1.0,35,40,test
clean,all,forward_kl_original,1,3,2,0.05,any_change,1.0,1.0,0.5,0.2560706401766004,-0.5,-0.33333333333333337,35,40,test
clean,all,forward_kl_original,2,3,2,0.05,any_change,1.0,0.5,0.5,0.37582781456953646,-0.5,-0.33333333333333337,35,40,test
clean,all,js_original,1,3,2,0.05,any_change,1.0,1.0,0.5,0.2560706401766004,-0.5,-0.33333333333333337,35,40,test
clean,all,js_original,2,3,2,0.05,any_change,1.0,0.5,0.5,0.37582781456953646,-0.5,-0.33333333333333337,35,40,test
clean,all,old_margin,1,3,2,0.05,any_change,0.0,0.0,0.0,0.11975717439293598,-1.0,-1.0,35,40,test
clean,all,old_margin,2,3,2,0.05,any_change,1.0,0.5,0.5,0.37582781456953646,-1.0,-1.0,35,40,test
clean,all,u_control_norm,1,3,2,0.05,any_change,1.0,1.0,0.5,0.2560706401766004,-0.5,-0.33333333333333337,35,40,test
clean,all,u_control_norm,2,3,2,0.05,any_change,1.0,0.5,0.5,0.37582781456953646,-0.5,-0.33333333333333337,35,40,test
clean,all,u_original_norm,1,3,2,0.05,any_change,1.0,1.0,0.5,0.6241721854304636,1.0,1.0,35,40,test
clean,all,u_original_norm,2,3,2,0.05,any_change,2.0,1.0,1.0,0.880242825607064,1.0,1.0,35,40,test
clean,all,random_expected,1,3,2,0.05,any_change,0.6666666666666666,0.6666666666666666,0.3333333333333333,0.3333333333333333,,,35,40,test
clean,all,random_expected,2,3,2,0.05,any_change,1.3333333333333333,0.6666666666666666,0.6666666666666666,0.6666666666666666,,,35,40,test
clean,early,D_contribution,1,1,1,0.0,decline,1.0,1.0,1.0,1.0,,,35,40,test
clean,early,D_ungated_contribution,1,1,1,0.0,decline,1.0,1.0,1.0,1.0,,,35,40,test
clean,early,P_int,1,1,1,0.0,decline,1.0,1.0,1.0,1.0,,,35,40,test
clean,early,activation_l16_norm,1,1,1,0.0,decline,1.0,1.0,1.0,1.0,,,35,40,test
clean,early,activation_l24_norm,1,1,1,0.0,decline,1.0,1.0,1.0,1.0,,,35,40,test
clean,early,activation_l32_norm,1,1,1,0.0,decline,1.0,1.0,1.0,1.0,,,35,40,test
clean,early,activation_l8_norm,1,1,1,0.0,decline,1.0,1.0,1.0,1.0,,,35,40,test
clean,early,delta_centered_norm,1,1,1,0.0,decline,1.0,1.0,1.0,1.0,,,35,40,test
clean,early,delta_norm,1,1,1,0.0,decline,1.0,1.0,1.0,1.0,,,35,40,test
clean,early,forward_kl_original,1,1,1,0.0,decline,1.0,1.0,1.0,1.0,,,35,40,test
clean,early,js_original,1,1,1,0.0,decline,1.0,1.0,1.0,1.0,,,35,40,test
clean,early,old_margin,1,1,1,0.0,decline,1.0,1.0,1.0,1.0,,,35,40,test
clean,early,u_control_norm,1,1,1,0.0,decline,1.0,1.0,1.0,1.0,,,35,40,test
clean,early,u_original_norm,1,1,1,0.0,decline,1.0,1.0,1.0,1.0,,,35,40,test
clean,early,random_expected,1,1,1,0.0,decline,1.0,1.0,1.0,1.0,,,35,40,test
clean,early,D_contribution,1,1,1,0.05,decline,1.0,1.0,1.0,1.0,,,35,40,test
clean,early,D_ungated_contribution,1,1,1,0.05,decline,1.0,1.0,1.0,1.0,,,35,40,test
clean,early,P_int,1,1,1,0.05,decline,1.0,1.0,1.0,1.0,,,35,40,test
clean,early,activation_l16_norm,1,1,1,0.05,decline,1.0,1.0,1.0,1.0,,,35,40,test
clean,early,activation_l24_norm,1,1,1,0.05,decline,1.0,1.0,1.0,1.0,,,35,40,test
clean,early,activation_l32_norm,1,1,1,0.05,decline,1.0,1.0,1.0,1.0,,,35,40,test
clean,early,activation_l8_norm,1,1,1,0.05,decline,1.0,1.0,1.0,1.0,,,35,40,test
clean,early,delta_centered_norm,1,1,1,0.05,decline,1.0,1.0,1.0,1.0,,,35,40,test
clean,early,delta_norm,1,1,1,0.05,decline,1.0,1.0,1.0,1.0,,,35,40,test
clean,early,forward_kl_original,1,1,1,0.05,decline,1.0,1.0,1.0,1.0,,,35,40,test
clean,early,js_original,1,1,1,0.05,decline,1.0,1.0,1.0,1.0,,,35,40,test
clean,early,old_margin,1,1,1,0.05,decline,1.0,1.0,1.0,1.0,,,35,40,test
clean,early,u_control_norm,1,1,1,0.05,decline,1.0,1.0,1.0,1.0,,,35,40,test
clean,early,u_original_norm,1,1,1,0.05,decline,1.0,1.0,1.0,1.0,,,35,40,test
clean,early,random_expected,1,1,1,0.05,decline,1.0,1.0,1.0,1.0,,,35,40,test
clean,early,D_contribution,1,1,1,0.0,any_change,1.0,1.0,1.0,1.0,,,35,40,test
clean,early,D_ungated_contribution,1,1,1,0.0,any_change,1.0,1.0,1.0,1.0,,,35,40,test
clean,early,P_int,1,1,1,0.0,any_change,1.0,1.0,1.0,1.0,,,35,40,test
clean,early,activation_l16_norm,1,1,1,0.0,any_change,1.0,1.0,1.0,1.0,,,35,40,test
clean,early,activation_l24_norm,1,1,1,0.0,any_change,1.0,1.0,1.0,1.0,,,35,40,test
clean,early,activation_l32_norm,1,1,1,0.0,any_change,1.0,1.0,1.0,1.0,,,35,40,test
clean,early,activation_l8_norm,1,1,1,0.0,any_change,1.0,1.0,1.0,1.0,,,35,40,test
clean,early,delta_centered_norm,1,1,1,0.0,any_change,1.0,1.0,1.0,1.0,,,35,40,test
clean,early,delta_norm,1,1,1,0.0,any_change,1.0,1.0,1.0,1.0,,,35,40,test
clean,early,forward_kl_original,1,1,1,0.0,any_change,1.0,1.0,1.0,1.0,,,35,40,test
clean,early,js_original,1,1,1,0.0,any_change,1.0,1.0,1.0,1.0,,,35,40,test
clean,early,old_margin,1,1,1,0.0,any_change,1.0,1.0,1.0,1.0,,,35,40,test
clean,early,u_control_norm,1,1,1,0.0,any_change,1.0,1.0,1.0,1.0,,,35,40,test
clean,early,u_original_norm,1,1,1,0.0,any_change,1.0,1.0,1.0,1.0,,,35,40,test
clean,early,random_expected,1,1,1,0.0,any_change,1.0,1.0,1.0,1.0,,,35,40,test
clean,early,D_contribution,1,1,1,0.05,any_change,1.0,1.0,1.0,1.0,,,35,40,test
clean,early,D_ungated_contribution,1,1,1,0.05,any_change,1.0,1.0,1.0,1.0,,,35,40,test
clean,early,P_int,1,1,1,0.05,any_change,1.0,1.0,1.0,1.0,,,35,40,test
clean,early,activation_l16_norm,1,1,1,0.05,any_change,1.0,1.0,1.0,1.0,,,35,40,test
clean,early,activation_l24_norm,1,1,1,0.05,any_change,1.0,1.0,1.0,1.0,,,35,40,test
clean,early,activation_l32_norm,1,1,1,0.05,any_change,1.0,1.0,1.0,1.0,,,35,40,test
clean,early,activation_l8_norm,1,1,1,0.05,any_change,1.0,1.0,1.0,1.0,,,35,40,test
clean,early,delta_centered_norm,1,1,1,0.05,any_change,1.0,1.0,1.0,1.0,,,35,40,test
clean,early,delta_norm,1,1,1,0.05,any_change,1.0,1.0,1.0,1.0,,,35,40,test
clean,early,forward_kl_original,1,1,1,0.05,any_change,1.0,1.0,1.0,1.0,,,35,40,test
clean,early,js_original,1,1,1,0.05,any_change,1.0,1.0,1.0,1.0,,,35,40,test
clean,early,old_margin,1,1,1,0.05,any_change,1.0,1.0,1.0,1.0,,,35,40,test
clean,early,u_control_norm,1,1,1,0.05,any_change,1.0,1.0,1.0,1.0,,,35,40,test
clean,early,u_original_norm,1,1,1,0.05,any_change,1.0,1.0,1.0,1.0,,,35,40,test
clean,early,random_expected,1,1,1,0.05,any_change,1.0,1.0,1.0,1.0,,,35,40,test
clean,late,D_contribution,1,1,0,0.0,decline,0.0,0.0,,,,,35,40,test
clean,late,D_ungated_contribution,1,1,0,0.0,decline,0.0,0.0,,,,,35,40,test
clean,late,P_int,1,1,0,0.0,decline,0.0,0.0,,,,,35,40,test
clean,late,activation_l16_norm,1,1,0,0.0,decline,0.0,0.0,,,,,35,40,test
clean,late,activation_l24_norm,1,1,0,0.0,decline,0.0,0.0,,,,,35,40,test
clean,late,activation_l32_norm,1,1,0,0.0,decline,0.0,0.0,,,,,35,40,test
clean,late,activation_l8_norm,1,1,0,0.0,decline,0.0,0.0,,,,,35,40,test
clean,late,delta_centered_norm,1,1,0,0.0,decline,0.0,0.0,,,,,35,40,test
clean,late,delta_norm,1,1,0,0.0,decline,0.0,0.0,,,,,35,40,test
clean,late,forward_kl_original,1,1,0,0.0,decline,0.0,0.0,,,,,35,40,test
clean,late,js_original,1,1,0,0.0,decline,0.0,0.0,,,,,35,40,test
clean,late,old_margin,1,1,0,0.0,decline,0.0,0.0,,,,,35,40,test
clean,late,u_control_norm,1,1,0,0.0,decline,0.0,0.0,,,,,35,40,test
clean,late,u_original_norm,1,1,0,0.0,decline,0.0,0.0,,,,,35,40,test
clean,late,random_expected,1,1,0,0.0,decline,0.0,0.0,,,,,35,40,test
clean,late,D_contribution,1,1,0,0.05,decline,0.0,0.0,,,,,35,40,test
clean,late,D_ungated_contribution,1,1,0,0.05,decline,0.0,0.0,,,,,35,40,test
clean,late,P_int,1,1,0,0.05,decline,0.0,0.0,,,,,35,40,test
clean,late,activation_l16_norm,1,1,0,0.05,decline,0.0,0.0,,,,,35,40,test
clean,late,activation_l24_norm,1,1,0,0.05,decline,0.0,0.0,,,,,35,40,test
clean,late,activation_l32_norm,1,1,0,0.05,decline,0.0,0.0,,,,,35,40,test
clean,late,activation_l8_norm,1,1,0,0.05,decline,0.0,0.0,,,,,35,40,test
clean,late,delta_centered_norm,1,1,0,0.05,decline,0.0,0.0,,,,,35,40,test
clean,late,delta_norm,1,1,0,0.05,decline,0.0,0.0,,,,,35,40,test
clean,late,forward_kl_original,1,1,0,0.05,decline,0.0,0.0,,,,,35,40,test
clean,late,js_original,1,1,0,0.05,decline,0.0,0.0,,,,,35,40,test
clean,late,old_margin,1,1,0,0.05,decline,0.0,0.0,,,,,35,40,test
clean,late,u_control_norm,1,1,0,0.05,decline,0.0,0.0,,,,,35,40,test
clean,late,u_original_norm,1,1,0,0.05,decline,0.0,0.0,,,,,35,40,test
clean,late,random_expected,1,1,0,0.05,decline,0.0,0.0,,,,,35,40,test
clean,late,D_contribution,1,1,0,0.0,any_change,0.0,0.0,,,,,35,40,test
clean,late,D_ungated_contribution,1,1,0,0.0,any_change,0.0,0.0,,,,,35,40,test
clean,late,P_int,1,1,0,0.0,any_change,0.0,0.0,,,,,35,40,test
clean,late,activation_l16_norm,1,1,0,0.0,any_change,0.0,0.0,,,,,35,40,test
clean,late,activation_l24_norm,1,1,0,0.0,any_change,0.0,0.0,,,,,35,40,test
clean,late,activation_l32_norm,1,1,0,0.0,any_change,0.0,0.0,,,,,35,40,test
clean,late,activation_l8_norm,1,1,0,0.0,any_change,0.0,0.0,,,,,35,40,test
clean,late,delta_centered_norm,1,1,0,0.0,any_change,0.0,0.0,,,,,35,40,test
clean,late,delta_norm,1,1,0,0.0,any_change,0.0,0.0,,,,,35,40,test
clean,late,forward_kl_original,1,1,0,0.0,any_change,0.0,0.0,,,,,35,40,test
clean,late,js_original,1,1,0,0.0,any_change,0.0,0.0,,,,,35,40,test
clean,late,old_margin,1,1,0,0.0,any_change,0.0,0.0,,,,,35,40,test
clean,late,u_control_norm,1,1,0,0.0,any_change,0.0,0.0,,,,,35,40,test
clean,late,u_original_norm,1,1,0,0.0,any_change,0.0,0.0,,,,,35,40,test
clean,late,random_expected,1,1,0,0.0,any_change,0.0,0.0,,,,,35,40,test
clean,late,D_contribution,1,1,0,0.05,any_change,0.0,0.0,,,,,35,40,test
clean,late,D_ungated_contribution,1,1,0,0.05,any_change,0.0,0.0,,,,,35,40,test
clean,late,P_int,1,1,0,0.05,any_change,0.0,0.0,,,,,35,40,test
clean,late,activation_l16_norm,1,1,0,0.05,any_change,0.0,0.0,,,,,35,40,test
clean,late,activation_l24_norm,1,1,0,0.05,any_change,0.0,0.0,,,,,35,40,test
clean,late,activation_l32_norm,1,1,0,0.05,any_change,0.0,0.0,,,,,35,40,test
clean,late,activation_l8_norm,1,1,0,0.05,any_change,0.0,0.0,,,,,35,40,test
clean,late,delta_centered_norm,1,1,0,0.05,any_change,0.0,0.0,,,,,35,40,test
clean,late,delta_norm,1,1,0,0.05,any_change,0.0,0.0,,,,,35,40,test
clean,late,forward_kl_original,1,1,0,0.05,any_change,0.0,0.0,,,,,35,40,test
clean,late,js_original,1,1,0,0.05,any_change,0.0,0.0,,,,,35,40,test
clean,late,old_margin,1,1,0,0.05,any_change,0.0,0.0,,,,,35,40,test
clean,late,u_control_norm,1,1,0,0.05,any_change,0.0,0.0,,,,,35,40,test
clean,late,u_original_norm,1,1,0,0.05,any_change,0.0,0.0,,,,,35,40,test
clean,late,random_expected,1,1,0,0.05,any_change,0.0,0.0,,,,,35,40,test
clean,middle,D_contribution,1,2,1,0.0,decline,0.0,0.0,0.0,0.0,-0.9999999999999999,-1.0,35,40,test
clean,middle,D_contribution,2,2,1,0.0,decline,1.0,0.5,1.0,1.0,-0.9999999999999999,-1.0,35,40,test
clean,middle,D_ungated_contribution,1,2,1,0.0,decline,0.0,0.0,0.0,0.0,-0.9999999999999999,-1.0,35,40,test
clean,middle,D_ungated_contribution,2,2,1,0.0,decline,1.0,0.5,1.0,1.0,-0.9999999999999999,-1.0,35,40,test
clean,middle,P_int,1,2,1,0.0,decline,1.0,1.0,1.0,1.0,0.9999999999999999,1.0,35,40,test
clean,middle,P_int,2,2,1,0.0,decline,1.0,0.5,1.0,1.0,0.9999999999999999,1.0,35,40,test
clean,middle,activation_l16_norm,1,2,1,0.0,decline,0.0,0.0,0.0,0.0,-0.9999999999999999,-1.0,35,40,test
clean,middle,activation_l16_norm,2,2,1,0.0,decline,1.0,0.5,1.0,1.0,-0.9999999999999999,-1.0,35,40,test
clean,middle,activation_l24_norm,1,2,1,0.0,decline,0.0,0.0,0.0,0.0,-0.9999999999999999,-1.0,35,40,test
clean,middle,activation_l24_norm,2,2,1,0.0,decline,1.0,0.5,1.0,1.0,-0.9999999999999999,-1.0,35,40,test
clean,middle,activation_l32_norm,1,2,1,0.0,decline,0.0,0.0,0.0,0.0,-0.9999999999999999,-1.0,35,40,test
clean,middle,activation_l32_norm,2,2,1,0.0,decline,1.0,0.5,1.0,1.0,-0.9999999999999999,-1.0,35,40,test
clean,middle,activation_l8_norm,1,2,1,0.0,decline,0.0,0.0,0.0,0.0,-0.9999999999999999,-1.0,35,40,test
clean,middle,activation_l8_norm,2,2,1,0.0,decline,1.0,0.5,1.0,1.0,-0.9999999999999999,-1.0,35,40,test
clean,middle,delta_centered_norm,1,2,1,0.0,decline,0.0,0.0,0.0,0.0,-0.9999999999999999,-1.0,35,40,test
clean,middle,delta_centered_norm,2,2,1,0.0,decline,1.0,0.5,1.0,1.0,-0.9999999999999999,-1.0,35,40,test
clean,middle,delta_norm,1,2,1,0.0,decline,0.0,0.0,0.0,0.0,-0.9999999999999999,-1.0,35,40,test
clean,middle,delta_norm,2,2,1,0.0,decline,1.0,0.5,1.0,1.0,-0.9999999999999999,-1.0,35,40,test
clean,middle,forward_kl_original,1,2,1,0.0,decline,1.0,1.0,1.0,1.0,0.9999999999999999,1.0,35,40,test
clean,middle,forward_kl_original,2,2,1,0.0,decline,1.0,0.5,1.0,1.0,0.9999999999999999,1.0,35,40,test
clean,middle,js_original,1,2,1,0.0,decline,1.0,1.0,1.0,1.0,0.9999999999999999,1.0,35,40,test
clean,middle,js_original,2,2,1,0.0,decline,1.0,0.5,1.0,1.0,0.9999999999999999,1.0,35,40,test
clean,middle,old_margin,1,2,1,0.0,decline,1.0,1.0,1.0,1.0,0.9999999999999999,1.0,35,40,test
clean,middle,old_margin,2,2,1,0.0,decline,1.0,0.5,1.0,1.0,0.9999999999999999,1.0,35,40,test
clean,middle,u_control_norm,1,2,1,0.0,decline,0.0,0.0,0.0,0.0,-0.9999999999999999,-1.0,35,40,test
clean,middle,u_control_norm,2,2,1,0.0,decline,1.0,0.5,1.0,1.0,-0.9999999999999999,-1.0,35,40,test
clean,middle,u_original_norm,1,2,1,0.0,decline,0.0,0.0,0.0,0.0,-0.9999999999999999,-1.0,35,40,test
clean,middle,u_original_norm,2,2,1,0.0,decline,1.0,0.5,1.0,1.0,-0.9999999999999999,-1.0,35,40,test
clean,middle,random_expected,1,2,1,0.0,decline,0.5,0.5,0.5,0.5,,,35,40,test
clean,middle,random_expected,2,2,1,0.0,decline,1.0,0.5,1.0,1.0,,,35,40,test
clean,middle,D_contribution,1,2,1,0.05,decline,0.0,0.0,0.0,0.0,-0.9999999999999999,-1.0,35,40,test
clean,middle,D_contribution,2,2,1,0.05,decline,1.0,0.5,1.0,1.0,-0.9999999999999999,-1.0,35,40,test
clean,middle,D_ungated_contribution,1,2,1,0.05,decline,0.0,0.0,0.0,0.0,-0.9999999999999999,-1.0,35,40,test
clean,middle,D_ungated_contribution,2,2,1,0.05,decline,1.0,0.5,1.0,1.0,-0.9999999999999999,-1.0,35,40,test
clean,middle,P_int,1,2,1,0.05,decline,1.0,1.0,1.0,1.0,0.9999999999999999,1.0,35,40,test
clean,middle,P_int,2,2,1,0.05,decline,1.0,0.5,1.0,1.0,0.9999999999999999,1.0,35,40,test
clean,middle,activation_l16_norm,1,2,1,0.05,decline,0.0,0.0,0.0,0.0,-0.9999999999999999,-1.0,35,40,test
clean,middle,activation_l16_norm,2,2,1,0.05,decline,1.0,0.5,1.0,1.0,-0.9999999999999999,-1.0,35,40,test
clean,middle,activation_l24_norm,1,2,1,0.05,decline,0.0,0.0,0.0,0.0,-0.9999999999999999,-1.0,35,40,test
clean,middle,activation_l24_norm,2,2,1,0.05,decline,1.0,0.5,1.0,1.0,-0.9999999999999999,-1.0,35,40,test
clean,middle,activation_l32_norm,1,2,1,0.05,decline,0.0,0.0,0.0,0.0,-0.9999999999999999,-1.0,35,40,test
clean,middle,activation_l32_norm,2,2,1,0.05,decline,1.0,0.5,1.0,1.0,-0.9999999999999999,-1.0,35,40,test
clean,middle,activation_l8_norm,1,2,1,0.05,decline,0.0,0.0,0.0,0.0,-0.9999999999999999,-1.0,35,40,test
clean,middle,activation_l8_norm,2,2,1,0.05,decline,1.0,0.5,1.0,1.0,-0.9999999999999999,-1.0,35,40,test
clean,middle,delta_centered_norm,1,2,1,0.05,decline,0.0,0.0,0.0,0.0,-0.9999999999999999,-1.0,35,40,test
clean,middle,delta_centered_norm,2,2,1,0.05,decline,1.0,0.5,1.0,1.0,-0.9999999999999999,-1.0,35,40,test
clean,middle,delta_norm,1,2,1,0.05,decline,0.0,0.0,0.0,0.0,-0.9999999999999999,-1.0,35,40,test
clean,middle,delta_norm,2,2,1,0.05,decline,1.0,0.5,1.0,1.0,-0.9999999999999999,-1.0,35,40,test
clean,middle,forward_kl_original,1,2,1,0.05,decline,1.0,1.0,1.0,1.0,0.9999999999999999,1.0,35,40,test
clean,middle,forward_kl_original,2,2,1,0.05,decline,1.0,0.5,1.0,1.0,0.9999999999999999,1.0,35,40,test
clean,middle,js_original,1,2,1,0.05,decline,1.0,1.0,1.0,1.0,0.9999999999999999,1.0,35,40,test
clean,middle,js_original,2,2,1,0.05,decline,1.0,0.5,1.0,1.0,0.9999999999999999,1.0,35,40,test
clean,middle,old_margin,1,2,1,0.05,decline,1.0,1.0,1.0,1.0,0.9999999999999999,1.0,35,40,test
clean,middle,old_margin,2,2,1,0.05,decline,1.0,0.5,1.0,1.0,0.9999999999999999,1.0,35,40,test
clean,middle,u_control_norm,1,2,1,0.05,decline,0.0,0.0,0.0,0.0,-0.9999999999999999,-1.0,35,40,test
clean,middle,u_control_norm,2,2,1,0.05,decline,1.0,0.5,1.0,1.0,-0.9999999999999999,-1.0,35,40,test
clean,middle,u_original_norm,1,2,1,0.05,decline,0.0,0.0,0.0,0.0,-0.9999999999999999,-1.0,35,40,test
clean,middle,u_original_norm,2,2,1,0.05,decline,1.0,0.5,1.0,1.0,-0.9999999999999999,-1.0,35,40,test
clean,middle,random_expected,1,2,1,0.05,decline,0.5,0.5,0.5,0.5,,,35,40,test
clean,middle,random_expected,2,2,1,0.05,decline,1.0,0.5,1.0,1.0,,,35,40,test
clean,middle,D_contribution,1,2,2,0.0,any_change,1.0,1.0,0.5,0.6676737160120846,0.9999999999999999,1.0,35,40,test
clean,middle,D_contribution,2,2,2,0.0,any_change,2.0,1.0,1.0,1.0,0.9999999999999999,1.0,35,40,test
clean,middle,D_ungated_contribution,1,2,2,0.0,any_change,1.0,1.0,0.5,0.6676737160120846,0.9999999999999999,1.0,35,40,test
clean,middle,D_ungated_contribution,2,2,2,0.0,any_change,2.0,1.0,1.0,1.0,0.9999999999999999,1.0,35,40,test
clean,middle,P_int,1,2,2,0.0,any_change,1.0,1.0,0.5,0.3323262839879154,-0.9999999999999999,-1.0,35,40,test
clean,middle,P_int,2,2,2,0.0,any_change,2.0,1.0,1.0,1.0,-0.9999999999999999,-1.0,35,40,test
clean,middle,activation_l16_norm,1,2,2,0.0,any_change,1.0,1.0,0.5,0.6676737160120846,0.9999999999999999,1.0,35,40,test
clean,middle,activation_l16_norm,2,2,2,0.0,any_change,2.0,1.0,1.0,1.0,0.9999999999999999,1.0,35,40,test
clean,middle,activation_l24_norm,1,2,2,0.0,any_change,1.0,1.0,0.5,0.6676737160120846,0.9999999999999999,1.0,35,40,test
clean,middle,activation_l24_norm,2,2,2,0.0,any_change,2.0,1.0,1.0,1.0,0.9999999999999999,1.0,35,40,test
clean,middle,activation_l32_norm,1,2,2,0.0,any_change,1.0,1.0,0.5,0.6676737160120846,0.9999999999999999,1.0,35,40,test
clean,middle,activation_l32_norm,2,2,2,0.0,any_change,2.0,1.0,1.0,1.0,0.9999999999999999,1.0,35,40,test
clean,middle,activation_l8_norm,1,2,2,0.0,any_change,1.0,1.0,0.5,0.6676737160120846,0.9999999999999999,1.0,35,40,test
clean,middle,activation_l8_norm,2,2,2,0.0,any_change,2.0,1.0,1.0,1.0,0.9999999999999999,1.0,35,40,test
clean,middle,delta_centered_norm,1,2,2,0.0,any_change,1.0,1.0,0.5,0.6676737160120846,0.9999999999999999,1.0,35,40,test
clean,middle,delta_centered_norm,2,2,2,0.0,any_change,2.0,1.0,1.0,1.0,0.9999999999999999,1.0,35,40,test
clean,middle,delta_norm,1,2,2,0.0,any_change,1.0,1.0,0.5,0.6676737160120846,0.9999999999999999,1.0,35,40,test
clean,middle,delta_norm,2,2,2,0.0,any_change,2.0,1.0,1.0,1.0,0.9999999999999999,1.0,35,40,test
clean,middle,forward_kl_original,1,2,2,0.0,any_change,1.0,1.0,0.5,0.3323262839879154,-0.9999999999999999,-1.0,35,40,test
clean,middle,forward_kl_original,2,2,2,0.0,any_change,2.0,1.0,1.0,1.0,-0.9999999999999999,-1.0,35,40,test
clean,middle,js_original,1,2,2,0.0,any_change,1.0,1.0,0.5,0.3323262839879154,-0.9999999999999999,-1.0,35,40,test
clean,middle,js_original,2,2,2,0.0,any_change,2.0,1.0,1.0,1.0,-0.9999999999999999,-1.0,35,40,test
clean,middle,old_margin,1,2,2,0.0,any_change,1.0,1.0,0.5,0.3323262839879154,-0.9999999999999999,-1.0,35,40,test
clean,middle,old_margin,2,2,2,0.0,any_change,2.0,1.0,1.0,1.0,-0.9999999999999999,-1.0,35,40,test
clean,middle,u_control_norm,1,2,2,0.0,any_change,1.0,1.0,0.5,0.6676737160120846,0.9999999999999999,1.0,35,40,test
clean,middle,u_control_norm,2,2,2,0.0,any_change,2.0,1.0,1.0,1.0,0.9999999999999999,1.0,35,40,test
clean,middle,u_original_norm,1,2,2,0.0,any_change,1.0,1.0,0.5,0.6676737160120846,0.9999999999999999,1.0,35,40,test
clean,middle,u_original_norm,2,2,2,0.0,any_change,2.0,1.0,1.0,1.0,0.9999999999999999,1.0,35,40,test
clean,middle,random_expected,1,2,2,0.0,any_change,1.0,1.0,0.5,0.5,,,35,40,test
clean,middle,random_expected,2,2,2,0.0,any_change,2.0,1.0,1.0,1.0,,,35,40,test
clean,middle,D_contribution,1,2,2,0.05,any_change,1.0,1.0,0.5,0.6676737160120846,0.9999999999999999,1.0,35,40,test
clean,middle,D_contribution,2,2,2,0.05,any_change,2.0,1.0,1.0,1.0,0.9999999999999999,1.0,35,40,test
clean,middle,D_ungated_contribution,1,2,2,0.05,any_change,1.0,1.0,0.5,0.6676737160120846,0.9999999999999999,1.0,35,40,test
clean,middle,D_ungated_contribution,2,2,2,0.05,any_change,2.0,1.0,1.0,1.0,0.9999999999999999,1.0,35,40,test
clean,middle,P_int,1,2,2,0.05,any_change,1.0,1.0,0.5,0.3323262839879154,-0.9999999999999999,-1.0,35,40,test
clean,middle,P_int,2,2,2,0.05,any_change,2.0,1.0,1.0,1.0,-0.9999999999999999,-1.0,35,40,test
clean,middle,activation_l16_norm,1,2,2,0.05,any_change,1.0,1.0,0.5,0.6676737160120846,0.9999999999999999,1.0,35,40,test
clean,middle,activation_l16_norm,2,2,2,0.05,any_change,2.0,1.0,1.0,1.0,0.9999999999999999,1.0,35,40,test
clean,middle,activation_l24_norm,1,2,2,0.05,any_change,1.0,1.0,0.5,0.6676737160120846,0.9999999999999999,1.0,35,40,test
clean,middle,activation_l24_norm,2,2,2,0.05,any_change,2.0,1.0,1.0,1.0,0.9999999999999999,1.0,35,40,test
clean,middle,activation_l32_norm,1,2,2,0.05,any_change,1.0,1.0,0.5,0.6676737160120846,0.9999999999999999,1.0,35,40,test
clean,middle,activation_l32_norm,2,2,2,0.05,any_change,2.0,1.0,1.0,1.0,0.9999999999999999,1.0,35,40,test
clean,middle,activation_l8_norm,1,2,2,0.05,any_change,1.0,1.0,0.5,0.6676737160120846,0.9999999999999999,1.0,35,40,test
clean,middle,activation_l8_norm,2,2,2,0.05,any_change,2.0,1.0,1.0,1.0,0.9999999999999999,1.0,35,40,test
clean,middle,delta_centered_norm,1,2,2,0.05,any_change,1.0,1.0,0.5,0.6676737160120846,0.9999999999999999,1.0,35,40,test
clean,middle,delta_centered_norm,2,2,2,0.05,any_change,2.0,1.0,1.0,1.0,0.9999999999999999,1.0,35,40,test
clean,middle,delta_norm,1,2,2,0.05,any_change,1.0,1.0,0.5,0.6676737160120846,0.9999999999999999,1.0,35,40,test
clean,middle,delta_norm,2,2,2,0.05,any_change,2.0,1.0,1.0,1.0,0.9999999999999999,1.0,35,40,test
clean,middle,forward_kl_original,1,2,2,0.05,any_change,1.0,1.0,0.5,0.3323262839879154,-0.9999999999999999,-1.0,35,40,test
clean,middle,forward_kl_original,2,2,2,0.05,any_change,2.0,1.0,1.0,1.0,-0.9999999999999999,-1.0,35,40,test
clean,middle,js_original,1,2,2,0.05,any_change,1.0,1.0,0.5,0.3323262839879154,-0.9999999999999999,-1.0,35,40,test
clean,middle,js_original,2,2,2,0.05,any_change,2.0,1.0,1.0,1.0,-0.9999999999999999,-1.0,35,40,test
clean,middle,old_margin,1,2,2,0.05,any_change,1.0,1.0,0.5,0.3323262839879154,-0.9999999999999999,-1.0,35,40,test
clean,middle,old_margin,2,2,2,0.05,any_change,2.0,1.0,1.0,1.0,-0.9999999999999999,-1.0,35,40,test
clean,middle,u_control_norm,1,2,2,0.05,any_change,1.0,1.0,0.5,0.6676737160120846,0.9999999999999999,1.0,35,40,test
clean,middle,u_control_norm,2,2,2,0.05,any_change,2.0,1.0,1.0,1.0,0.9999999999999999,1.0,35,40,test
clean,middle,u_original_norm,1,2,2,0.05,any_change,1.0,1.0,0.5,0.6676737160120846,0.9999999999999999,1.0,35,40,test
clean,middle,u_original_norm,2,2,2,0.05,any_change,2.0,1.0,1.0,1.0,0.9999999999999999,1.0,35,40,test
clean,middle,random_expected,1,2,2,0.05,any_change,1.0,1.0,0.5,0.5,,,35,40,test
clean,middle,random_expected,2,2,2,0.05,any_change,2.0,1.0,1.0,1.0,,,35,40,test
