start_update,global_update,skill_id,context_id,phase,supported,C_upd,C_upd_centered,D_contribution,D_ungated_contribution,P_int,activation_l16_norm,activation_l24_norm,activation_l32_norm,activation_l8_norm,advantage,delta_centered_norm,delta_norm,direction_coverage,forward_kl_original,gate_coverage,js_original,nonzero_advantage_decisions,old_margin,training_games,u_control_norm,u_original_norm,control,anchor_count,game_count,delta_utility,ci_low,ci_high,direction,utility_old,utility_new,negative_point_label,window_horizon,window_role,continuation_repeats,paired_anchor_repeats,original_old,control_old,original_new,control_new,delta_original,delta_control,gold_evaluation_available
35,40,gen_002,clean,all,True,0.0005184888303117999,0.0011916554952508907,0.05602284115982891,0.1014764866138372,0.0592122571171307,1.2446106993633768,2.9085479663765947,17.42648931586224,0.2059641974127811,-0.3470866356251261,113.50518548116898,218.26643336120034,0.9002050580997949,0.3837417811940537,0.5420369104579631,0.08013124541268221,99.0,0.008620689655172414,8.0,903.9475658718906,923.9685216567713,placebo,50.0,29.0,-0.03017241379310345,-0.07758620689655173,0.0,uncertain,0.03017241379310345,0.0,False,5.0,test,4.0,200.0,0.6077586206896551,0.5775862068965517,0.7672413793103449,0.7672413793103449,0.15948275862068972,0.18965517241379315,True
35,40,gen_002,clean,initial,False,,,,,,,,,,,,,,,,,0.0,,0.0,,,,,,,,,,,,,,,,,,,,,,,False
35,40,gen_002,clean,early,False,0.00032855830214041583,0.0007399872740474195,0.031625395973602526,0.06901316799640471,0.03877882579409785,1.0034128546714782,2.4909750699996946,16.05633824666341,0.18719830960035325,0.06381377353935073,104.36833519066408,239.87019733063974,0.6494845360824743,0.11500420096559119,0.3799705449189985,0.024432715215311793,17.0,0.027777777777777776,7.0,851.6096093806492,911.2178491966171,placebo,26.0,18.0,0.0,0.0,0.0,stable,0.0,0.0,False,5.0,test,4.0,104.0,0.6527777777777778,0.6527777777777778,0.8333333333333334,0.8333333333333334,0.18055555555555558,0.18055555555555558,True
35,40,gen_002,clean,middle,True,0.0005441835014881846,0.0012186516458573286,0.059332801072267016,0.12301149701265915,0.026067591022549595,1.3366535095607532,3.1284775313209083,18.41234863505644,0.21145913004875183,-0.5555919572033665,117.37942386867299,222.14669276632546,0.9386363636363636,0.424764516897331,0.5693181818181818,0.08858394566038884,31.0,0.0,6.0,873.4485769860864,896.7910183769051,placebo,23.0,17.0,-0.07352941176470588,-0.16176470588235295,0.0,uncertain,0.07352941176470588,0.0,True,5.0,test,4.0,92.0,0.5441176470588235,0.47058823529411764,0.8235294117647058,0.8235294117647058,0.27941176470588236,0.3529411764705882,True
35,40,gen_002,clean,late,True,0.0005962880387925252,0.0013986241197304018,0.06601047873005728,0.10373821608733637,0.09069843563327602,1.3251299110113406,3.007559371929543,17.57522098690856,0.21333966652552286,-0.4169598578883508,115.54950996269734,205.037769124361,1.0,0.4908177208840624,0.6049743964886612,0.10235577049390583,51.0,0.0,4.0,949.5778384959286,947.797277682175,placebo,1.0,1.0,0.0,0.0,0.0,stable,0.0,0.0,False,5.0,test,4.0,4.0,0.0,0.0,0.0,0.0,0.0,0.0,True
35,40,cle_003,clean,all,True,0.0004638772034671488,0.0011154628665870456,0.08794305910941833,0.22418235285572674,0.09169880190711066,1.999693169843319,5.174510868482812,34.545085840447,0.2585873012972433,-0.21518617250689,223.89898566198832,562.0726725393041,0.7269761606022584,0.25966622186945115,0.45846925972396485,0.055041485296584536,108.0,0.5161290322580645,8.0,902.5871775788333,996.8289817829833,placebo,50.0,31.0,0.15725806451612903,0.024193548387096774,0.2903225806451613,uncertain,0.4637096774193548,0.6209677419354839,False,5.0,test,4.0,200.0,0.532258064516129,0.06854838709677419,0.6774193548387096,0.056451612903225805,0.14516129032258063,-0.012096774193548383,True
35,40,cle_003,clean,initial,False,,,,,,,,,,,,,,,,,0.0,,0.0,,,,,,,,,,,,,,,,,,,,,,,False
35,40,cle_003,clean,early,False,0.0001758767414858017,0.0005559654067243813,0.02039555936210956,0.16039593243923672,0.11016297799946384,1.9468876530484456,5.411475925910763,36.740724424036536,0.261209571143476,0.20709756177238675,232.51222602963327,914.9440132466115,0.3129548762736536,0.042002167337740794,0.18777292576419213,0.006297846291606463,13.0,0.4444444444444444,8.0,845.8292872269094,1101.438867837946,placebo,20.0,18.0,0.20833333333333334,0.05555555555555555,0.3888888888888889,positive,0.3472222222222222,0.5555555555555556,False,5.0,test,4.0,80.0,0.4722222222222222,0.125,0.5694444444444444,0.013888888888888888,0.09722222222222221,-0.1111111111111111,True
35,40,cle_003,clean,middle,True,0.0003738429002997462,0.0008479104173507183,0.0842498469786482,0.22168636984091072,0.06049117146705699,1.9849915233525364,4.944117624651302,32.955657568844885,0.24987985684790395,-0.23578919474798513,218.8055461193789,532.0277619360905,0.6907630522088354,0.25438792706785324,0.42168674698795183,0.05435425168619278,52.0,0.4318181818181818,8.0,917.7866702136365,1000.4950398158765,placebo,30.0,22.0,0.14772727272727273,-0.028409090909090908,0.3181818181818182,uncertain,0.4431818181818182,0.5909090909090909,False,5.0,test,4.0,120.0,0.4431818181818182,0.0,0.6590909090909091,0.06818181818181818,0.21590909090909088,0.06818181818181818,True
35,40,cle_003,clean,late,True,0.0007527015903665755,0.0018178665678155416,0.1291084579539016,0.2615432020070607,0.1295860230871568,2.080129706582358,5.420069894125295,35.70435342123342,0.27390688380529715,-0.4058965133534456,227.13699135594388,422.2769993813266,1.0,0.3822156619215706,0.6569678407350689,0.08173049704874404,43.0,,4.0,909.2604404756506,936.2089363608677,,,,,,,,,,,,,,,,,,,,,False
35,40,cle_004,clean,all,True,0.0003349971985284356,0.0004644644282255118,0.0769061649623664,0.16498401888007003,-0.01238866385478121,1.4645907503717086,3.484606047938852,21.12407314637128,0.24845079464070938,-0.26982159632120023,153.0360245546718,248.07206544948122,0.8889166250624064,0.42817804017822825,0.49500748876684975,0.08930548987979414,138.0,0.04838709677419355,8.0,921.2578036674398,936.2750570022972,placebo,50.0,31.0,-0.06451612903225806,-0.14919354838709678,0.012096774193548387,uncertain,0.06451612903225806,0.0,True,5.0,test,4.0,200.0,0.3387096774193548,0.27419354838709675,0.7096774193548387,0.7096774193548387,0.37096774193548393,0.435483870967742,True
35,40,cle_004,clean,initial,False,,,,,,,,,,,,,,,,,0.0,,0.0,,,,,,,,,,,,,,,,,,,,,,,False
35,40,cle_004,clean,early,True,0.0001433862192664499,0.00030347829475315107,0.04794294628523809,0.08635452657773932,0.0011788553659461097,1.0811434930988721,2.4039536054645265,14.547805496624537,0.22482391792748654,0.11889286985937154,94.11064844836274,189.5534846745965,0.6159029649595688,0.12558670210208445,0.33153638814016173,0.019332366129558215,33.0,0.04838709677419355,8.0,606.0884390094835,622.5958123898697,placebo,50.0,31.0,-0.06451612903225806,-0.14516129032258066,0.012096774193548387,uncertain,0.06451612903225806,0.0,True,5.0,test,4.0,200.0,0.3387096774193548,0.27419354838709675,0.7096774193548387,0.7096774193548387,0.37096774193548393,0.435483870967742,True
35,40,cle_004,clean,middle,True,0.00022816417930176258,8.994711494354162e-05,0.07219094214459962,0.17975910058634212,-0.038978407550349835,1.5903440782657037,3.806890240082374,22.95346967990582,0.2547631229345615,0.20772700623674578,152.3580107067253,278.4122951531265,0.8645215918712955,0.42718063319342436,0.4572396274343776,0.09062022040800835,43.0,,6.0,952.5025274228146,980.9625794254896,,,,,,,,,,,,,,,,,,,,,False
35,40,cle_004,clean,late,True,0.00046382347904648394,0.0007341507738916175,0.08989674893078298,0.1846161416804646,-0.0021460387742786293,1.7054596754812426,4.190376350956578,25.529595221242598,0.26449698858684106,-0.6790443680575989,174.41065894032047,251.71535669046028,1.0,0.536531717807394,0.5746519443110898,0.11348569202518738,62.0,,4.0,1015.8116441960551,1022.676418270003,,,,,,,,,,,,,,,,,,,,,False
35,40,cle_006,clean,all,False,0.00011722301872007173,0.0005602690150330529,0.02157869507141264,0.04566134629307384,0.040336632438796434,0.8868930358439684,1.9980381578207016,11.95835193991661,0.2223528386093676,0.22611327645106194,76.7730807894595,193.68712517407047,0.4846153846153846,0.01642822343741251,0.2794871794871795,0.003299138868075357,16.0,0.0,8.0,617.4013627806023,688.8345400370615,placebo,50.0,31.0,-0.016129032258064516,-0.056451612903225805,0.020161290322580645,uncertain,0.016129032258064516,0.0,False,5.0,test,4.0,200.0,0.4596774193548387,0.4435483870967742,0.7338709677419355,0.7338709677419355,0.2741935483870968,0.2903225806451613,True
35,40,cle_006,clean,initial,False,0.00011722301872007173,0.0005602690150330529,0.02157869507141264,0.04566134629307384,0.040336632438796434,0.8868930358439684,1.9980381578207016,11.95835193991661,0.2223528386093676,0.22611327645106194,76.7730807894595,193.68712517407047,0.4846153846153846,0.01642822343741251,0.2794871794871795,0.003299138868075357,16.0,0.0,8.0,617.4013627806023,688.8345400370615,placebo,50.0,31.0,-0.016129032258064516,-0.056451612903225805,0.020161290322580645,uncertain,0.016129032258064516,0.0,False,5.0,test,4.0,200.0,0.4596774193548387,0.4435483870967742,0.7338709677419355,0.7338709677419355,0.2741935483870968,0.2903225806451613,True
35,40,cle_006,clean,early,False,,,,,,,,,,,,,,,,,0.0,,0.0,,,,,,,,,,,,,,,,,,,,,,,False
35,40,cle_006,clean,middle,False,,,,,,,,,,,,,,,,,0.0,,0.0,,,,,,,,,,,,,,,,,,,,,,,False
35,40,cle_006,clean,late,False,,,,,,,,,,,,,,,,,0.0,,0.0,,,,,,,,,,,,,,,,,,,,,,,False
