scope,score,basis,orientation,n_candidates,n_declines,n_increases,mean_decline_rank,ap_any_decline,spearman_risk_decline,kendall_risk_decline,auroc_down_vs_up,ap_decline_gt_5pp
old_30_to_31,C_upd,u_original,1,4,0,1,,,-0.2581988897471611,-0.2357022603955159,,
old_30_to_31,u_original_norm,u_original,1,4,0,1,,,0.7745966692414834,0.7071067811865477,,
old_30_to_31,P_int,delta_int,-1,4,0,1,,,0.7745966692414834,0.7071067811865477,,
old_30_to_31,D_contribution,delta_int,1,4,0,1,,,-0.7745966692414834,-0.7071067811865477,,
old_30_to_31,D_ungated_contribution,delta_int,1,4,0,1,,,-0.7745966692414834,-0.7071067811865477,,
old_30_to_31,delta_norm,delta_int,1,4,0,1,,,-0.7745966692414834,-0.7071067811865477,,
old_30_to_31,delta_centered_norm,delta_int,1,4,0,1,,,-0.7745966692414834,-0.7071067811865477,,
old_31_to_32,C_upd,u_original,1,4,1,1,3.0,0.3333333333333333,-0.316227766016838,-0.18257418583505539,0.0,
old_31_to_32,u_original_norm,u_original,1,4,1,1,3.0,0.3333333333333333,-0.316227766016838,-0.18257418583505539,0.0,
old_31_to_32,P_int,delta_int,-1,4,1,1,2.0,0.5,0.632455532033676,0.5477225575051662,1.0,
old_31_to_32,D_contribution,delta_int,1,4,1,1,3.0,0.3333333333333333,-0.632455532033676,-0.5477225575051662,0.0,
old_31_to_32,D_ungated_contribution,delta_int,1,4,1,1,1.0,1.0,0.316227766016838,0.18257418583505539,1.0,
old_31_to_32,delta_norm,delta_int,1,4,1,1,2.0,0.5,-0.316227766016838,-0.18257418583505539,0.0,
old_31_to_32,delta_centered_norm,delta_int,1,4,1,1,2.0,0.5,-0.316227766016838,-0.18257418583505539,0.0,
old_32_to_33,C_upd,u_original,1,4,1,0,3.0,0.3333333333333333,-0.2581988897471611,-0.2357022603955159,,
old_32_to_33,u_original_norm,u_original,1,4,1,0,4.0,0.25,-0.7745966692414834,-0.7071067811865477,,
old_32_to_33,P_int,delta_int,-1,4,1,0,2.0,0.5,0.2581988897471611,0.2357022603955159,,
old_32_to_33,D_contribution,delta_int,1,4,1,0,1.0,1.0,0.7745966692414834,0.7071067811865477,,
old_32_to_33,D_ungated_contribution,delta_int,1,4,1,0,1.0,1.0,0.7745966692414834,0.7071067811865477,,
old_32_to_33,delta_norm,delta_int,1,4,1,0,1.0,1.0,0.7745966692414834,0.7071067811865477,,
old_32_to_33,delta_centered_norm,delta_int,1,4,1,0,1.0,1.0,0.7745966692414834,0.7071067811865477,,
old_33_to_34,C_upd,u_original,1,3,0,2,,,-0.5,-0.33333333333333337,,
old_33_to_34,u_original_norm,u_original,1,3,0,2,,,0.5,0.33333333333333337,,
old_33_to_34,P_int,delta_int,-1,3,0,2,,,0.5,0.33333333333333337,,
old_33_to_34,D_contribution,delta_int,1,3,0,2,,,-0.5,-0.33333333333333337,,
old_33_to_34,D_ungated_contribution,delta_int,1,3,0,2,,,-0.5,-0.33333333333333337,,
old_33_to_34,delta_norm,delta_int,1,3,0,2,,,-0.5,-0.33333333333333337,,
old_33_to_34,delta_centered_norm,delta_int,1,3,0,2,,,-0.5,-0.33333333333333337,,
old_34_to_35,C_upd,u_original,1,4,2,0,1.5,1.0,0.9486832980505139,0.9128709291752769,,1.0
old_34_to_35,u_original_norm,u_original,1,4,2,0,1.5,1.0,0.7378647873726218,0.5477225575051662,,0.5
old_34_to_35,P_int,delta_int,-1,4,2,0,3.5,0.41666666666666663,-0.7378647873726218,-0.5477225575051662,,0.3333333333333333
old_34_to_35,D_contribution,delta_int,1,4,2,0,1.5,1.0,0.7378647873726218,0.5477225575051662,,0.5
old_34_to_35,D_ungated_contribution,delta_int,1,4,2,0,1.5,1.0,0.7378647873726218,0.5477225575051662,,0.5
old_34_to_35,delta_norm,delta_int,1,4,2,0,1.5,1.0,0.7378647873726218,0.5477225575051662,,0.5
old_34_to_35,delta_centered_norm,delta_int,1,4,2,0,1.5,1.0,0.7378647873726218,0.5477225575051662,,0.5
new_35_to_40,C_upd,u_original,1,3,2,1,2.0,0.8333333333333333,-0.5,-0.33333333333333337,0.5,0.3333333333333333
new_35_to_40,u_original_norm,u_original,1,3,2,1,2.5,0.5833333333333333,-0.5,-0.33333333333333337,0.0,0.5
new_35_to_40,P_int,delta_int,-1,3,2,1,1.5,1.0,1.0,1.0,1.0,1.0
new_35_to_40,D_contribution,delta_int,1,3,2,1,2.5,0.5833333333333333,-0.5,-0.33333333333333337,0.0,0.5
new_35_to_40,D_ungated_contribution,delta_int,1,3,2,1,2.5,0.5833333333333333,-0.5,-0.33333333333333337,0.0,0.5
new_35_to_40,delta_norm,delta_int,1,3,2,1,2.5,0.5833333333333333,-0.5,-0.33333333333333337,0.0,0.5
new_35_to_40,delta_centered_norm,delta_int,1,3,2,1,2.5,0.5833333333333333,-0.5,-0.33333333333333337,0.0,0.5
