control,phase,threshold,score,metric,point,low,high,mean,valid_draws,complete_pool_draws,missing_any_skill_draws,scope
placebo,all,0.0,D_real::token::reward,average_precision,0.22800767859591392,0.10512820512820513,0.5327340483590484,0.3067348873816487,1671,1674,326,"fixed-readout conditional gold-label uncertainty, not training-seed uncertainty"
placebo,all,0.0,D_real::token::reward,auroc_decline_vs_rest,0.27692307692307694,0.125,0.7142857142857143,0.4096011325421476,1671,1674,326,"fixed-readout conditional gold-label uncertainty, not training-seed uncertainty"
placebo,all,0.0,D_real::token::reward,auroc_decline_vs_increase,0.4857142857142857,0.125,0.8270833333333333,0.48556223872084775,1671,1674,326,"fixed-readout conditional gold-label uncertainty, not training-seed uncertainty"
placebo,all,0.0,D_real::token::reward,spearman,0.13139374356083064,-0.35079170518539127,0.4973778768751683,0.09868635341948313,1674,1674,326,"fixed-readout conditional gold-label uncertainty, not training-seed uncertainty"
placebo,all,0.0,D_real::token::reward,sign_accuracy_called,0.5833333333333334,0.38461538461538464,0.8333333333333334,0.6053357435077865,1674,1674,326,"fixed-readout conditional gold-label uncertainty, not training-seed uncertainty"
placebo,all,0.0,D_real::token::reward,sign_coverage,1.0,1.0,1.0,1.0,1674,1674,326,"fixed-readout conditional gold-label uncertainty, not training-seed uncertainty"
placebo,all,0.0,D_real::token::reward,sign_accuracy_abstention_wrong,0.5833333333333334,0.38461538461538464,0.8333333333333334,0.6053357435077865,1674,1674,326,"fixed-readout conditional gold-label uncertainty, not training-seed uncertainty"
placebo,all,0.0,D_real_A1::token::reward_free,average_precision,0.3355555555555555,0.13417658730158732,0.5247619047619048,0.32205820292882487,1671,1674,326,"fixed-readout conditional gold-label uncertainty, not training-seed uncertainty"
placebo,all,0.0,D_real_A1::token::reward_free,auroc_decline_vs_rest,0.47692307692307695,0.18461538461538463,0.7777777777777778,0.4841972362436802,1671,1674,326,"fixed-readout conditional gold-label uncertainty, not training-seed uncertainty"
placebo,all,0.0,D_real_A1::token::reward_free,auroc_decline_vs_increase,0.42857142857142855,0.11011904761904762,0.7644444444444445,0.4250223645999272,1671,1674,326,"fixed-readout conditional gold-label uncertainty, not training-seed uncertainty"
placebo,all,0.0,D_real_A1::token::reward_free,spearman,-0.228099538821602,-0.4507683808393614,0.16284137531721493,-0.16834861213315677,1674,1674,326,"fixed-readout conditional gold-label uncertainty, not training-seed uncertainty"
placebo,all,0.0,D_real_absA::token::reward_sign_removed,average_precision,0.45042735042735044,0.1346153846153846,0.6983759704347939,0.39536694671123535,1671,1674,326,"fixed-readout conditional gold-label uncertainty, not training-seed uncertainty"
placebo,all,0.0,D_real_absA::token::reward_sign_removed,auroc_decline_vs_rest,0.5846153846153846,0.22027191558441558,0.8444444444444444,0.5279251088275565,1671,1674,326,"fixed-readout conditional gold-label uncertainty, not training-seed uncertainty"
placebo,all,0.0,D_real_absA::token::reward_sign_removed,auroc_decline_vs_increase,0.4857142857142857,0.0880952380952381,0.7786458333333334,0.41815811601964037,1671,1674,326,"fixed-readout conditional gold-label uncertainty, not training-seed uncertainty"
placebo,all,0.0,D_real_absA::token::reward_sign_removed,spearman,-0.22915068877008865,-0.5808152845311242,0.16888328900883123,-0.20764259563106566,1674,1674,326,"fixed-readout conditional gold-label uncertainty, not training-seed uncertainty"
placebo,all,0.0,D_real_projection_only::token::geometry_only,average_precision,0.207156862745098,0.10416666666666666,0.5878038715486193,0.32047559459897146,1671,1674,326,"fixed-readout conditional gold-label uncertainty, not training-seed uncertainty"
placebo,all,0.0,D_real_projection_only::token::geometry_only,auroc_decline_vs_rest,0.18461538461538463,0.09722222222222222,0.6964285714285714,0.390970657950261,1671,1674,326,"fixed-readout conditional gold-label uncertainty, not training-seed uncertainty"
placebo,all,0.0,D_real_projection_only::token::geometry_only,auroc_decline_vs_increase,0.2571428571428571,0.07142857142857142,0.6588541666666666,0.35185009685298224,1671,1674,326,"fixed-readout conditional gold-label uncertainty, not training-seed uncertainty"
placebo,all,0.0,D_real_projection_only::token::geometry_only,spearman,-0.26383863707014793,-0.5826296508981346,0.2114889550987048,-0.17459021791576307,1674,1674,326,"fixed-readout conditional gold-label uncertainty, not training-seed uncertainty"
placebo,all,0.0,D_real::decision::reward,average_precision,0.23181720240543774,0.10512820512820513,0.5312677518559871,0.30955388624178937,1671,1674,326,"fixed-readout conditional gold-label uncertainty, not training-seed uncertainty"
placebo,all,0.0,D_real::decision::reward,auroc_decline_vs_rest,0.2923076923076923,0.125,0.7142857142857143,0.42168990239228216,1671,1674,326,"fixed-readout conditional gold-label uncertainty, not training-seed uncertainty"
placebo,all,0.0,D_real::decision::reward,auroc_decline_vs_increase,0.5142857142857142,0.14285714285714285,0.8333333333333334,0.4937936837479455,1671,1674,326,"fixed-readout conditional gold-label uncertainty, not training-seed uncertainty"
placebo,all,0.0,D_real::decision::reward,spearman,0.14610984283964368,-0.34927623621985016,0.5051102995900552,0.10060641012853422,1674,1674,326,"fixed-readout conditional gold-label uncertainty, not training-seed uncertainty"
placebo,all,0.0,D_real::decision::reward,sign_accuracy_called,0.5833333333333334,0.38461538461538464,0.8333333333333334,0.6053357435077865,1674,1674,326,"fixed-readout conditional gold-label uncertainty, not training-seed uncertainty"
placebo,all,0.0,D_real::decision::reward,sign_coverage,1.0,1.0,1.0,1.0,1674,1674,326,"fixed-readout conditional gold-label uncertainty, not training-seed uncertainty"
placebo,all,0.0,D_real::decision::reward,sign_accuracy_abstention_wrong,0.5833333333333334,0.38461538461538464,0.8333333333333334,0.6053357435077865,1674,1674,326,"fixed-readout conditional gold-label uncertainty, not training-seed uncertainty"
placebo,all,0.0,D_real_A1::decision::reward_free,average_precision,0.32497737556561085,0.10989010989010989,0.5393786054631643,0.31695759112766864,1671,1674,326,"fixed-readout conditional gold-label uncertainty, not training-seed uncertainty"
placebo,all,0.0,D_real_A1::decision::reward_free,auroc_decline_vs_rest,0.4307692307692308,0.17647058823529413,0.75,0.4509237435485073,1671,1674,326,"fixed-readout conditional gold-label uncertainty, not training-seed uncertainty"
placebo,all,0.0,D_real_A1::decision::reward_free,auroc_decline_vs_increase,0.4,0.0734126984126984,0.75,0.3844008168038902,1671,1674,326,"fixed-readout conditional gold-label uncertainty, not training-seed uncertainty"
placebo,all,0.0,D_real_A1::decision::reward_free,spearman,-0.23335528856403523,-0.5058908048386118,0.15758463030062667,-0.18453276565592522,1674,1674,326,"fixed-readout conditional gold-label uncertainty, not training-seed uncertainty"
placebo,all,0.0,D_real_absA::decision::reward_sign_removed,average_precision,0.517094017094017,0.13752199597787831,0.718862561050061,0.42211959519053094,1671,1674,326,"fixed-readout conditional gold-label uncertainty, not training-seed uncertainty"
placebo,all,0.0,D_real_absA::decision::reward_sign_removed,auroc_decline_vs_rest,0.5846153846153846,0.22135416666666666,0.8404017857142857,0.5336891983501241,1671,1674,326,"fixed-readout conditional gold-label uncertainty, not training-seed uncertainty"
placebo,all,0.0,D_real_absA::decision::reward_sign_removed,auroc_decline_vs_increase,0.4857142857142857,0.10153061224489796,0.773015873015873,0.42322637582511907,1671,1674,326,"fixed-readout conditional gold-label uncertainty, not training-seed uncertainty"
placebo,all,0.0,D_real_absA::decision::reward_sign_removed,spearman,-0.21128113964581569,-0.5687689969848191,0.1955227890090848,-0.189718373321931,1674,1674,326,"fixed-readout conditional gold-label uncertainty, not training-seed uncertainty"
placebo,all,0.0,D_real_projection_only::decision::geometry_only,average_precision,0.24326797385620919,0.11437908496732026,0.6367296918767507,0.35444159107177164,1671,1674,326,"fixed-readout conditional gold-label uncertainty, not training-seed uncertainty"
placebo,all,0.0,D_real_projection_only::decision::geometry_only,auroc_decline_vs_rest,0.2923076923076923,0.13509615384615387,0.78125,0.45977349534608014,1671,1674,326,"fixed-readout conditional gold-label uncertainty, not training-seed uncertainty"
placebo,all,0.0,D_real_projection_only::decision::geometry_only,auroc_decline_vs_increase,0.34285714285714286,0.1,0.7048611111111112,0.40417048473708306,1671,1674,326,"fixed-readout conditional gold-label uncertainty, not training-seed uncertainty"
placebo,all,0.0,D_real_projection_only::decision::geometry_only,spearman,-0.1881558407791095,-0.5589591854755621,0.22448556014667495,-0.14321167150817707,1674,1674,326,"fixed-readout conditional gold-label uncertainty, not training-seed uncertainty"
placebo,all,0.0,D_real::game::reward,average_precision,0.3253619909502263,0.1213235294117647,0.4998067496229261,0.3065701604440343,1671,1674,326,"fixed-readout conditional gold-label uncertainty, not training-seed uncertainty"
placebo,all,0.0,D_real::game::reward,auroc_decline_vs_rest,0.5076923076923077,0.15512820512820513,0.7555555555555555,0.44577413615862177,1671,1674,326,"fixed-readout conditional gold-label uncertainty, not training-seed uncertainty"
placebo,all,0.0,D_real::game::reward,auroc_decline_vs_increase,0.6285714285714286,0.17767857142857144,0.8636363636363636,0.523843189655898,1671,1674,326,"fixed-readout conditional gold-label uncertainty, not training-seed uncertainty"
placebo,all,0.0,D_real::game::reward,spearman,0.1744908914487831,-0.2927232826756858,0.4641007428481849,0.09893598006325167,1674,1674,326,"fixed-readout conditional gold-label uncertainty, not training-seed uncertainty"
placebo,all,0.0,D_real::game::reward,sign_accuracy_called,0.5,0.3076923076923077,0.8181818181818182,0.5535755048747881,1674,1674,326,"fixed-readout conditional gold-label uncertainty, not training-seed uncertainty"
placebo,all,0.0,D_real::game::reward,sign_coverage,1.0,1.0,1.0,1.0,1674,1674,326,"fixed-readout conditional gold-label uncertainty, not training-seed uncertainty"
placebo,all,0.0,D_real::game::reward,sign_accuracy_abstention_wrong,0.5,0.3076923076923077,0.8181818181818182,0.5535755048747881,1674,1674,326,"fixed-readout conditional gold-label uncertainty, not training-seed uncertainty"
placebo,all,0.0,D_real_A1::game::reward_free,average_precision,0.2654901960784314,0.11805555555555555,0.4956228845704949,0.2950282325719048,1671,1674,326,"fixed-readout conditional gold-label uncertainty, not training-seed uncertainty"
placebo,all,0.0,D_real_A1::game::reward_free,auroc_decline_vs_rest,0.38461538461538464,0.19910714285714287,0.71875,0.4453480573511141,1671,1674,326,"fixed-readout conditional gold-label uncertainty, not training-seed uncertainty"
placebo,all,0.0,D_real_A1::game::reward_free,auroc_decline_vs_increase,0.3142857142857143,0.05416666666666667,0.6666666666666666,0.3334459692061,1671,1674,326,"fixed-readout conditional gold-label uncertainty, not training-seed uncertainty"
placebo,all,0.0,D_real_A1::game::reward_free,spearman,-0.39418123068249195,-0.5575834028932922,0.034460881310696974,-0.2740022197056768,1674,1674,326,"fixed-readout conditional gold-label uncertainty, not training-seed uncertainty"
placebo,all,0.0,D_real_absA::game::reward_sign_removed,average_precision,0.3194749694749695,0.12692307692307692,0.573494313226456,0.310015263014902,1671,1674,326,"fixed-readout conditional gold-label uncertainty, not training-seed uncertainty"
placebo,all,0.0,D_real_absA::game::reward_sign_removed,auroc_decline_vs_rest,0.49230769230769234,0.1761029411764706,0.7364583333333334,0.44267495087502773,1671,1674,326,"fixed-readout conditional gold-label uncertainty, not training-seed uncertainty"
placebo,all,0.0,D_real_absA::game::reward_sign_removed,auroc_decline_vs_increase,0.3142857142857143,0.07142857142857142,0.6,0.31548546792626475,1671,1674,326,"fixed-readout conditional gold-label uncertainty, not training-seed uncertainty"
placebo,all,0.0,D_real_absA::game::reward_sign_removed,spearman,-0.39838583047643855,-0.6589633360100947,0.06915327437649962,-0.3144173816078333,1674,1674,326,"fixed-readout conditional gold-label uncertainty, not training-seed uncertainty"
placebo,all,0.0,D_real_projection_only::game::geometry_only,average_precision,0.2550793650793651,0.11783671802054153,0.5593253968253968,0.32369410466725357,1671,1674,326,"fixed-readout conditional gold-label uncertainty, not training-seed uncertainty"
placebo,all,0.0,D_real_projection_only::game::geometry_only,auroc_decline_vs_rest,0.3230769230769231,0.13333333333333333,0.78125,0.4579342312447269,1671,1674,326,"fixed-readout conditional gold-label uncertainty, not training-seed uncertainty"
placebo,all,0.0,D_real_projection_only::game::geometry_only,auroc_decline_vs_increase,0.34285714285714286,0.08173076923076923,0.6979166666666666,0.3793629389926518,1671,1674,326,"fixed-readout conditional gold-label uncertainty, not training-seed uncertainty"
placebo,all,0.0,D_real_projection_only::game::geometry_only,spearman,-0.22915068877008865,-0.5762662286488981,0.17218846368209087,-0.18531485343443913,1674,1674,326,"fixed-readout conditional gold-label uncertainty, not training-seed uncertainty"
placebo,all,0.05,D_real::token::reward,average_precision,0.15,0.06666666666666667,0.5076748251748247,0.27600180583472655,1640,1674,326,"fixed-readout conditional gold-label uncertainty, not training-seed uncertainty"
placebo,all,0.05,D_real::token::reward,auroc_decline_vs_rest,0.4375,0.09375,0.8823529411764706,0.4719040418024905,1640,1674,326,"fixed-readout conditional gold-label uncertainty, not training-seed uncertainty"
placebo,all,0.05,D_real::token::reward,auroc_decline_vs_increase,0.6666666666666666,0.0625,1.0,0.5289384091034788,1640,1674,326,"fixed-readout conditional gold-label uncertainty, not training-seed uncertainty"
placebo,all,0.05,D_real::token::reward,spearman,0.13139374356083064,-0.35079170518539127,0.4973778768751683,0.09868635341948313,1674,1674,326,"fixed-readout conditional gold-label uncertainty, not training-seed uncertainty"
placebo,all,0.05,D_real::token::reward,sign_accuracy_called,0.75,0.375,0.8888888888888888,0.6320969419535727,1674,1674,326,"fixed-readout conditional gold-label uncertainty, not training-seed uncertainty"
placebo,all,0.05,D_real::token::reward,sign_coverage,1.0,1.0,1.0,1.0,1674,1674,326,"fixed-readout conditional gold-label uncertainty, not training-seed uncertainty"
placebo,all,0.05,D_real::token::reward,sign_accuracy_abstention_wrong,0.75,0.375,0.8888888888888888,0.6320969419535727,1674,1674,326,"fixed-readout conditional gold-label uncertainty, not training-seed uncertainty"
placebo,all,0.05,D_real_A1::token::reward_free,average_precision,0.08680555555555555,0.0625,0.4496686507936507,0.23287557153454366,1640,1674,326,"fixed-readout conditional gold-label uncertainty, not training-seed uncertainty"
placebo,all,0.05,D_real_A1::token::reward_free,auroc_decline_vs_rest,0.03125,0.06227678571428573,0.78125,0.41796195293527616,1640,1674,326,"fixed-readout conditional gold-label uncertainty, not training-seed uncertainty"
placebo,all,0.05,D_real_A1::token::reward_free,auroc_decline_vs_increase,0.0,0.0,0.8,0.3679769414633309,1640,1674,326,"fixed-readout conditional gold-label uncertainty, not training-seed uncertainty"
placebo,all,0.05,D_real_A1::token::reward_free,spearman,-0.228099538821602,-0.4507683808393614,0.16284137531721493,-0.16834861213315677,1674,1674,326,"fixed-readout conditional gold-label uncertainty, not training-seed uncertainty"
placebo,all,0.05,D_real_absA::token::reward_sign_removed,average_precision,0.09401709401709402,0.06666666666666667,0.5834172771672768,0.28328195115032195,1640,1674,326,"fixed-readout conditional gold-label uncertainty, not training-seed uncertainty"
placebo,all,0.05,D_real_absA::token::reward_sign_removed,auroc_decline_vs_rest,0.125,0.058823529411764705,0.8823529411764706,0.43809055590014157,1640,1674,326,"fixed-readout conditional gold-label uncertainty, not training-seed uncertainty"
placebo,all,0.05,D_real_absA::token::reward_sign_removed,auroc_decline_vs_increase,0.08333333333333333,0.0,0.8333333333333334,0.35513433975770653,1640,1674,326,"fixed-readout conditional gold-label uncertainty, not training-seed uncertainty"
placebo,all,0.05,D_real_absA::token::reward_sign_removed,spearman,-0.22915068877008865,-0.5808152845311242,0.16888328900883123,-0.20764259563106566,1674,1674,326,"fixed-readout conditional gold-label uncertainty, not training-seed uncertainty"
placebo,all,0.05,D_real_projection_only::token::geometry_only,average_precision,0.09215686274509804,0.0625,0.6087246347402591,0.2846814708077358,1640,1674,326,"fixed-readout conditional gold-label uncertainty, not training-seed uncertainty"
placebo,all,0.05,D_real_projection_only::token::geometry_only,auroc_decline_vs_rest,0.09375,0.058823529411764705,0.8235294117647058,0.39272742847281045,1640,1674,326,"fixed-readout conditional gold-label uncertainty, not training-seed uncertainty"
placebo,all,0.05,D_real_projection_only::token::geometry_only,auroc_decline_vs_increase,0.16666666666666666,0.0,0.75,0.3517368852998208,1640,1674,326,"fixed-readout conditional gold-label uncertainty, not training-seed uncertainty"
placebo,all,0.05,D_real_projection_only::token::geometry_only,spearman,-0.26383863707014793,-0.5826296508981346,0.2114889550987048,-0.17459021791576307,1674,1674,326,"fixed-readout conditional gold-label uncertainty, not training-seed uncertainty"
placebo,all,0.05,D_real::decision::reward,average_precision,0.14215686274509803,0.07142857142857142,0.5091833778966124,0.27662110333875006,1640,1674,326,"fixed-readout conditional gold-label uncertainty, not training-seed uncertainty"
placebo,all,0.05,D_real::decision::reward,auroc_decline_vs_rest,0.375,0.058823529411764705,0.8823529411764706,0.47355568704967915,1640,1674,326,"fixed-readout conditional gold-label uncertainty, not training-seed uncertainty"
placebo,all,0.05,D_real::decision::reward,auroc_decline_vs_increase,0.5833333333333334,0.0,1.0,0.5305265507656624,1640,1674,326,"fixed-readout conditional gold-label uncertainty, not training-seed uncertainty"
placebo,all,0.05,D_real::decision::reward,spearman,0.14610984283964368,-0.34927623621985016,0.5051102995900552,0.10060641012853422,1674,1674,326,"fixed-readout conditional gold-label uncertainty, not training-seed uncertainty"
placebo,all,0.05,D_real::decision::reward,sign_accuracy_called,0.75,0.375,0.8888888888888888,0.6320969419535727,1674,1674,326,"fixed-readout conditional gold-label uncertainty, not training-seed uncertainty"
placebo,all,0.05,D_real::decision::reward,sign_coverage,1.0,1.0,1.0,1.0,1674,1674,326,"fixed-readout conditional gold-label uncertainty, not training-seed uncertainty"
placebo,all,0.05,D_real::decision::reward,sign_accuracy_abstention_wrong,0.75,0.375,0.8888888888888888,0.6320969419535727,1674,1674,326,"fixed-readout conditional gold-label uncertainty, not training-seed uncertainty"
placebo,all,0.05,D_real_A1::decision::reward_free,average_precision,0.09215686274509804,0.06666666666666667,0.46037545787545747,0.2325393482211782,1640,1674,326,"fixed-readout conditional gold-label uncertainty, not training-seed uncertainty"
placebo,all,0.05,D_real_A1::decision::reward_free,auroc_decline_vs_rest,0.09375,0.08928571428571429,0.7860714285714266,0.4019784211335054,1640,1674,326,"fixed-readout conditional gold-label uncertainty, not training-seed uncertainty"
placebo,all,0.05,D_real_A1::decision::reward_free,auroc_decline_vs_increase,0.08333333333333333,0.0,0.8333333333333334,0.34704717554674,1640,1674,326,"fixed-readout conditional gold-label uncertainty, not training-seed uncertainty"
placebo,all,0.05,D_real_A1::decision::reward_free,spearman,-0.23335528856403523,-0.5058908048386118,0.15758463030062667,-0.18453276565592522,1674,1674,326,"fixed-readout conditional gold-label uncertainty, not training-seed uncertainty"
placebo,all,0.05,D_real_absA::decision::reward_sign_removed,average_precision,0.09401709401709402,0.06666666666666667,0.6709497549019601,0.30408809127544073,1640,1674,326,"fixed-readout conditional gold-label uncertainty, not training-seed uncertainty"
placebo,all,0.05,D_real_absA::decision::reward_sign_removed,auroc_decline_vs_rest,0.125,0.058823529411764705,0.8437673611111111,0.44681935661580563,1640,1674,326,"fixed-readout conditional gold-label uncertainty, not training-seed uncertainty"
placebo,all,0.05,D_real_absA::decision::reward_sign_removed,auroc_decline_vs_increase,0.08333333333333333,0.0,0.8125,0.3669406868376816,1640,1674,326,"fixed-readout conditional gold-label uncertainty, not training-seed uncertainty"
placebo,all,0.05,D_real_absA::decision::reward_sign_removed,spearman,-0.21128113964581569,-0.5687689969848191,0.1955227890090848,-0.189718373321931,1674,1674,326,"fixed-readout conditional gold-label uncertainty, not training-seed uncertainty"
placebo,all,0.05,D_real_projection_only::decision::geometry_only,average_precision,0.09215686274509804,0.0625,0.6443863636363629,0.30231529976429994,1640,1674,326,"fixed-readout conditional gold-label uncertainty, not training-seed uncertainty"
placebo,all,0.05,D_real_projection_only::decision::geometry_only,auroc_decline_vs_rest,0.09375,0.058823529411764705,0.8394146825396819,0.4360291542956088,1640,1674,326,"fixed-readout conditional gold-label uncertainty, not training-seed uncertainty"
placebo,all,0.05,D_real_projection_only::decision::geometry_only,auroc_decline_vs_increase,0.16666666666666666,0.0,0.8,0.3937785084439048,1640,1674,326,"fixed-readout conditional gold-label uncertainty, not training-seed uncertainty"
placebo,all,0.05,D_real_projection_only::decision::geometry_only,spearman,-0.1881558407791095,-0.5589591854755621,0.22448556014667495,-0.14321167150817707,1674,1674,326,"fixed-readout conditional gold-label uncertainty, not training-seed uncertainty"
placebo,all,0.05,D_real::game::reward,average_precision,0.18382352941176472,0.06666666666666667,0.47050480769230696,0.25790846252770444,1640,1674,326,"fixed-readout conditional gold-label uncertainty, not training-seed uncertainty"
placebo,all,0.05,D_real::game::reward,auroc_decline_vs_rest,0.4375,0.058823529411764705,0.8393973214285708,0.4626809843522092,1640,1674,326,"fixed-readout conditional gold-label uncertainty, not training-seed uncertainty"
placebo,all,0.05,D_real::game::reward,auroc_decline_vs_increase,0.5,0.05555555555555555,1.0,0.524984618302236,1640,1674,326,"fixed-readout conditional gold-label uncertainty, not training-seed uncertainty"
placebo,all,0.05,D_real::game::reward,spearman,0.1744908914487831,-0.2927232826756858,0.4641007428481849,0.09893598006325167,1674,1674,326,"fixed-readout conditional gold-label uncertainty, not training-seed uncertainty"
placebo,all,0.05,D_real::game::reward,sign_accuracy_called,0.625,0.2857142857142857,0.875,0.5710549937252446,1674,1674,326,"fixed-readout conditional gold-label uncertainty, not training-seed uncertainty"
placebo,all,0.05,D_real::game::reward,sign_coverage,1.0,1.0,1.0,1.0,1674,1674,326,"fixed-readout conditional gold-label uncertainty, not training-seed uncertainty"
placebo,all,0.05,D_real::game::reward,sign_accuracy_abstention_wrong,0.625,0.2857142857142857,0.875,0.5710549937252446,1674,1674,326,"fixed-readout conditional gold-label uncertainty, not training-seed uncertainty"
placebo,all,0.05,D_real_A1::game::reward_free,average_precision,0.0900735294117647,0.0625,0.3967189648586704,0.2158607300258734,1640,1674,326,"fixed-readout conditional gold-label uncertainty, not training-seed uncertainty"
placebo,all,0.05,D_real_A1::game::reward_free,auroc_decline_vs_rest,0.0625,0.07130952380952381,0.7647058823529411,0.38689676777172294,1640,1674,326,"fixed-readout conditional gold-label uncertainty, not training-seed uncertainty"
placebo,all,0.05,D_real_A1::game::reward_free,auroc_decline_vs_increase,0.0,0.0,0.6666666666666666,0.2766918480159987,1640,1674,326,"fixed-readout conditional gold-label uncertainty, not training-seed uncertainty"
placebo,all,0.05,D_real_A1::game::reward_free,spearman,-0.39418123068249195,-0.5575834028932922,0.034460881310696974,-0.2740022197056768,1674,1674,326,"fixed-readout conditional gold-label uncertainty, not training-seed uncertainty"
placebo,all,0.05,D_real_absA::game::reward_sign_removed,average_precision,0.09401709401709402,0.0625,0.5158541666666666,0.22596592930699722,1640,1674,326,"fixed-readout conditional gold-label uncertainty, not training-seed uncertainty"
placebo,all,0.05,D_real_absA::game::reward_sign_removed,auroc_decline_vs_rest,0.125,0.03125,0.75,0.3734169894150167,1640,1674,326,"fixed-readout conditional gold-label uncertainty, not training-seed uncertainty"
placebo,all,0.05,D_real_absA::game::reward_sign_removed,auroc_decline_vs_increase,0.08333333333333333,0.0,0.625,0.2735744361861522,1640,1674,326,"fixed-readout conditional gold-label uncertainty, not training-seed uncertainty"
placebo,all,0.05,D_real_absA::game::reward_sign_removed,spearman,-0.39838583047643855,-0.6589633360100947,0.06915327437649962,-0.3144173816078333,1674,1674,326,"fixed-readout conditional gold-label uncertainty, not training-seed uncertainty"
placebo,all,0.05,D_real_projection_only::game::geometry_only,average_precision,0.08680555555555555,0.0625,0.5,0.2589009294637961,1640,1674,326,"fixed-readout conditional gold-label uncertainty, not training-seed uncertainty"
placebo,all,0.05,D_real_projection_only::game::geometry_only,auroc_decline_vs_rest,0.03125,0.03125,0.84375,0.4246063142231991,1640,1674,326,"fixed-readout conditional gold-label uncertainty, not training-seed uncertainty"
placebo,all,0.05,D_real_projection_only::game::geometry_only,auroc_decline_vs_increase,0.08333333333333333,0.0,0.7609999999999946,0.3548100390100608,1640,1674,326,"fixed-readout conditional gold-label uncertainty, not training-seed uncertainty"
placebo,all,0.05,D_real_projection_only::game::geometry_only,spearman,-0.22915068877008865,-0.5762662286488981,0.17218846368209087,-0.18531485343443913,1674,1674,326,"fixed-readout conditional gold-label uncertainty, not training-seed uncertainty"
null,all,0.0,D_real::token::reward,average_precision,0.40606060606060607,0.21765807109557112,0.6190632284382285,0.43325532231029806,1674,1674,326,"fixed-readout conditional gold-label uncertainty, not training-seed uncertainty"
null,all,0.0,D_real::token::reward,auroc_decline_vs_rest,0.6307692307692307,0.3055555555555556,0.7570138888888884,0.5542813872724766,1674,1674,326,"fixed-readout conditional gold-label uncertainty, not training-seed uncertainty"
null,all,0.0,D_real::token::reward,auroc_decline_vs_increase,0.7714285714285715,0.375,0.9285714285714286,0.6696474838683406,1674,1674,326,"fixed-readout conditional gold-label uncertainty, not training-seed uncertainty"
null,all,0.0,D_real::token::reward,spearman,0.3857720310945988,-0.09934852591523465,0.555904420429517,0.24800301258957513,1674,1674,326,"fixed-readout conditional gold-label uncertainty, not training-seed uncertainty"
null,all,0.0,D_real::token::reward,sign_accuracy_called,0.75,0.4166666666666667,0.8333333333333334,0.6233144427588871,1674,1674,326,"fixed-readout conditional gold-label uncertainty, not training-seed uncertainty"
null,all,0.0,D_real::token::reward,sign_coverage,1.0,1.0,1.0,1.0,1674,1674,326,"fixed-readout conditional gold-label uncertainty, not training-seed uncertainty"
null,all,0.0,D_real::token::reward,sign_accuracy_abstention_wrong,0.75,0.4166666666666667,0.8333333333333334,0.6233144427588871,1674,1674,326,"fixed-readout conditional gold-label uncertainty, not training-seed uncertainty"
null,all,0.0,D_real_A1::token::reward_free,average_precision,0.27103174603174607,0.20555555555555557,0.5819772178578996,0.37546274701432514,1674,1674,326,"fixed-readout conditional gold-label uncertainty, not training-seed uncertainty"
null,all,0.0,D_real_A1::token::reward_free,auroc_decline_vs_rest,0.38461538461538464,0.27692307692307694,0.7142857142857143,0.4825876134094971,1674,1674,326,"fixed-readout conditional gold-label uncertainty, not training-seed uncertainty"
null,all,0.0,D_real_A1::token::reward_free,auroc_decline_vs_increase,0.42857142857142855,0.2,0.7380952380952381,0.4417329233746284,1674,1674,326,"fixed-readout conditional gold-label uncertainty, not training-seed uncertainty"
null,all,0.0,D_real_A1::token::reward_free,spearman,-0.11142189453958438,-0.3945242976967443,0.23532519883686576,-0.0802745764362723,1674,1674,326,"fixed-readout conditional gold-label uncertainty, not training-seed uncertainty"
null,all,0.0,D_real_absA::token::reward_sign_removed,average_precision,0.255042735042735,0.20713700351935646,0.7052644230769229,0.40362028920382137,1674,1674,326,"fixed-readout conditional gold-label uncertainty, not training-seed uncertainty"
null,all,0.0,D_real_absA::token::reward_sign_removed,auroc_decline_vs_rest,0.2923076923076923,0.23725694444444445,0.7125,0.4627239666778197,1674,1674,326,"fixed-readout conditional gold-label uncertainty, not training-seed uncertainty"
null,all,0.0,D_real_absA::token::reward_sign_removed,auroc_decline_vs_increase,0.2571428571428571,0.11428571428571428,0.6,0.3337355573633095,1674,1674,326,"fixed-readout conditional gold-label uncertainty, not training-seed uncertainty"
null,all,0.0,D_real_absA::token::reward_sign_removed,spearman,-0.3132426846490203,-0.5537633262267107,0.14085409309721045,-0.22319636885102218,1674,1674,326,"fixed-readout conditional gold-label uncertainty, not training-seed uncertainty"
null,all,0.0,D_real_projection_only::token::geometry_only,average_precision,0.2726330532212885,0.17474614845938374,0.7551998108271085,0.4445621110336674,1674,1674,326,"fixed-readout conditional gold-label uncertainty, not training-seed uncertainty"
null,all,0.0,D_real_projection_only::token::geometry_only,auroc_decline_vs_rest,0.3384615384615385,0.19937500000000002,0.7384615384615385,0.4687127557734388,1674,1674,326,"fixed-readout conditional gold-label uncertainty, not training-seed uncertainty"
null,all,0.0,D_real_projection_only::token::geometry_only,auroc_decline_vs_increase,0.4,0.15625,0.7820312499999998,0.4678284448139585,1674,1674,326,"fixed-readout conditional gold-label uncertainty, not training-seed uncertainty"
null,all,0.0,D_real_projection_only::token::geometry_only,spearman,-0.02417644881519284,-0.47536642442328575,0.3380853008084392,-0.05282575059213981,1674,1674,326,"fixed-readout conditional gold-label uncertainty, not training-seed uncertainty"
null,all,0.0,D_real::decision::reward,average_precision,0.39215686274509803,0.2084252450980392,0.6139729136604136,0.4268022443471714,1674,1674,326,"fixed-readout conditional gold-label uncertainty, not training-seed uncertainty"
null,all,0.0,D_real::decision::reward,auroc_decline_vs_rest,0.5846153846153846,0.27692307692307694,0.754145299145299,0.534033277499526,1674,1674,326,"fixed-readout conditional gold-label uncertainty, not training-seed uncertainty"
null,all,0.0,D_real::decision::reward,auroc_decline_vs_increase,0.7142857142857143,0.34285714285714286,0.9047619047619048,0.6378004330420486,1674,1674,326,"fixed-readout conditional gold-label uncertainty, not training-seed uncertainty"
null,all,0.0,D_real::decision::reward,spearman,0.35003293284605286,-0.1474099897444973,0.5293819581742577,0.21352800579869524,1674,1674,326,"fixed-readout conditional gold-label uncertainty, not training-seed uncertainty"
null,all,0.0,D_real::decision::reward,sign_accuracy_called,0.75,0.4166666666666667,0.8333333333333334,0.6233144427588871,1674,1674,326,"fixed-readout conditional gold-label uncertainty, not training-seed uncertainty"
null,all,0.0,D_real::decision::reward,sign_coverage,1.0,1.0,1.0,1.0,1674,1674,326,"fixed-readout conditional gold-label uncertainty, not training-seed uncertainty"
null,all,0.0,D_real::decision::reward,sign_accuracy_abstention_wrong,0.75,0.4166666666666667,0.8333333333333334,0.6233144427588871,1674,1674,326,"fixed-readout conditional gold-label uncertainty, not training-seed uncertainty"
null,all,0.0,D_real_A1::decision::reward_free,average_precision,0.3458333333333333,0.24404411764705886,0.6643609579248366,0.4306019494137573,1674,1674,326,"fixed-readout conditional gold-label uncertainty, not training-seed uncertainty"
null,all,0.0,D_real_A1::decision::reward_free,auroc_decline_vs_rest,0.5230769230769231,0.33766233766233766,0.7857142857142857,0.5597684173338793,1674,1674,326,"fixed-readout conditional gold-label uncertainty, not training-seed uncertainty"
null,all,0.0,D_real_A1::decision::reward_free,auroc_decline_vs_increase,0.5714285714285714,0.23966666666666667,0.8256249999999998,0.5193471439539454,1674,1674,326,"fixed-readout conditional gold-label uncertainty, not training-seed uncertainty"
null,all,0.0,D_real_A1::decision::reward_free,spearman,-0.0031534498454599356,-0.3256806093764943,0.3653325836662755,0.01756678377662771,1674,1674,326,"fixed-readout conditional gold-label uncertainty, not training-seed uncertainty"
null,all,0.0,D_real_absA::decision::reward_sign_removed,average_precision,0.3883760683760684,0.21547146807440923,0.722275641025641,0.4907211126528831,1674,1674,326,"fixed-readout conditional gold-label uncertainty, not training-seed uncertainty"
null,all,0.0,D_real_absA::decision::reward_sign_removed,auroc_decline_vs_rest,0.3230769230769231,0.2597402597402597,0.7222222222222222,0.4854267920837515,1674,1674,326,"fixed-readout conditional gold-label uncertainty, not training-seed uncertainty"
null,all,0.0,D_real_absA::decision::reward_sign_removed,auroc_decline_vs_increase,0.2857142857142857,0.14285714285714285,0.6388888888888888,0.37334725984271555,1674,1674,326,"fixed-readout conditional gold-label uncertainty, not training-seed uncertainty"
null,all,0.0,D_real_absA::decision::reward_sign_removed,spearman,-0.24702023789436162,-0.518973665300625,0.1771758728040366,-0.1758137276328778,1674,1674,326,"fixed-readout conditional gold-label uncertainty, not training-seed uncertainty"
null,all,0.0,D_real_projection_only::decision::geometry_only,average_precision,0.2654901960784314,0.17073682598039214,0.774236111111111,0.4494018778230193,1674,1674,326,"fixed-readout conditional gold-label uncertainty, not training-seed uncertainty"
null,all,0.0,D_real_projection_only::decision::geometry_only,auroc_decline_vs_rest,0.3230769230769231,0.2,0.7533516483516484,0.47442853196039175,1674,1674,326,"fixed-readout conditional gold-label uncertainty, not training-seed uncertainty"
null,all,0.0,D_real_projection_only::decision::geometry_only,auroc_decline_vs_increase,0.37142857142857144,0.14285714285714285,0.7777777777777778,0.4463583680065802,1674,1674,326,"fixed-readout conditional gold-label uncertainty, not training-seed uncertainty"
null,all,0.0,D_real_projection_only::decision::geometry_only,spearman,-0.0788362461364984,-0.5038069041889907,0.3352609622256284,-0.08515259577931462,1674,1674,326,"fixed-readout conditional gold-label uncertainty, not training-seed uncertainty"
null,all,0.0,D_real::game::reward,average_precision,0.3912044817927171,0.22186147186147184,0.6056926738498429,0.4067162964472664,1674,1674,326,"fixed-readout conditional gold-label uncertainty, not training-seed uncertainty"
null,all,0.0,D_real::game::reward,auroc_decline_vs_rest,0.6,0.2921955128205128,0.75,0.5248352088380962,1674,1674,326,"fixed-readout conditional gold-label uncertainty, not training-seed uncertainty"
null,all,0.0,D_real::game::reward,auroc_decline_vs_increase,0.8,0.42857142857142855,0.96875,0.7011584698836149,1674,1674,326,"fixed-readout conditional gold-label uncertainty, not training-seed uncertainty"
null,all,0.0,D_real::game::reward,spearman,0.4950916257372099,-0.0967540067312562,0.6002066205858744,0.2858396457284846,1674,1674,326,"fixed-readout conditional gold-label uncertainty, not training-seed uncertainty"
null,all,0.0,D_real::game::reward,sign_accuracy_called,0.6666666666666666,0.3333333333333333,0.7692307692307693,0.5562411635888338,1674,1674,326,"fixed-readout conditional gold-label uncertainty, not training-seed uncertainty"
null,all,0.0,D_real::game::reward,sign_coverage,1.0,1.0,1.0,1.0,1674,1674,326,"fixed-readout conditional gold-label uncertainty, not training-seed uncertainty"
null,all,0.0,D_real::game::reward,sign_accuracy_abstention_wrong,0.6666666666666666,0.3333333333333333,0.7692307692307693,0.5562411635888338,1674,1674,326,"fixed-readout conditional gold-label uncertainty, not training-seed uncertainty"
null,all,0.0,D_real_A1::game::reward_free,average_precision,0.2705118411000764,0.20086661653297685,0.5927308802308802,0.3732811442055445,1674,1674,326,"fixed-readout conditional gold-label uncertainty, not training-seed uncertainty"
null,all,0.0,D_real_A1::game::reward_free,auroc_decline_vs_rest,0.38461538461538464,0.2916666666666667,0.6772115384615385,0.4796209922815358,1674,1674,326,"fixed-readout conditional gold-label uncertainty, not training-seed uncertainty"
null,all,0.0,D_real_A1::game::reward_free,auroc_decline_vs_increase,0.34285714285714286,0.16666666666666666,0.6588095238095234,0.4041900074838716,1674,1674,326,"fixed-readout conditional gold-label uncertainty, not training-seed uncertainty"
null,all,0.0,D_real_A1::game::reward_free,spearman,-0.2417644881519284,-0.43194438750522807,0.15878444290191826,-0.14860328710979992,1674,1674,326,"fixed-readout conditional gold-label uncertainty, not training-seed uncertainty"
null,all,0.0,D_real_absA::game::reward_sign_removed,average_precision,0.24885225885225887,0.19716517857142857,0.6569085139397638,0.3821968848840677,1674,1674,326,"fixed-readout conditional gold-label uncertainty, not training-seed uncertainty"
null,all,0.0,D_real_absA::game::reward_sign_removed,auroc_decline_vs_rest,0.3230769230769231,0.20833333333333334,0.6893209876543208,0.4489629647845995,1674,1674,326,"fixed-readout conditional gold-label uncertainty, not training-seed uncertainty"
null,all,0.0,D_real_absA::game::reward_sign_removed,auroc_decline_vs_increase,0.2571428571428571,0.1,0.6,0.35075183365527285,1674,1674,326,"fixed-readout conditional gold-label uncertainty, not training-seed uncertainty"
null,all,0.0,D_real_absA::game::reward_sign_removed,spearman,-0.32585648403086,-0.5704396270127775,0.1505301340835032,-0.2083717457327213,1674,1674,326,"fixed-readout conditional gold-label uncertainty, not training-seed uncertainty"
null,all,0.0,D_real_projection_only::game::geometry_only,average_precision,0.29285714285714287,0.18953803396358548,0.7907812950937951,0.4788951972968008,1674,1674,326,"fixed-readout conditional gold-label uncertainty, not training-seed uncertainty"
null,all,0.0,D_real_projection_only::game::geometry_only,auroc_decline_vs_rest,0.3230769230769231,0.20823863636363638,0.7857142857142857,0.5013691906239696,1674,1674,326,"fixed-readout conditional gold-label uncertainty, not training-seed uncertainty"
null,all,0.0,D_real_projection_only::game::geometry_only,auroc_decline_vs_increase,0.3142857142857143,0.13333333333333333,0.762738095238095,0.43775571293769794,1674,1674,326,"fixed-readout conditional gold-label uncertainty, not training-seed uncertainty"
null,all,0.0,D_real_projection_only::game::geometry_only,spearman,-0.08304084593044497,-0.4753306071277009,0.3328060396839063,-0.08409723137021331,1674,1674,326,"fixed-readout conditional gold-label uncertainty, not training-seed uncertainty"
null,all,0.05,D_real::token::reward,average_precision,0.40606060606060607,0.1655448717948718,0.6075757575757575,0.3899595830814085,1674,1674,326,"fixed-readout conditional gold-label uncertainty, not training-seed uncertainty"
null,all,0.05,D_real::token::reward,auroc_decline_vs_rest,0.6307692307692307,0.2923076923076923,0.8307692307692308,0.5956632436336444,1674,1674,326,"fixed-readout conditional gold-label uncertainty, not training-seed uncertainty"
null,all,0.05,D_real::token::reward,auroc_decline_vs_increase,0.75,0.3333333333333333,1.0,0.694135879975573,1666,1674,326,"fixed-readout conditional gold-label uncertainty, not training-seed uncertainty"
null,all,0.05,D_real::token::reward,spearman,0.3857720310945988,-0.09934852591523465,0.555904420429517,0.24800301258957513,1674,1674,326,"fixed-readout conditional gold-label uncertainty, not training-seed uncertainty"
null,all,0.05,D_real::token::reward,sign_accuracy_called,0.6666666666666666,0.375,0.875,0.6372073814278115,1674,1674,326,"fixed-readout conditional gold-label uncertainty, not training-seed uncertainty"
null,all,0.05,D_real::token::reward,sign_coverage,1.0,1.0,1.0,1.0,1674,1674,326,"fixed-readout conditional gold-label uncertainty, not training-seed uncertainty"
null,all,0.05,D_real::token::reward,sign_accuracy_abstention_wrong,0.6666666666666666,0.375,0.875,0.6372073814278115,1674,1674,326,"fixed-readout conditional gold-label uncertainty, not training-seed uncertainty"
null,all,0.05,D_real_A1::token::reward_free,average_precision,0.27103174603174607,0.1388888888888889,0.49523809523809526,0.29904551606081836,1674,1674,326,"fixed-readout conditional gold-label uncertainty, not training-seed uncertainty"
null,all,0.05,D_real_A1::token::reward_free,auroc_decline_vs_rest,0.38461538461538464,0.21428571428571427,0.7116666666666666,0.4607679659723461,1674,1674,326,"fixed-readout conditional gold-label uncertainty, not training-seed uncertainty"
null,all,0.05,D_real_A1::token::reward_free,auroc_decline_vs_increase,0.45,0.1111111111111111,0.8106398809523809,0.43896560041250055,1666,1674,326,"fixed-readout conditional gold-label uncertainty, not training-seed uncertainty"
null,all,0.05,D_real_A1::token::reward_free,spearman,-0.11142189453958438,-0.3945242976967443,0.23532519883686576,-0.0802745764362723,1674,1674,326,"fixed-readout conditional gold-label uncertainty, not training-seed uncertainty"
null,all,0.05,D_real_absA::token::reward_sign_removed,average_precision,0.255042735042735,0.11212121212121212,0.5921930846930846,0.31815290783328587,1674,1674,326,"fixed-readout conditional gold-label uncertainty, not training-seed uncertainty"
null,all,0.05,D_real_absA::token::reward_sign_removed,auroc_decline_vs_rest,0.2923076923076923,0.14285714285714285,0.6772115384615385,0.4114749850456125,1674,1674,326,"fixed-readout conditional gold-label uncertainty, not training-seed uncertainty"
null,all,0.05,D_real_absA::token::reward_sign_removed,auroc_decline_vs_increase,0.35,0.0,0.6666666666666666,0.32348523649822747,1666,1674,326,"fixed-readout conditional gold-label uncertainty, not training-seed uncertainty"
null,all,0.05,D_real_absA::token::reward_sign_removed,spearman,-0.3132426846490203,-0.5537633262267107,0.14085409309721045,-0.22319636885102218,1674,1674,326,"fixed-readout conditional gold-label uncertainty, not training-seed uncertainty"
null,all,0.05,D_real_projection_only::token::geometry_only,average_precision,0.2726330532212885,0.12130718954248366,0.6553513071895425,0.337529452669732,1674,1674,326,"fixed-readout conditional gold-label uncertainty, not training-seed uncertainty"
null,all,0.05,D_real_projection_only::token::geometry_only,auroc_decline_vs_rest,0.3384615384615385,0.09375,0.75,0.4333430268146194,1674,1674,326,"fixed-readout conditional gold-label uncertainty, not training-seed uncertainty"
null,all,0.05,D_real_projection_only::token::geometry_only,auroc_decline_vs_increase,0.55,0.1,0.8333333333333334,0.47073171218600823,1666,1674,326,"fixed-readout conditional gold-label uncertainty, not training-seed uncertainty"
null,all,0.05,D_real_projection_only::token::geometry_only,spearman,-0.02417644881519284,-0.47536642442328575,0.3380853008084392,-0.05282575059213981,1674,1674,326,"fixed-readout conditional gold-label uncertainty, not training-seed uncertainty"
null,all,0.05,D_real::decision::reward,average_precision,0.39215686274509803,0.165555392830209,0.5999999999999999,0.38293406700655713,1674,1674,326,"fixed-readout conditional gold-label uncertainty, not training-seed uncertainty"
null,all,0.05,D_real::decision::reward,auroc_decline_vs_rest,0.5846153846153846,0.26153846153846155,0.8235294117647058,0.570977104370907,1674,1674,326,"fixed-readout conditional gold-label uncertainty, not training-seed uncertainty"
null,all,0.05,D_real::decision::reward,auroc_decline_vs_increase,0.7,0.2791666666666667,1.0,0.6525431051105248,1666,1674,326,"fixed-readout conditional gold-label uncertainty, not training-seed uncertainty"
null,all,0.05,D_real::decision::reward,spearman,0.35003293284605286,-0.1474099897444973,0.5293819581742577,0.21352800579869524,1674,1674,326,"fixed-readout conditional gold-label uncertainty, not training-seed uncertainty"
null,all,0.05,D_real::decision::reward,sign_accuracy_called,0.6666666666666666,0.375,0.875,0.6372073814278115,1674,1674,326,"fixed-readout conditional gold-label uncertainty, not training-seed uncertainty"
null,all,0.05,D_real::decision::reward,sign_coverage,1.0,1.0,1.0,1.0,1674,1674,326,"fixed-readout conditional gold-label uncertainty, not training-seed uncertainty"
null,all,0.05,D_real::decision::reward,sign_accuracy_abstention_wrong,0.6666666666666666,0.375,0.875,0.6372073814278115,1674,1674,326,"fixed-readout conditional gold-label uncertainty, not training-seed uncertainty"
null,all,0.05,D_real_A1::decision::reward_free,average_precision,0.3458333333333333,0.1625,0.548611111111111,0.34609146721792255,1674,1674,326,"fixed-readout conditional gold-label uncertainty, not training-seed uncertainty"
null,all,0.05,D_real_A1::decision::reward_free,auroc_decline_vs_rest,0.5230769230769231,0.2857142857142857,0.8,0.5379447427178586,1674,1674,326,"fixed-readout conditional gold-label uncertainty, not training-seed uncertainty"
null,all,0.05,D_real_A1::decision::reward_free,auroc_decline_vs_increase,0.55,0.16666666666666666,0.8607142857142857,0.5204938267824137,1666,1674,326,"fixed-readout conditional gold-label uncertainty, not training-seed uncertainty"
null,all,0.05,D_real_A1::decision::reward_free,spearman,-0.0031534498454599356,-0.3256806093764943,0.3653325836662755,0.01756678377662771,1674,1674,326,"fixed-readout conditional gold-label uncertainty, not training-seed uncertainty"
null,all,0.05,D_real_absA::decision::reward_sign_removed,average_precision,0.3883760683760684,0.11212121212121212,0.684912126068376,0.4258649421142916,1674,1674,326,"fixed-readout conditional gold-label uncertainty, not training-seed uncertainty"
null,all,0.05,D_real_absA::decision::reward_sign_removed,auroc_decline_vs_rest,0.3230769230769231,0.14285714285714285,0.6964285714285714,0.4415958215897307,1674,1674,326,"fixed-readout conditional gold-label uncertainty, not training-seed uncertainty"
null,all,0.05,D_real_absA::decision::reward_sign_removed,auroc_decline_vs_increase,0.35,0.0,0.6819196428571429,0.3644616695884703,1666,1674,326,"fixed-readout conditional gold-label uncertainty, not training-seed uncertainty"
null,all,0.05,D_real_absA::decision::reward_sign_removed,spearman,-0.24702023789436162,-0.518973665300625,0.1771758728040366,-0.1758137276328778,1674,1674,326,"fixed-readout conditional gold-label uncertainty, not training-seed uncertainty"
null,all,0.05,D_real_projection_only::decision::geometry_only,average_precision,0.2654901960784314,0.11920138888888887,0.660014005602241,0.3379541608679724,1674,1674,326,"fixed-readout conditional gold-label uncertainty, not training-seed uncertainty"
null,all,0.05,D_real_projection_only::decision::geometry_only,auroc_decline_vs_rest,0.3230769230769231,0.10807291666666671,0.75,0.43375553603638267,1674,1674,326,"fixed-readout conditional gold-label uncertainty, not training-seed uncertainty"
null,all,0.05,D_real_projection_only::decision::geometry_only,auroc_decline_vs_increase,0.55,0.09583333333333334,0.8333333333333334,0.45514607373561666,1666,1674,326,"fixed-readout conditional gold-label uncertainty, not training-seed uncertainty"
null,all,0.05,D_real_projection_only::decision::geometry_only,spearman,-0.0788362461364984,-0.5038069041889907,0.3352609622256284,-0.08515259577931462,1674,1674,326,"fixed-readout conditional gold-label uncertainty, not training-seed uncertainty"
null,all,0.05,D_real::game::reward,average_precision,0.3912044817927171,0.16984126984126982,0.5855544613678805,0.37297161231330195,1674,1674,326,"fixed-readout conditional gold-label uncertainty, not training-seed uncertainty"
null,all,0.05,D_real::game::reward,auroc_decline_vs_rest,0.6,0.2923076923076923,0.8307692307692308,0.5737150859812619,1674,1674,326,"fixed-readout conditional gold-label uncertainty, not training-seed uncertainty"
null,all,0.05,D_real::game::reward,auroc_decline_vs_increase,0.8,0.3836805555555556,1.0,0.7325453338931945,1666,1674,326,"fixed-readout conditional gold-label uncertainty, not training-seed uncertainty"
null,all,0.05,D_real::game::reward,spearman,0.4950916257372099,-0.0967540067312562,0.6002066205858744,0.2858396457284846,1674,1674,326,"fixed-readout conditional gold-label uncertainty, not training-seed uncertainty"
null,all,0.05,D_real::game::reward,sign_accuracy_called,0.5555555555555556,0.2857142857142857,0.8571428571428571,0.5639207152199984,1674,1674,326,"fixed-readout conditional gold-label uncertainty, not training-seed uncertainty"
null,all,0.05,D_real::game::reward,sign_coverage,1.0,1.0,1.0,1.0,1674,1674,326,"fixed-readout conditional gold-label uncertainty, not training-seed uncertainty"
null,all,0.05,D_real::game::reward,sign_accuracy_abstention_wrong,0.5555555555555556,0.2857142857142857,0.8571428571428571,0.5639207152199984,1674,1674,326,"fixed-readout conditional gold-label uncertainty, not training-seed uncertainty"
null,all,0.05,D_real_A1::game::reward_free,average_precision,0.2705118411000764,0.12878787878787878,0.4850203983108393,0.289778895238739,1674,1674,326,"fixed-readout conditional gold-label uncertainty, not training-seed uncertainty"
null,all,0.05,D_real_A1::game::reward_free,auroc_decline_vs_rest,0.38461538461538464,0.2153846153846154,0.6607142857142857,0.4412431128938789,1674,1674,326,"fixed-readout conditional gold-label uncertainty, not training-seed uncertainty"
null,all,0.05,D_real_A1::game::reward_free,auroc_decline_vs_increase,0.3,0.0,0.7172619047619048,0.3714048969928107,1666,1674,326,"fixed-readout conditional gold-label uncertainty, not training-seed uncertainty"
null,all,0.05,D_real_A1::game::reward_free,spearman,-0.2417644881519284,-0.43194438750522807,0.15878444290191826,-0.14860328710979992,1674,1674,326,"fixed-readout conditional gold-label uncertainty, not training-seed uncertainty"
null,all,0.05,D_real_absA::game::reward_sign_removed,average_precision,0.24885225885225887,0.11688311688311688,0.5725164168231395,0.29815677187177253,1674,1674,326,"fixed-readout conditional gold-label uncertainty, not training-seed uncertainty"
null,all,0.05,D_real_absA::game::reward_sign_removed,auroc_decline_vs_rest,0.3230769230769231,0.13846153846153847,0.6607142857142857,0.4035590564836149,1674,1674,326,"fixed-readout conditional gold-label uncertainty, not training-seed uncertainty"
null,all,0.05,D_real_absA::game::reward_sign_removed,auroc_decline_vs_increase,0.3,0.0,0.6666666666666666,0.33655255185974614,1666,1674,326,"fixed-readout conditional gold-label uncertainty, not training-seed uncertainty"
null,all,0.05,D_real_absA::game::reward_sign_removed,spearman,-0.32585648403086,-0.5704396270127775,0.1505301340835032,-0.2083717457327213,1674,1674,326,"fixed-readout conditional gold-label uncertainty, not training-seed uncertainty"
null,all,0.05,D_real_projection_only::game::geometry_only,average_precision,0.29285714285714287,0.12103174603174603,0.6819816468253967,0.3637484543364993,1674,1674,326,"fixed-readout conditional gold-label uncertainty, not training-seed uncertainty"
null,all,0.05,D_real_projection_only::game::geometry_only,auroc_decline_vs_rest,0.3230769230769231,0.11764705882352941,0.775,0.4546965531225962,1674,1674,326,"fixed-readout conditional gold-label uncertainty, not training-seed uncertainty"
null,all,0.05,D_real_projection_only::game::geometry_only,auroc_decline_vs_increase,0.45,0.05,0.8333333333333334,0.44069726189795644,1666,1674,326,"fixed-readout conditional gold-label uncertainty, not training-seed uncertainty"
null,all,0.05,D_real_projection_only::game::geometry_only,spearman,-0.08304084593044497,-0.4753306071277009,0.3328060396839063,-0.08409723137021331,1674,1674,326,"fixed-readout conditional gold-label uncertainty, not training-seed uncertainty"
