skill_id,phase,train_decisions,train_loss_tokens,train_nonzero_advantage_decisions,train_games,train_trajectories,train_nonzero_games,train_nonzero_trajectories,readout_input_available,reward_direction_observed,legacy_count_thresholds_met,context_id,source_calls,source_trajectories,source_games,first_call_anchors,later_call_anchors,later_calls_descriptive_only,selected_anchors,utility_evaluable,quantity_filter_applied,missing_utility_reason,missing_readout_reason,supported,P_int,P_int_centered,C_upd,C_upd_centered,D_contribution,D_centered_contribution,direction_coverage,gate_coverage,gate_centered_coverage,start_update,global_update,window_horizon,window_role,control,anchor_count,game_count,source_trajectory_count,continuation_repeats,paired_anchor_repeats,utility_old,utility_new,delta_utility,ci_low,ci_high,direction,interval_status,negative_point_label,original_old,control_old,original_new,control_new,delta_original,delta_control
skillnet:alfworld-appliance-navigator,all,675,9060,561,8,52,7,44,True,True,True,all_alfworld,498,62,62,62,0,436,62,True,False,,,True,-0.07313846570993408,-0.07313846570993407,-6.283073194893273e-05,0.0006836045151610269,0.16675697366885495,0.16675697366885495,0.8519867549668875,0.49944812362030905,0.49944812362030905,0.0,5.0,5.0,test,placebo,62.0,62.0,62.0,2.0,124.0,-0.056451612903225805,0.024193548387096774,0.08064516129032258,0.008064516129032258,0.1693548387096774,uncertain,paired_game_cluster_bootstrap,False,0.27419354838709675,0.33064516129032256,0.18548387096774194,0.16129032258064516,-0.08870967741935482,-0.1693548387096774
skillnet:alfworld-appliance-navigator,initial,48,523,40,6,48,5,40,True,True,True,all_alfworld,42,42,42,42,0,0,42,True,False,,,True,0.07458009833309977,0.07458009833309978,-8.825873345479493e-05,0.000342801674487194,0.09706952150053387,0.09706952150053387,0.8260038240917782,0.45315487571701724,0.45315487571701724,0.0,5.0,5.0,test,placebo,42.0,42.0,42.0,2.0,84.0,-0.07142857142857142,0.03571428571428571,0.10714285714285714,0.0,0.2261904761904762,uncertain,paired_game_cluster_bootstrap,False,0.34523809523809523,0.4166666666666667,0.21428571428571427,0.17857142857142858,-0.13095238095238096,-0.2380952380952381
skillnet:alfworld-appliance-navigator,early,79,980,75,5,34,4,31,True,True,True,all_alfworld,60,32,32,8,0,52,8,True,False,,,True,-0.03932783069841162,-0.03932783069841163,-4.437487309634988e-05,0.00026819926375086213,0.13685666758339987,0.13685666758339987,0.9510204081632653,0.49387755102040815,0.49387755102040815,0.0,5.0,5.0,test,placebo,8.0,8.0,8.0,2.0,16.0,-0.0625,0.0,0.0625,0.0,0.25,uncertain,paired_game_cluster_bootstrap,False,0.1875,0.25,0.1875,0.1875,0.0,-0.0625
skillnet:alfworld-appliance-navigator,middle,131,1673,116,6,33,5,28,True,True,True,all_alfworld,106,34,34,6,0,100,6,True,False,,,True,-0.11726203043934509,-0.11726203043934509,-0.00016234857406931822,0.0005872635859598998,0.1936979181507866,0.1936979181507866,0.8942020322773461,0.5128511655708309,0.5128511655708309,0.0,5.0,5.0,test,placebo,6.0,6.0,6.0,2.0,12.0,0.0,0.0,0.0,0.0,0.0,stable,paired_game_cluster_bootstrap,False,0.16666666666666666,0.16666666666666666,0.16666666666666666,0.16666666666666666,0.0,0.0
skillnet:alfworld-appliance-navigator,late,417,5884,330,7,41,6,33,True,True,True,all_alfworld,290,36,36,6,0,284,6,True,False,,,True,-0.07935405162317236,-0.07935405162317236,-3.5348499967382817e-05,0.0008104766100977811,0.17027101808243525,0.17027101808243525,0.8257987763426241,0.5006798096532971,0.5006798096532971,0.0,5.0,5.0,test,placebo,6.0,6.0,6.0,2.0,12.0,0.0,0.0,0.0,0.0,0.0,stable,paired_game_cluster_bootstrap,False,0.0,0.0,0.0,0.0,0.0,0.0
skillnet:alfworld-appliance-preparer,all,17,201,17,1,8,1,8,True,True,False,all_alfworld,89,8,8,8,0,81,8,True,False,,,True,0.3791460056830438,0.3791460056830438,0.00016439154300735138,-0.0018718262409909015,0.1071925295393428,0.1071925295393428,1.0,0.2935323383084577,0.2935323383084577,0.0,5.0,5.0,test,placebo,8.0,8.0,8.0,2.0,16.0,0.0,0.0,0.0,0.0,0.0,stable,paired_game_cluster_bootstrap,False,0.0,0.0,0.0,0.0,0.0,0.0
skillnet:alfworld-appliance-preparer,initial,0,0,0,0,0,0,0,False,False,False,all_alfworld,0,0,0,0,0,0,0,False,False,no_first_invocation_in_registered_U0_source_phase,no_actual_U0_training_loss_token,False,,,,,,,,,,,,,,,,,,,,,,,,,,,,,,,,,
skillnet:alfworld-appliance-preparer,early,0,0,0,0,0,0,0,False,False,False,all_alfworld,0,0,0,0,0,0,0,False,False,no_first_invocation_in_registered_U0_source_phase,no_actual_U0_training_loss_token,False,,,,,,,,,,,,,,,,,,,,,,,,,,,,,,,,,
skillnet:alfworld-appliance-preparer,middle,7,87,7,1,3,1,3,True,True,False,all_alfworld,23,4,4,4,0,19,4,True,False,,,True,0.5085715935140878,0.5085715935140878,0.0001252434524115805,-0.0020509255065619134,0.0967009759757519,0.0967009759757519,1.0,0.3218390804597701,0.3218390804597701,0.0,5.0,5.0,test,placebo,4.0,4.0,4.0,2.0,8.0,0.0,0.0,0.0,0.0,0.0,stable,paired_game_cluster_bootstrap,False,0.0,0.0,0.0,0.0,0.0,0.0
skillnet:alfworld-appliance-preparer,late,10,114,10,1,7,1,7,True,True,False,all_alfworld,66,8,8,4,0,62,4,True,False,,,True,0.28037384654882597,0.28037384654882597,0.000194267717409387,-0.0017351452225288137,0.11519924146945165,0.11519924146945165,1.0,0.2719298245614035,0.2719298245614035,0.0,5.0,5.0,test,placebo,4.0,4.0,4.0,2.0,8.0,0.0,0.0,0.0,0.0,0.0,stable,paired_game_cluster_bootstrap,False,0.0,0.0,0.0,0.0,0.0,0.0
skillnet:alfworld-clean-object,all,294,3988,294,3,17,3,17,True,True,False,all_alfworld,1270,37,37,37,0,1233,37,True,False,,,True,0.10660152929029637,0.10660152929029636,1.392132655980744e-06,-0.0006208330655749738,0.13308952953776745,0.13308952953776745,1.0,0.43781344032096287,0.43781344032096287,0.0,5.0,5.0,test,placebo,37.0,37.0,37.0,2.0,74.0,-0.0945945945945946,-0.10810810810810811,-0.013513513513513514,-0.16216216216216217,0.13513513513513514,uncertain,paired_game_cluster_bootstrap,False,0.2972972972972973,0.3918918918918919,0.0945945945945946,0.20270270270270271,-0.20270270270270271,-0.18918918918918917
skillnet:alfworld-clean-object,initial,8,100,8,1,8,1,8,True,True,False,all_alfworld,25,25,25,25,0,0,25,True,False,,,True,-0.6173866879355824,-0.6173866879355824,-0.00019735092892427856,-0.002571047600968068,0.024472010166380828,0.024472010166380828,1.0,0.14,0.14,0.0,5.0,5.0,test,placebo,25.0,25.0,25.0,2.0,50.0,-0.26,-0.22,0.04,-0.14,0.22,uncertain,paired_game_cluster_bootstrap,False,0.22,0.48,0.0,0.22,-0.22,-0.26
skillnet:alfworld-clean-object,early,40,532,40,3,16,3,16,True,True,False,all_alfworld,114,33,33,9,0,105,9,True,False,,,True,0.07029920012793507,0.07029920012793507,0.00014986496418413419,-0.0004771657168429492,0.13221300936872515,0.13221300936872515,1.0,0.43796992481203006,0.43796992481203006,0.0,5.0,5.0,test,placebo,9.0,9.0,9.0,2.0,18.0,0.2222222222222222,0.05555555555555555,-0.16666666666666666,-0.5,0.1111111111111111,uncertain,paired_game_cluster_bootstrap,True,0.5,0.2777777777777778,0.2777777777777778,0.2222222222222222,-0.2222222222222222,-0.05555555555555558
skillnet:alfworld-clean-object,middle,83,1161,83,2,11,2,11,True,True,False,all_alfworld,295,35,35,1,0,294,1,True,False,,,True,0.2562695777748871,0.2562695777748871,5.191953071808026e-05,-0.0014408907125743543,0.09212964291776349,0.09212964291776349,1.0,0.3462532299741602,0.3462532299741602,0.0,5.0,5.0,test,placebo,1.0,1.0,1.0,2.0,2.0,0.0,0.0,0.0,,,uncertain,single_game_interval_undefined,False,0.0,0.0,0.0,0.0,0.0,0.0
skillnet:alfworld-clean-object,late,163,2195,163,2,13,2,13,True,True,False,all_alfworld,836,30,30,2,0,834,2,True,False,,,True,0.06921977828635746,0.06921977828635748,-5.226415407069315e-05,-0.00013305295068652133,0.15991526486027033,0.15991526486027033,1.0,0.4997722095671982,0.4997722095671982,0.0,5.0,5.0,test,placebo,2.0,2.0,2.0,2.0,4.0,0.5,0.5,0.0,0.0,0.0,stable,paired_game_cluster_bootstrap,False,0.5,0.0,0.5,0.0,0.0,0.0
skillnet:alfworld-device-operator,all,966,16449,953,8,60,7,54,True,True,True,all_alfworld,643,59,59,59,0,584,59,True,False,,,True,0.17155225667264754,0.17155225667264754,0.0002636204999852684,-2.572452026956905e-05,0.12364077351950221,0.12364077351950221,0.9912456684296918,0.4625205179646179,0.4625205179646179,0.0,5.0,5.0,test,placebo,59.0,59.0,59.0,2.0,118.0,0.059322033898305086,0.025423728813559324,-0.03389830508474576,-0.15254237288135594,0.0847457627118644,uncertain,paired_game_cluster_bootstrap,False,0.2966101694915254,0.23728813559322035,0.2627118644067797,0.23728813559322035,-0.03389830508474573,0.0
skillnet:alfworld-device-operator,initial,16,195,16,2,16,2,16,True,True,False,all_alfworld,22,22,22,22,0,0,22,True,False,,,True,-0.07506015151728422,-0.07506015151728421,0.00012811712170305485,-0.0002966253582537208,0.24692295903539485,0.24692295903539485,1.0,0.49230769230769234,0.49230769230769234,0.0,5.0,5.0,test,placebo,22.0,22.0,22.0,2.0,44.0,0.11363636363636363,0.06818181818181818,-0.045454545454545456,-0.29545454545454547,0.18181818181818182,uncertain,paired_game_cluster_bootstrap,False,0.36363636363636365,0.25,0.4090909090909091,0.3409090909090909,0.04545454545454547,0.09090909090909088
skillnet:alfworld-device-operator,early,83,1016,83,7,43,7,43,True,True,True,all_alfworld,111,48,48,27,0,84,27,True,False,,,True,0.07349692778352938,0.07349692778352938,0.0001373817674638944,-0.0005792056773111423,0.16374958069806064,0.16374958069806064,1.0,0.42322834645669294,0.42322834645669294,0.0,5.0,5.0,test,placebo,27.0,27.0,27.0,2.0,54.0,0.05555555555555555,0.05555555555555555,0.0,-0.12962962962962962,0.12962962962962962,uncertain,paired_game_cluster_bootstrap,False,0.2962962962962963,0.24074074074074073,0.2222222222222222,0.16666666666666666,-0.07407407407407407,-0.07407407407407407
skillnet:alfworld-device-operator,middle,185,3932,183,8,38,7,36,True,True,True,all_alfworld,158,39,39,7,0,151,7,True,False,,,True,0.2244689114987063,0.2244689114987063,0.00043670219540433076,0.0005056122131622347,0.10203520366097327,0.10203520366097327,0.9933875890132248,0.5165310274669379,0.5165310274669379,0.0,5.0,5.0,test,placebo,7.0,7.0,7.0,2.0,14.0,-0.07142857142857142,-0.21428571428571427,-0.14285714285714285,-0.42857142857142855,0.0,uncertain,paired_game_cluster_bootstrap,True,0.21428571428571427,0.2857142857142857,0.07142857142857142,0.2857142857142857,-0.14285714285714285,0.0
skillnet:alfworld-device-operator,late,682,11306,671,8,53,7,47,True,True,True,all_alfworld,352,41,41,3,0,349,3,True,False,,,True,0.16621397142342748,0.16621397142342748,0.00021710754090327605,-0.0001561025069043385,0.12542412098232916,0.12542412098232916,0.9895630638598975,0.4467539359632054,0.4467539359632054,0.0,5.0,5.0,test,placebo,3.0,3.0,3.0,2.0,6.0,0.0,0.0,0.0,0.0,0.0,stable,paired_game_cluster_bootstrap,False,0.0,0.0,0.0,0.0,0.0,0.0
skillnet:alfworld-environment-scanner,all,0,0,0,0,0,0,0,False,False,False,all_alfworld,0,0,0,0,0,0,0,False,False,no_first_invocation_in_registered_U0_source_phase,no_actual_U0_training_loss_token,,,,,,,,,,,,,,,,,,,,,,,,,,,,,,,,,,
skillnet:alfworld-environment-scanner,initial,0,0,0,0,0,0,0,False,False,False,all_alfworld,0,0,0,0,0,0,0,False,False,no_first_invocation_in_registered_U0_source_phase,no_actual_U0_training_loss_token,,,,,,,,,,,,,,,,,,,,,,,,,,,,,,,,,,
skillnet:alfworld-environment-scanner,early,0,0,0,0,0,0,0,False,False,False,all_alfworld,0,0,0,0,0,0,0,False,False,no_first_invocation_in_registered_U0_source_phase,no_actual_U0_training_loss_token,,,,,,,,,,,,,,,,,,,,,,,,,,,,,,,,,,
skillnet:alfworld-environment-scanner,middle,0,0,0,0,0,0,0,False,False,False,all_alfworld,0,0,0,0,0,0,0,False,False,no_first_invocation_in_registered_U0_source_phase,no_actual_U0_training_loss_token,,,,,,,,,,,,,,,,,,,,,,,,,,,,,,,,,,
skillnet:alfworld-environment-scanner,late,0,0,0,0,0,0,0,False,False,False,all_alfworld,0,0,0,0,0,0,0,False,False,no_first_invocation_in_registered_U0_source_phase,no_actual_U0_training_loss_token,,,,,,,,,,,,,,,,,,,,,,,,,,,,,,,,,,
skillnet:alfworld-goal-interpreter,all,0,0,0,0,0,0,0,False,False,False,all_alfworld,0,0,0,0,0,0,0,False,False,no_first_invocation_in_registered_U0_source_phase,no_actual_U0_training_loss_token,,,,,,,,,,,,,,,,,,,,,,,,,,,,,,,,,,
skillnet:alfworld-goal-interpreter,initial,0,0,0,0,0,0,0,False,False,False,all_alfworld,0,0,0,0,0,0,0,False,False,no_first_invocation_in_registered_U0_source_phase,no_actual_U0_training_loss_token,,,,,,,,,,,,,,,,,,,,,,,,,,,,,,,,,,
skillnet:alfworld-goal-interpreter,early,0,0,0,0,0,0,0,False,False,False,all_alfworld,0,0,0,0,0,0,0,False,False,no_first_invocation_in_registered_U0_source_phase,no_actual_U0_training_loss_token,,,,,,,,,,,,,,,,,,,,,,,,,,,,,,,,,,
skillnet:alfworld-goal-interpreter,middle,0,0,0,0,0,0,0,False,False,False,all_alfworld,0,0,0,0,0,0,0,False,False,no_first_invocation_in_registered_U0_source_phase,no_actual_U0_training_loss_token,,,,,,,,,,,,,,,,,,,,,,,,,,,,,,,,,,
skillnet:alfworld-goal-interpreter,late,0,0,0,0,0,0,0,False,False,False,all_alfworld,0,0,0,0,0,0,0,False,False,no_first_invocation_in_registered_U0_source_phase,no_actual_U0_training_loss_token,,,,,,,,,,,,,,,,,,,,,,,,,,,,,,,,,,
skillnet:alfworld-heat-object-with-appliance,all,146,1809,146,3,18,3,18,True,True,False,all_alfworld,452,32,32,32,0,420,32,True,False,,,True,-0.013559184313473045,-0.013559184313473045,-1.732853183605884e-05,0.0010889975870208206,0.23038584988148406,0.23038584988148406,1.0,0.6108347153123272,0.6108347153123272,0.0,5.0,5.0,test,placebo,32.0,32.0,32.0,2.0,64.0,0.15625,0.140625,-0.015625,-0.125,0.09375,uncertain,paired_game_cluster_bootstrap,False,0.234375,0.078125,0.25,0.109375,0.015625,0.03125
skillnet:alfworld-heat-object-with-appliance,initial,0,0,0,0,0,0,0,False,False,False,all_alfworld,0,0,0,0,0,0,0,False,False,no_first_invocation_in_registered_U0_source_phase,no_actual_U0_training_loss_token,False,,,,,,,,,,,,,,,,,,,,,,,,,,,,,,,,,
skillnet:alfworld-heat-object-with-appliance,early,9,108,9,1,6,1,6,True,True,False,all_alfworld,16,13,13,13,0,3,13,True,False,,,True,-0.3139681576925655,-0.3139681576925655,-8.030620874434719e-05,0.0005939940560282495,0.42496357785498623,0.42496357785498623,1.0,0.5833333333333334,0.5833333333333334,0.0,5.0,5.0,test,placebo,13.0,13.0,13.0,2.0,26.0,0.15384615384615385,0.07692307692307693,-0.07692307692307693,-0.2692307692307692,0.11538461538461539,uncertain,paired_game_cluster_bootstrap,True,0.23076923076923078,0.07692307692307693,0.23076923076923078,0.15384615384615385,0.0,0.07692307692307693
skillnet:alfworld-heat-object-with-appliance,middle,38,480,38,3,12,3,12,True,True,False,all_alfworld,117,24,24,12,0,105,12,True,False,,,True,-0.1029824988227583,-0.1029824988227583,-9.65251950282417e-05,0.0002355543602765001,0.23414668755093102,0.23414668755093102,1.0,0.525,0.525,0.0,5.0,5.0,test,placebo,12.0,12.0,12.0,2.0,24.0,0.25,0.25,0.0,-0.16666666666666666,0.16666666666666666,uncertain,paired_game_cluster_bootstrap,False,0.3333333333333333,0.08333333333333333,0.3333333333333333,0.08333333333333333,0.0,0.0
skillnet:alfworld-heat-object-with-appliance,late,99,1221,99,3,14,3,14,True,True,False,all_alfworld,319,26,26,7,0,312,7,True,False,,,True,0.0481667453256743,0.0481667453256743,1.9375798580274418e-05,0.0014682876199319354,0.21169658149289053,0.21169658149289053,1.0,0.647010647010647,0.647010647010647,0.0,5.0,5.0,test,placebo,7.0,7.0,7.0,2.0,14.0,0.0,0.07142857142857142,0.07142857142857142,0.0,0.2857142857142857,uncertain,paired_game_cluster_bootstrap,False,0.07142857142857142,0.07142857142857142,0.14285714285714285,0.07142857142857142,0.07142857142857142,0.0
skillnet:alfworld-inventory-management,all,0,0,0,0,0,0,0,False,False,False,all_alfworld,2,2,2,2,0,0,2,True,False,,no_actual_U0_training_loss_token,False,,,,,,,,,,0.0,5.0,5.0,test,placebo,2.0,2.0,2.0,2.0,4.0,0.0,0.0,0.0,0.0,0.0,stable,paired_game_cluster_bootstrap,False,0.5,0.5,0.75,0.75,0.25,0.25
skillnet:alfworld-inventory-management,initial,0,0,0,0,0,0,0,False,False,False,all_alfworld,0,0,0,0,0,0,0,False,False,no_first_invocation_in_registered_U0_source_phase,no_actual_U0_training_loss_token,False,,,,,,,,,,,,,,,,,,,,,,,,,,,,,,,,,
skillnet:alfworld-inventory-management,early,0,0,0,0,0,0,0,False,False,False,all_alfworld,2,2,2,2,0,0,2,True,False,,no_actual_U0_training_loss_token,False,,,,,,,,,,0.0,5.0,5.0,test,placebo,2.0,2.0,2.0,2.0,4.0,0.0,0.0,0.0,0.0,0.0,stable,paired_game_cluster_bootstrap,False,0.5,0.5,0.75,0.75,0.25,0.25
skillnet:alfworld-inventory-management,middle,0,0,0,0,0,0,0,False,False,False,all_alfworld,0,0,0,0,0,0,0,False,False,no_first_invocation_in_registered_U0_source_phase,no_actual_U0_training_loss_token,False,,,,,,,,,,,,,,,,,,,,,,,,,,,,,,,,,
skillnet:alfworld-inventory-management,late,0,0,0,0,0,0,0,False,False,False,all_alfworld,0,0,0,0,0,0,0,False,False,no_first_invocation_in_registered_U0_source_phase,no_actual_U0_training_loss_token,False,,,,,,,,,,,,,,,,,,,,,,,,,,,,,,,,,
skillnet:alfworld-locate-target-object,all,1,12,1,1,1,1,1,True,True,False,all_alfworld,2,2,2,2,0,0,2,True,False,,,True,-0.002419284694120329,-0.002419284694120329,-0.00015302764448754417,-0.003016370649117616,0.0,0.0,1.0,0.25,0.25,0.0,5.0,5.0,test,placebo,2.0,2.0,2.0,2.0,4.0,0.0,0.0,0.0,0.0,0.0,stable,paired_game_cluster_bootstrap,False,0.5,0.5,0.5,0.5,0.0,0.0
skillnet:alfworld-locate-target-object,initial,0,0,0,0,0,0,0,False,False,False,all_alfworld,2,2,2,2,0,0,2,True,False,,no_actual_U0_training_loss_token,False,,,,,,,,,,0.0,5.0,5.0,test,placebo,2.0,2.0,2.0,2.0,4.0,0.0,0.0,0.0,0.0,0.0,stable,paired_game_cluster_bootstrap,False,0.5,0.5,0.5,0.5,0.0,0.0
skillnet:alfworld-locate-target-object,early,1,12,1,1,1,1,1,True,True,False,all_alfworld,0,0,0,0,0,0,0,False,False,no_first_invocation_in_registered_U0_source_phase,,True,-0.002419284694120329,-0.002419284694120329,-0.00015302764448754417,-0.003016370649117616,0.0,0.0,1.0,0.25,0.25,,,,,,,,,,,,,,,,,,,,,,,,
skillnet:alfworld-locate-target-object,middle,0,0,0,0,0,0,0,False,False,False,all_alfworld,0,0,0,0,0,0,0,False,False,no_first_invocation_in_registered_U0_source_phase,no_actual_U0_training_loss_token,False,,,,,,,,,,,,,,,,,,,,,,,,,,,,,,,,,
skillnet:alfworld-locate-target-object,late,0,0,0,0,0,0,0,False,False,False,all_alfworld,0,0,0,0,0,0,0,False,False,no_first_invocation_in_registered_U0_source_phase,no_actual_U0_training_loss_token,False,,,,,,,,,,,,,,,,,,,,,,,,,,,,,,,,,
skillnet:alfworld-location-navigator,all,0,0,0,0,0,0,0,False,False,False,all_alfworld,0,0,0,0,0,0,0,False,False,no_first_invocation_in_registered_U0_source_phase,no_actual_U0_training_loss_token,,,,,,,,,,,,,,,,,,,,,,,,,,,,,,,,,,
skillnet:alfworld-location-navigator,initial,0,0,0,0,0,0,0,False,False,False,all_alfworld,0,0,0,0,0,0,0,False,False,no_first_invocation_in_registered_U0_source_phase,no_actual_U0_training_loss_token,,,,,,,,,,,,,,,,,,,,,,,,,,,,,,,,,,
skillnet:alfworld-location-navigator,early,0,0,0,0,0,0,0,False,False,False,all_alfworld,0,0,0,0,0,0,0,False,False,no_first_invocation_in_registered_U0_source_phase,no_actual_U0_training_loss_token,,,,,,,,,,,,,,,,,,,,,,,,,,,,,,,,,,
skillnet:alfworld-location-navigator,middle,0,0,0,0,0,0,0,False,False,False,all_alfworld,0,0,0,0,0,0,0,False,False,no_first_invocation_in_registered_U0_source_phase,no_actual_U0_training_loss_token,,,,,,,,,,,,,,,,,,,,,,,,,,,,,,,,,,
skillnet:alfworld-location-navigator,late,0,0,0,0,0,0,0,False,False,False,all_alfworld,0,0,0,0,0,0,0,False,False,no_first_invocation_in_registered_U0_source_phase,no_actual_U0_training_loss_token,,,,,,,,,,,,,,,,,,,,,,,,,,,,,,,,,,
skillnet:alfworld-navigation-planner,all,0,0,0,0,0,0,0,False,False,False,all_alfworld,0,0,0,0,0,0,0,False,False,no_first_invocation_in_registered_U0_source_phase,no_actual_U0_training_loss_token,,,,,,,,,,,,,,,,,,,,,,,,,,,,,,,,,,
skillnet:alfworld-navigation-planner,initial,0,0,0,0,0,0,0,False,False,False,all_alfworld,0,0,0,0,0,0,0,False,False,no_first_invocation_in_registered_U0_source_phase,no_actual_U0_training_loss_token,,,,,,,,,,,,,,,,,,,,,,,,,,,,,,,,,,
skillnet:alfworld-navigation-planner,early,0,0,0,0,0,0,0,False,False,False,all_alfworld,0,0,0,0,0,0,0,False,False,no_first_invocation_in_registered_U0_source_phase,no_actual_U0_training_loss_token,,,,,,,,,,,,,,,,,,,,,,,,,,,,,,,,,,
skillnet:alfworld-navigation-planner,middle,0,0,0,0,0,0,0,False,False,False,all_alfworld,0,0,0,0,0,0,0,False,False,no_first_invocation_in_registered_U0_source_phase,no_actual_U0_training_loss_token,,,,,,,,,,,,,,,,,,,,,,,,,,,,,,,,,,
skillnet:alfworld-navigation-planner,late,0,0,0,0,0,0,0,False,False,False,all_alfworld,0,0,0,0,0,0,0,False,False,no_first_invocation_in_registered_U0_source_phase,no_actual_U0_training_loss_token,,,,,,,,,,,,,,,,,,,,,,,,,,,,,,,,,,
skillnet:alfworld-object-cooler,all,625,8239,625,4,32,4,32,True,True,True,all_alfworld,260,21,21,21,0,239,21,True,False,,,True,-0.10414887423095796,-0.10414887423095796,-7.416817885768215e-05,0.0006959763228490209,0.22155890641629802,0.22155890641629802,1.0,0.5989804587935429,0.5989804587935429,0.0,5.0,5.0,test,placebo,21.0,21.0,21.0,2.0,42.0,0.023809523809523808,0.09523809523809523,0.07142857142857142,-0.09523809523809523,0.2857142857142857,uncertain,paired_game_cluster_bootstrap,False,0.30952380952380953,0.2857142857142857,0.23809523809523808,0.14285714285714285,-0.07142857142857145,-0.14285714285714285
skillnet:alfworld-object-cooler,initial,0,0,0,0,0,0,0,False,False,False,all_alfworld,0,0,0,0,0,0,0,False,False,no_first_invocation_in_registered_U0_source_phase,no_actual_U0_training_loss_token,False,,,,,,,,,,,,,,,,,,,,,,,,,,,,,,,,,
skillnet:alfworld-object-cooler,early,38,515,38,4,18,4,18,True,True,True,all_alfworld,14,9,9,9,0,5,9,True,False,,,True,-0.10053742041049343,-0.10053742041049343,9.543023018858115e-05,0.0003960838387573166,0.23796420781983543,0.23796420781983543,1.0,0.537864077669903,0.537864077669903,0.0,5.0,5.0,test,placebo,9.0,9.0,9.0,2.0,18.0,0.05555555555555555,0.16666666666666666,0.1111111111111111,-0.2777777777777778,0.5555555555555556,uncertain,paired_game_cluster_bootstrap,False,0.4444444444444444,0.3888888888888889,0.2777777777777778,0.1111111111111111,-0.16666666666666663,-0.2777777777777778
skillnet:alfworld-object-cooler,middle,159,2083,159,4,26,4,26,True,True,True,all_alfworld,54,15,15,6,0,48,6,True,False,,,True,-0.07150803882671193,-0.07150803882671193,-9.188462397644155e-05,0.00023289641020778692,0.19911928565330825,0.19911928565330825,1.0,0.5458473355736918,0.5458473355736918,0.0,5.0,5.0,test,placebo,6.0,6.0,6.0,2.0,12.0,-0.08333333333333333,0.0,0.08333333333333333,0.0,0.3333333333333333,uncertain,paired_game_cluster_bootstrap,False,0.3333333333333333,0.4166666666666667,0.3333333333333333,0.3333333333333333,0.0,-0.08333333333333337
skillnet:alfworld-object-cooler,late,428,5641,428,4,26,4,26,True,True,True,all_alfworld,192,16,16,6,0,186,6,True,False,,,True,-0.11653156504191058,-0.11653156504191058,-8.310982492689857e-05,0.0008943525127690561,0.22834724178706312,0.22834724178706312,1.0,0.6241801099095905,0.6241801099095905,0.0,5.0,5.0,test,placebo,6.0,6.0,6.0,2.0,12.0,0.08333333333333333,0.08333333333333333,0.0,0.0,0.0,stable,paired_game_cluster_bootstrap,False,0.08333333333333333,0.0,0.08333333333333333,0.0,0.0,0.0
skillnet:alfworld-object-disposer,all,0,0,0,0,0,0,0,False,False,False,all_alfworld,3,2,2,2,0,1,2,True,False,,no_actual_U0_training_loss_token,False,,,,,,,,,,0.0,5.0,5.0,test,placebo,2.0,2.0,2.0,2.0,4.0,0.0,0.0,0.0,0.0,0.0,stable,paired_game_cluster_bootstrap,False,0.5,0.5,0.75,0.75,0.25,0.25
skillnet:alfworld-object-disposer,initial,0,0,0,0,0,0,0,False,False,False,all_alfworld,0,0,0,0,0,0,0,False,False,no_first_invocation_in_registered_U0_source_phase,no_actual_U0_training_loss_token,False,,,,,,,,,,,,,,,,,,,,,,,,,,,,,,,,,
skillnet:alfworld-object-disposer,early,0,0,0,0,0,0,0,False,False,False,all_alfworld,2,2,2,2,0,0,2,True,False,,no_actual_U0_training_loss_token,False,,,,,,,,,,0.0,5.0,5.0,test,placebo,2.0,2.0,2.0,2.0,4.0,0.0,0.0,0.0,0.0,0.0,stable,paired_game_cluster_bootstrap,False,0.5,0.5,0.75,0.75,0.25,0.25
skillnet:alfworld-object-disposer,middle,0,0,0,0,0,0,0,False,False,False,all_alfworld,1,1,1,0,0,1,0,False,False,no_first_invocation_in_registered_U0_source_phase,no_actual_U0_training_loss_token,False,,,,,,,,,,,,,,,,,,,,,,,,,,,,,,,,,
skillnet:alfworld-object-disposer,late,0,0,0,0,0,0,0,False,False,False,all_alfworld,0,0,0,0,0,0,0,False,False,no_first_invocation_in_registered_U0_source_phase,no_actual_U0_training_loss_token,False,,,,,,,,,,,,,,,,,,,,,,,,,,,,,,,,,
skillnet:alfworld-object-heater,all,10,112,10,1,7,1,7,True,True,False,all_alfworld,23,9,9,9,0,14,9,True,False,,,True,0.1736964590830802,0.1736964590830802,7.390530809930634e-05,0.0014985865883368834,0.10583445218507456,0.10583445218507456,1.0,0.6517857142857143,0.6517857142857143,0.0,5.0,5.0,test,placebo,9.0,9.0,9.0,2.0,18.0,0.0,-0.05555555555555555,-0.05555555555555555,-0.2222222222222222,0.0,uncertain,paired_game_cluster_bootstrap,True,0.2777777777777778,0.2777777777777778,0.16666666666666666,0.2222222222222222,-0.11111111111111113,-0.05555555555555558
skillnet:alfworld-object-heater,initial,0,0,0,0,0,0,0,False,False,False,all_alfworld,0,0,0,0,0,0,0,False,False,no_first_invocation_in_registered_U0_source_phase,no_actual_U0_training_loss_token,False,,,,,,,,,,,,,,,,,,,,,,,,,,,,,,,,,
skillnet:alfworld-object-heater,early,9,101,9,1,7,1,7,True,True,False,all_alfworld,1,1,1,1,0,0,1,True,False,,,True,0.10367946524161357,0.10367946524161356,8.255905434784303e-05,0.0013199467034767554,0.09879274604893755,0.09879274604893755,1.0,0.6237623762376238,0.6237623762376238,0.0,5.0,5.0,test,placebo,1.0,1.0,1.0,2.0,2.0,0.0,0.0,0.0,,,uncertain,single_game_interval_undefined,False,0.0,0.0,0.5,0.5,0.5,0.5
skillnet:alfworld-object-heater,middle,1,11,1,1,1,1,1,True,True,False,all_alfworld,5,4,4,4,0,1,4,True,False,,,True,0.8165797661729104,0.8165797661729104,-5.551816546348653e-06,0.003138825531143513,0.17049011761687802,0.17049011761687802,1.0,0.9090909090909091,0.9090909090909091,0.0,5.0,5.0,test,placebo,4.0,4.0,4.0,2.0,8.0,0.0,-0.125,-0.125,-0.5,0.0,uncertain,paired_game_cluster_bootstrap,True,0.625,0.625,0.25,0.375,-0.375,-0.25
skillnet:alfworld-object-heater,late,0,0,0,0,0,0,0,False,False,False,all_alfworld,17,7,7,4,0,13,4,True,False,,no_actual_U0_training_loss_token,False,,,,,,,,,,0.0,5.0,5.0,test,placebo,4.0,4.0,4.0,2.0,8.0,0.0,0.0,0.0,0.0,0.0,stable,paired_game_cluster_bootstrap,False,0.0,0.0,0.0,0.0,0.0,0.0
skillnet:alfworld-object-locator,all,0,0,0,0,0,0,0,False,False,False,all_alfworld,0,0,0,0,0,0,0,False,False,no_first_invocation_in_registered_U0_source_phase,no_actual_U0_training_loss_token,,,,,,,,,,,,,,,,,,,,,,,,,,,,,,,,,,
skillnet:alfworld-object-locator,initial,0,0,0,0,0,0,0,False,False,False,all_alfworld,0,0,0,0,0,0,0,False,False,no_first_invocation_in_registered_U0_source_phase,no_actual_U0_training_loss_token,,,,,,,,,,,,,,,,,,,,,,,,,,,,,,,,,,
skillnet:alfworld-object-locator,early,0,0,0,0,0,0,0,False,False,False,all_alfworld,0,0,0,0,0,0,0,False,False,no_first_invocation_in_registered_U0_source_phase,no_actual_U0_training_loss_token,,,,,,,,,,,,,,,,,,,,,,,,,,,,,,,,,,
skillnet:alfworld-object-locator,middle,0,0,0,0,0,0,0,False,False,False,all_alfworld,0,0,0,0,0,0,0,False,False,no_first_invocation_in_registered_U0_source_phase,no_actual_U0_training_loss_token,,,,,,,,,,,,,,,,,,,,,,,,,,,,,,,,,,
skillnet:alfworld-object-locator,late,0,0,0,0,0,0,0,False,False,False,all_alfworld,0,0,0,0,0,0,0,False,False,no_first_invocation_in_registered_U0_source_phase,no_actual_U0_training_loss_token,,,,,,,,,,,,,,,,,,,,,,,,,,,,,,,,,,
skillnet:alfworld-object-picker,all,25,322,25,5,20,5,20,True,True,True,all_alfworld,29,7,7,7,0,22,7,True,False,,,True,0.018621892990351125,0.018621892990351132,-5.560875877526348e-05,0.0002893448282970004,0.1762016750796734,0.1762016750796734,1.0,0.5372670807453416,0.5372670807453416,0.0,5.0,5.0,test,placebo,7.0,7.0,7.0,2.0,14.0,0.0,0.0,0.0,-0.21428571428571427,0.21428571428571427,uncertain,paired_game_cluster_bootstrap,False,0.14285714285714285,0.14285714285714285,0.2857142857142857,0.2857142857142857,0.14285714285714285,0.14285714285714285
skillnet:alfworld-object-picker,initial,0,0,0,0,0,0,0,False,False,False,all_alfworld,0,0,0,0,0,0,0,False,False,no_first_invocation_in_registered_U0_source_phase,no_actual_U0_training_loss_token,False,,,,,,,,,,,,,,,,,,,,,,,,,,,,,,,,,
skillnet:alfworld-object-picker,early,21,269,21,4,19,4,19,True,True,True,all_alfworld,8,4,4,4,0,4,4,True,False,,,True,0.03127156720119666,0.03127156720119666,-7.367465346266668e-05,0.00011090719848580592,0.1652253251141248,0.1652253251141248,1.0,0.516728624535316,0.516728624535316,0.0,5.0,5.0,test,placebo,4.0,4.0,4.0,2.0,8.0,0.125,0.0,-0.125,-0.5,0.0,uncertain,paired_game_cluster_bootstrap,True,0.125,0.0,0.0,0.0,-0.125,0.0
skillnet:alfworld-object-picker,middle,1,13,1,1,1,1,1,True,True,False,all_alfworld,9,3,3,1,0,8,1,True,False,,,True,0.5662307591927912,0.5662307591927912,0.0006069718769939152,-0.0004192286349977655,0.001931834725272008,0.001931834725272008,1.0,0.46153846153846156,0.46153846153846156,0.0,5.0,5.0,test,placebo,1.0,1.0,1.0,2.0,2.0,-0.5,0.0,0.5,,,uncertain,single_game_interval_undefined,False,0.5,1.0,1.0,1.0,0.5,0.0
skillnet:alfworld-object-picker,late,3,40,3,2,3,2,3,True,True,False,all_alfworld,12,6,6,2,0,10,2,True,False,,,True,-0.24442004759337807,-0.24442004759337807,-0.0001494543236274599,0.0017196242643480824,0.3066553267131682,0.3066553267131682,1.0,0.7,0.7,0.0,5.0,5.0,test,placebo,2.0,2.0,2.0,2.0,4.0,0.0,0.0,0.0,0.0,0.0,stable,paired_game_cluster_bootstrap,False,0.0,0.0,0.5,0.5,0.5,0.5
skillnet:alfworld-object-placer,all,1136,16612,1136,7,46,7,46,True,True,True,all_alfworld,403,23,23,23,0,380,23,True,False,,,True,-0.1889403479220858,-0.1889403479220858,-2.233466844407133e-05,0.0011768952334176607,0.2765854028521355,0.2765854028521355,1.0,0.6273176017336864,0.6273176017336864,0.0,5.0,5.0,test,placebo,23.0,23.0,23.0,2.0,46.0,-0.15217391304347827,0.0,0.15217391304347827,-0.043478260869565216,0.34782608695652173,uncertain,paired_game_cluster_bootstrap,False,0.32608695652173914,0.4782608695652174,0.5,0.5,0.17391304347826086,0.021739130434782594
skillnet:alfworld-object-placer,initial,16,185,16,2,16,2,16,True,True,False,all_alfworld,3,3,3,3,0,0,3,True,False,,,True,-0.17672417393992437,-0.17672417393992437,-0.0002561822226000565,0.0006792482291760416,0.15190386313762194,0.15190386313762194,1.0,0.5351351351351351,0.5351351351351351,0.0,5.0,5.0,test,placebo,3.0,3.0,3.0,2.0,6.0,0.16666666666666666,0.0,-0.16666666666666666,-0.6666666666666666,0.0,uncertain,paired_game_cluster_bootstrap,True,0.16666666666666666,0.0,0.0,0.0,-0.16666666666666666,0.0
skillnet:alfworld-object-placer,early,63,863,63,4,30,4,30,True,True,True,all_alfworld,7,5,5,4,0,3,4,True,False,,,True,-0.03967122284341615,-0.03967122284341616,-4.754375930580199e-05,0.0006538969428794875,0.20847086478089052,0.20847086478089052,1.0,0.5770567786790266,0.5770567786790266,0.0,5.0,5.0,test,placebo,4.0,4.0,4.0,2.0,8.0,-0.5,-0.125,0.375,0.0,0.875,uncertain,paired_game_cluster_bootstrap,False,0.0,0.5,0.625,0.75,0.625,0.25
skillnet:alfworld-object-placer,middle,258,3756,258,7,37,7,37,True,True,True,all_alfworld,84,17,17,10,0,74,10,True,False,,,True,-0.1037586197931428,-0.1037586197931428,-6.40680665920501e-06,0.0008292989282516482,0.25195509600531407,0.25195509600531407,1.0,0.5942492012779552,0.5942492012779552,0.0,5.0,5.0,test,placebo,10.0,10.0,10.0,2.0,20.0,-0.1,0.05,0.15,-0.2,0.5,uncertain,paired_game_cluster_bootstrap,False,0.6,0.7,0.75,0.7,0.15000000000000002,0.0
skillnet:alfworld-object-placer,late,799,11808,799,7,37,7,37,True,True,True,all_alfworld,309,18,18,6,0,303,6,True,False,,,True,-0.2271366400953499,-0.2271366400953499,-2.189495011170573e-05,0.0013334826269409236,0.29135169381752596,0.29135169381752596,1.0,0.6429539295392954,0.6429539295392954,0.0,5.0,5.0,test,placebo,6.0,6.0,6.0,2.0,12.0,-0.16666666666666666,0.0,0.16666666666666666,0.0,0.4166666666666667,uncertain,paired_game_cluster_bootstrap,False,0.16666666666666666,0.3333333333333333,0.25,0.25,0.08333333333333334,-0.08333333333333331
skillnet:alfworld-object-retriever,all,0,0,0,0,0,0,0,False,False,False,all_alfworld,16,15,15,15,0,1,15,True,False,,no_actual_U0_training_loss_token,False,,,,,,,,,,0.0,5.0,5.0,test,placebo,15.0,15.0,15.0,2.0,30.0,-0.03333333333333333,-0.03333333333333333,0.0,-0.16666666666666666,0.2,uncertain,paired_game_cluster_bootstrap,False,0.3333333333333333,0.36666666666666664,0.3,0.3333333333333333,-0.033333333333333326,-0.033333333333333326
skillnet:alfworld-object-retriever,initial,0,0,0,0,0,0,0,False,False,False,all_alfworld,2,2,2,2,0,0,2,True,False,,no_actual_U0_training_loss_token,False,,,,,,,,,,0.0,5.0,5.0,test,placebo,2.0,2.0,2.0,2.0,4.0,0.0,0.0,0.0,0.0,0.0,stable,paired_game_cluster_bootstrap,False,0.0,0.0,0.5,0.5,0.5,0.5
skillnet:alfworld-object-retriever,early,0,0,0,0,0,0,0,False,False,False,all_alfworld,14,13,13,13,0,1,13,True,False,,no_actual_U0_training_loss_token,False,,,,,,,,,,0.0,5.0,5.0,test,placebo,13.0,13.0,13.0,2.0,26.0,-0.038461538461538464,-0.038461538461538464,0.0,-0.19230769230769232,0.23076923076923078,uncertain,paired_game_cluster_bootstrap,False,0.38461538461538464,0.4230769230769231,0.2692307692307692,0.3076923076923077,-0.11538461538461542,-0.11538461538461536
skillnet:alfworld-object-retriever,middle,0,0,0,0,0,0,0,False,False,False,all_alfworld,0,0,0,0,0,0,0,False,False,no_first_invocation_in_registered_U0_source_phase,no_actual_U0_training_loss_token,False,,,,,,,,,,,,,,,,,,,,,,,,,,,,,,,,,
skillnet:alfworld-object-retriever,late,0,0,0,0,0,0,0,False,False,False,all_alfworld,0,0,0,0,0,0,0,False,False,no_first_invocation_in_registered_U0_source_phase,no_actual_U0_training_loss_token,False,,,,,,,,,,,,,,,,,,,,,,,,,,,,,,,,,
skillnet:alfworld-object-state-inspector,all,399,4990,399,1,8,1,8,True,True,False,all_alfworld,684,18,18,18,0,666,18,True,False,,,True,0.07217009639497242,0.07217009639497242,-3.0597651859586836e-05,0.001008035326843201,0.23375379006026706,0.23375379006026706,1.0,0.633066132264529,0.633066132264529,0.0,5.0,5.0,test,placebo,18.0,18.0,18.0,2.0,36.0,0.05555555555555555,0.19444444444444445,0.1388888888888889,-0.1111111111111111,0.3888888888888889,uncertain,paired_game_cluster_bootstrap,False,0.3888888888888889,0.3333333333333333,0.4722222222222222,0.2777777777777778,0.08333333333333331,-0.055555555555555525
skillnet:alfworld-object-state-inspector,initial,8,84,8,1,8,1,8,True,True,False,all_alfworld,10,10,10,10,0,0,10,True,False,,,True,0.3711682848635099,0.3711682848635099,-9.04962211344788e-05,0.00041895357788576524,0.07032819403964385,0.07032819403964385,1.0,0.5357142857142857,0.5357142857142857,0.0,5.0,5.0,test,placebo,10.0,10.0,10.0,2.0,20.0,0.1,0.05,-0.05,-0.3,0.25,uncertain,paired_game_cluster_bootstrap,False,0.2,0.1,0.3,0.25,0.09999999999999998,0.15
skillnet:alfworld-object-state-inspector,early,32,396,32,1,8,1,8,True,True,False,all_alfworld,62,17,17,7,0,55,7,True,False,,,True,0.12827936132127885,0.12827936132127882,3.542299052842e-05,0.0008786790182694273,0.23354495999092884,0.23354495999092884,1.0,0.6338383838383839,0.6338383838383839,0.0,5.0,5.0,test,placebo,7.0,7.0,7.0,2.0,14.0,0.0,0.42857142857142855,0.42857142857142855,0.07142857142857142,0.8571428571428571,positive,paired_game_cluster_bootstrap,False,0.5714285714285714,0.5714285714285714,0.6428571428571429,0.21428571428571427,0.07142857142857151,-0.3571428571428571
skillnet:alfworld-object-state-inspector,middle,80,984,80,1,8,1,8,True,True,False,all_alfworld,140,16,16,1,0,139,1,True,False,,,True,-0.03078271379590258,-0.03078271379590258,-5.194165168491249e-05,0.0009842276065551788,0.2652886795483685,0.2652886795483685,1.0,0.6280487804878049,0.6280487804878049,0.0,5.0,5.0,test,placebo,1.0,1.0,1.0,2.0,2.0,0.0,0.0,0.0,,,uncertain,single_game_interval_undefined,False,1.0,1.0,1.0,1.0,0.0,0.0
skillnet:alfworld-object-state-inspector,late,279,3526,279,1,8,1,8,True,True,False,all_alfworld,472,16,16,0,0,472,0,False,False,no_first_invocation_in_registered_U0_source_phase,,True,0.08747651967507637,0.08747651967507636,-3.0628905046892396e-05,0.0010432408747362957,0.2288701018914918,0.2288701018914918,1.0,0.6366988088485536,0.6366988088485536,,,,,,,,,,,,,,,,,,,,,,,,
skillnet:alfworld-object-state-modifier,all,0,0,0,0,0,0,0,False,False,False,all_alfworld,0,0,0,0,0,0,0,False,False,no_first_invocation_in_registered_U0_source_phase,no_actual_U0_training_loss_token,,,,,,,,,,,,,,,,,,,,,,,,,,,,,,,,,,
skillnet:alfworld-object-state-modifier,initial,0,0,0,0,0,0,0,False,False,False,all_alfworld,0,0,0,0,0,0,0,False,False,no_first_invocation_in_registered_U0_source_phase,no_actual_U0_training_loss_token,,,,,,,,,,,,,,,,,,,,,,,,,,,,,,,,,,
skillnet:alfworld-object-state-modifier,early,0,0,0,0,0,0,0,False,False,False,all_alfworld,0,0,0,0,0,0,0,False,False,no_first_invocation_in_registered_U0_source_phase,no_actual_U0_training_loss_token,,,,,,,,,,,,,,,,,,,,,,,,,,,,,,,,,,
skillnet:alfworld-object-state-modifier,middle,0,0,0,0,0,0,0,False,False,False,all_alfworld,0,0,0,0,0,0,0,False,False,no_first_invocation_in_registered_U0_source_phase,no_actual_U0_training_loss_token,,,,,,,,,,,,,,,,,,,,,,,,,,,,,,,,,,
skillnet:alfworld-object-state-modifier,late,0,0,0,0,0,0,0,False,False,False,all_alfworld,0,0,0,0,0,0,0,False,False,no_first_invocation_in_registered_U0_source_phase,no_actual_U0_training_loss_token,,,,,,,,,,,,,,,,,,,,,,,,,,,,,,,,,,
skillnet:alfworld-object-storer,all,97,1281,92,4,20,3,17,True,True,False,all_alfworld,267,18,18,18,0,249,18,True,False,,,True,0.1643000112896825,0.1643000112896825,3.431415654706761e-05,-0.0013450883687672476,0.09374823385462139,0.09374823385462139,0.9516003122560499,0.336455893832943,0.336455893832943,0.0,5.0,5.0,test,placebo,18.0,18.0,18.0,2.0,36.0,-0.05555555555555555,-0.05555555555555555,0.0,-0.16666666666666666,0.16666666666666666,uncertain,paired_game_cluster_bootstrap,False,0.1111111111111111,0.16666666666666666,0.25,0.3055555555555556,0.1388888888888889,0.13888888888888892
skillnet:alfworld-object-storer,initial,0,0,0,0,0,0,0,False,False,False,all_alfworld,0,0,0,0,0,0,0,False,False,no_first_invocation_in_registered_U0_source_phase,no_actual_U0_training_loss_token,False,,,,,,,,,,,,,,,,,,,,,,,,,,,,,,,,,
skillnet:alfworld-object-storer,early,7,88,7,2,6,2,6,True,True,False,all_alfworld,11,8,8,8,0,3,8,True,False,,,True,0.2309486264751282,0.2309486264751282,-0.00013095499474328502,-0.0006989003780800578,0.1082108461562811,0.1082108461562811,1.0,0.4659090909090909,0.4659090909090909,0.0,5.0,5.0,test,placebo,8.0,8.0,8.0,2.0,16.0,-0.125,0.0625,0.1875,0.0,0.5,uncertain,paired_game_cluster_bootstrap,False,0.0,0.125,0.375,0.3125,0.375,0.1875
skillnet:alfworld-object-storer,middle,18,241,16,3,12,2,10,True,True,False,all_alfworld,56,14,14,6,0,50,6,True,False,,,True,-0.028303495274054985,-0.028303495274054992,-4.766871263025882e-05,-0.0012507015506402364,0.12211817434940825,0.12211817434940825,0.8962655601659751,0.3236514522821577,0.3236514522821577,0.0,5.0,5.0,test,placebo,6.0,6.0,6.0,2.0,12.0,0.0,-0.16666666666666666,-0.16666666666666666,-0.5,0.0,uncertain,paired_game_cluster_bootstrap,True,0.16666666666666666,0.16666666666666666,0.16666666666666666,0.3333333333333333,0.0,0.16666666666666666
skillnet:alfworld-object-storer,late,72,952,69,3,14,2,11,True,True,False,all_alfworld,200,15,15,4,0,196,4,True,False,,,True,0.20689703539214208,0.20689703539214208,7.034520359043598e-05,-0.0014287141737557795,0.08522946752921207,0.08522946752921207,0.9611344537815126,0.3277310924369748,0.3277310924369748,0.0,5.0,5.0,test,placebo,4.0,4.0,4.0,2.0,8.0,0.0,-0.125,-0.125,-0.5,0.0,uncertain,paired_game_cluster_bootstrap,True,0.25,0.25,0.125,0.25,-0.125,0.0
skillnet:alfworld-object-transporter,all,0,0,0,0,0,0,0,False,False,False,all_alfworld,1,1,1,1,0,0,1,True,False,,no_actual_U0_training_loss_token,False,,,,,,,,,,0.0,5.0,5.0,test,placebo,1.0,1.0,1.0,2.0,2.0,0.0,0.0,0.0,,,uncertain,single_game_interval_undefined,False,1.0,1.0,1.0,1.0,0.0,0.0
skillnet:alfworld-object-transporter,initial,0,0,0,0,0,0,0,False,False,False,all_alfworld,0,0,0,0,0,0,0,False,False,no_first_invocation_in_registered_U0_source_phase,no_actual_U0_training_loss_token,False,,,,,,,,,,,,,,,,,,,,,,,,,,,,,,,,,
skillnet:alfworld-object-transporter,early,0,0,0,0,0,0,0,False,False,False,all_alfworld,0,0,0,0,0,0,0,False,False,no_first_invocation_in_registered_U0_source_phase,no_actual_U0_training_loss_token,False,,,,,,,,,,,,,,,,,,,,,,,,,,,,,,,,,
skillnet:alfworld-object-transporter,middle,0,0,0,0,0,0,0,False,False,False,all_alfworld,0,0,0,0,0,0,0,False,False,no_first_invocation_in_registered_U0_source_phase,no_actual_U0_training_loss_token,False,,,,,,,,,,,,,,,,,,,,,,,,,,,,,,,,,
skillnet:alfworld-object-transporter,late,0,0,0,0,0,0,0,False,False,False,all_alfworld,1,1,1,1,0,0,1,True,False,,no_actual_U0_training_loss_token,False,,,,,,,,,,0.0,5.0,5.0,test,placebo,1.0,1.0,1.0,2.0,2.0,0.0,0.0,0.0,,,uncertain,single_game_interval_undefined,False,1.0,1.0,1.0,1.0,0.0,0.0
skillnet:alfworld-open-receptacle,all,0,0,0,0,0,0,0,False,False,False,all_alfworld,0,0,0,0,0,0,0,False,False,no_first_invocation_in_registered_U0_source_phase,no_actual_U0_training_loss_token,,,,,,,,,,,,,,,,,,,,,,,,,,,,,,,,,,
skillnet:alfworld-open-receptacle,initial,0,0,0,0,0,0,0,False,False,False,all_alfworld,0,0,0,0,0,0,0,False,False,no_first_invocation_in_registered_U0_source_phase,no_actual_U0_training_loss_token,,,,,,,,,,,,,,,,,,,,,,,,,,,,,,,,,,
skillnet:alfworld-open-receptacle,early,0,0,0,0,0,0,0,False,False,False,all_alfworld,0,0,0,0,0,0,0,False,False,no_first_invocation_in_registered_U0_source_phase,no_actual_U0_training_loss_token,,,,,,,,,,,,,,,,,,,,,,,,,,,,,,,,,,
skillnet:alfworld-open-receptacle,middle,0,0,0,0,0,0,0,False,False,False,all_alfworld,0,0,0,0,0,0,0,False,False,no_first_invocation_in_registered_U0_source_phase,no_actual_U0_training_loss_token,,,,,,,,,,,,,,,,,,,,,,,,,,,,,,,,,,
skillnet:alfworld-open-receptacle,late,0,0,0,0,0,0,0,False,False,False,all_alfworld,0,0,0,0,0,0,0,False,False,no_first_invocation_in_registered_U0_source_phase,no_actual_U0_training_loss_token,,,,,,,,,,,,,,,,,,,,,,,,,,,,,,,,,,
skillnet:alfworld-receptacle-closer,all,1,11,1,1,1,1,1,True,True,False,all_alfworld,10,5,5,5,0,5,5,True,False,,,True,-0.2598779493979451,-0.2598779493979451,-3.832099096311589e-05,0.002108697279369097,0.39526059072289765,0.39526059072289765,1.0,0.6363636363636364,0.6363636363636364,0.0,5.0,5.0,test,placebo,5.0,5.0,5.0,2.0,10.0,0.1,0.0,-0.1,-0.4,0.0,uncertain,paired_game_cluster_bootstrap,True,0.2,0.1,0.0,0.0,-0.2,-0.1
skillnet:alfworld-receptacle-closer,initial,0,0,0,0,0,0,0,False,False,False,all_alfworld,0,0,0,0,0,0,0,False,False,no_first_invocation_in_registered_U0_source_phase,no_actual_U0_training_loss_token,False,,,,,,,,,,,,,,,,,,,,,,,,,,,,,,,,,
skillnet:alfworld-receptacle-closer,early,0,0,0,0,0,0,0,False,False,False,all_alfworld,0,0,0,0,0,0,0,False,False,no_first_invocation_in_registered_U0_source_phase,no_actual_U0_training_loss_token,False,,,,,,,,,,,,,,,,,,,,,,,,,,,,,,,,,
skillnet:alfworld-receptacle-closer,middle,1,11,1,1,1,1,1,True,True,False,all_alfworld,4,4,4,4,0,0,4,True,False,,,True,-0.2598779493979451,-0.2598779493979451,-3.832099096311589e-05,0.002108697279369097,0.39526059072289765,0.39526059072289765,1.0,0.6363636363636364,0.6363636363636364,0.0,5.0,5.0,test,placebo,4.0,4.0,4.0,2.0,8.0,0.125,0.0,-0.125,-0.5,0.0,uncertain,paired_game_cluster_bootstrap,True,0.25,0.125,0.0,0.0,-0.25,-0.125
skillnet:alfworld-receptacle-closer,late,0,0,0,0,0,0,0,False,False,False,all_alfworld,6,3,3,1,0,5,1,True,False,,no_actual_U0_training_loss_token,False,,,,,,,,,,0.0,5.0,5.0,test,placebo,1.0,1.0,1.0,2.0,2.0,0.0,0.0,0.0,,,uncertain,single_game_interval_undefined,False,0.0,0.0,0.0,0.0,0.0,0.0
skillnet:alfworld-receptacle-finder,all,291,4371,260,5,27,4,19,True,True,True,all_alfworld,155,10,10,10,0,145,10,True,False,,,True,0.3346226711667632,0.33462267116676325,0.0002952237449058713,-0.0003296911497683189,0.06590566488164235,0.06590566488164235,0.9180965454129489,0.4044840997483413,0.4044840997483413,0.0,5.0,5.0,test,placebo,10.0,10.0,10.0,2.0,20.0,-0.2,-0.1,0.1,-0.1,0.35,uncertain,paired_game_cluster_bootstrap,False,0.05,0.25,0.1,0.2,0.05,-0.04999999999999999
skillnet:alfworld-receptacle-finder,initial,16,324,16,2,16,2,16,True,True,False,all_alfworld,3,3,3,3,0,0,3,True,False,,,True,0.010979452986444342,0.010979452986444347,0.000413186653938658,0.001045736700882785,0.1459367831248314,0.1459367831248314,1.0,0.6419753086419753,0.6419753086419753,0.0,5.0,5.0,test,placebo,3.0,3.0,3.0,2.0,6.0,-0.3333333333333333,-0.16666666666666666,0.16666666666666666,0.0,0.6666666666666666,uncertain,paired_game_cluster_bootstrap,False,0.0,0.3333333333333333,0.0,0.16666666666666666,0.0,-0.16666666666666666
skillnet:alfworld-receptacle-finder,early,25,331,21,4,18,3,14,True,True,False,all_alfworld,10,4,4,1,0,9,1,True,False,,,True,0.07631387967635109,0.07631387967635109,0.00012352749894894698,-0.00013923331272954978,0.16299719994622408,0.16299719994622408,0.8821752265861027,0.3867069486404834,0.3867069486404834,0.0,5.0,5.0,test,placebo,1.0,1.0,1.0,2.0,2.0,-0.5,-0.5,0.0,,,uncertain,single_game_interval_undefined,False,0.5,1.0,0.0,0.5,-0.5,-0.5
skillnet:alfworld-receptacle-finder,middle,58,740,50,3,16,2,12,True,True,False,all_alfworld,29,5,5,1,0,28,1,True,False,,,True,0.44111991795848177,0.44111991795848177,0.00017848703421538157,-0.001046736113202969,0.054242588271151956,0.054242588271151956,0.8594594594594595,0.3054054054054054,0.3054054054054054,0.0,5.0,5.0,test,placebo,1.0,1.0,1.0,2.0,2.0,0.0,0.0,0.0,,,uncertain,single_game_interval_undefined,False,0.0,0.0,1.0,1.0,1.0,1.0
skillnet:alfworld-receptacle-finder,late,192,2976,173,5,19,4,11,True,True,True,all_alfworld,113,9,9,5,0,108,5,True,False,,,True,0.3721067605645717,0.3721067605645717,0.00033050487420562983,-0.0003223211547176296,0.049293869274986774,0.049293869274986774,0.927755376344086,0.40524193548387094,0.40524193548387094,0.0,5.0,5.0,test,placebo,5.0,5.0,5.0,2.0,10.0,-0.1,0.0,0.1,0.0,0.4,uncertain,paired_game_cluster_bootstrap,False,0.0,0.1,0.0,0.0,0.0,-0.1
skillnet:alfworld-receptacle-navigator,all,0,0,0,0,0,0,0,False,False,False,all_alfworld,2,2,2,2,0,0,2,True,False,,no_actual_U0_training_loss_token,False,,,,,,,,,,0.0,5.0,5.0,test,placebo,2.0,2.0,2.0,2.0,4.0,0.0,0.0,0.0,-0.5,0.5,uncertain,paired_game_cluster_bootstrap,False,0.0,0.0,0.25,0.25,0.25,0.25
skillnet:alfworld-receptacle-navigator,initial,0,0,0,0,0,0,0,False,False,False,all_alfworld,0,0,0,0,0,0,0,False,False,no_first_invocation_in_registered_U0_source_phase,no_actual_U0_training_loss_token,False,,,,,,,,,,,,,,,,,,,,,,,,,,,,,,,,,
skillnet:alfworld-receptacle-navigator,early,0,0,0,0,0,0,0,False,False,False,all_alfworld,2,2,2,2,0,0,2,True,False,,no_actual_U0_training_loss_token,False,,,,,,,,,,0.0,5.0,5.0,test,placebo,2.0,2.0,2.0,2.0,4.0,0.0,0.0,0.0,-0.5,0.5,uncertain,paired_game_cluster_bootstrap,False,0.0,0.0,0.25,0.25,0.25,0.25
skillnet:alfworld-receptacle-navigator,middle,0,0,0,0,0,0,0,False,False,False,all_alfworld,0,0,0,0,0,0,0,False,False,no_first_invocation_in_registered_U0_source_phase,no_actual_U0_training_loss_token,False,,,,,,,,,,,,,,,,,,,,,,,,,,,,,,,,,
skillnet:alfworld-receptacle-navigator,late,0,0,0,0,0,0,0,False,False,False,all_alfworld,0,0,0,0,0,0,0,False,False,no_first_invocation_in_registered_U0_source_phase,no_actual_U0_training_loss_token,False,,,,,,,,,,,,,,,,,,,,,,,,,,,,,,,,,
skillnet:alfworld-receptacle-opener,all,13,149,1,2,6,1,1,True,True,False,all_alfworld,26,8,8,8,0,18,8,True,False,,,True,-0.038595113521761745,-0.038595113521761745,-2.1617824882263006e-05,0.00012190786068407842,0.018618294950780934,0.018618294950780934,0.0738255033557047,0.04697986577181208,0.04697986577181208,0.0,5.0,5.0,test,placebo,8.0,8.0,8.0,2.0,16.0,0.0,0.0,0.0,0.0,0.0,stable,paired_game_cluster_bootstrap,False,0.0,0.0,0.0,0.0,0.0,0.0
skillnet:alfworld-receptacle-opener,initial,0,0,0,0,0,0,0,False,False,False,all_alfworld,0,0,0,0,0,0,0,False,False,no_first_invocation_in_registered_U0_source_phase,no_actual_U0_training_loss_token,False,,,,,,,,,,,,,,,,,,,,,,,,,,,,,,,,,
skillnet:alfworld-receptacle-opener,early,0,0,0,0,0,0,0,False,False,False,all_alfworld,1,1,1,1,0,0,1,True,False,,no_actual_U0_training_loss_token,False,,,,,,,,,,0.0,5.0,5.0,test,placebo,1.0,1.0,1.0,2.0,2.0,0.0,0.0,0.0,,,uncertain,single_game_interval_undefined,False,0.0,0.0,0.0,0.0,0.0,0.0
skillnet:alfworld-receptacle-opener,middle,2,22,0,1,2,0,0,True,False,False,all_alfworld,6,3,3,2,0,4,2,True,False,,,True,0.0,0.0,0.0,0.0,0.0,0.0,0.0,0.0,0.0,0.0,5.0,5.0,test,placebo,2.0,2.0,2.0,2.0,4.0,0.0,0.0,0.0,0.0,0.0,stable,paired_game_cluster_bootstrap,False,0.0,0.0,0.0,0.0,0.0,0.0
skillnet:alfworld-receptacle-opener,late,11,127,1,2,5,1,1,True,True,False,all_alfworld,19,6,6,5,0,14,5,True,False,,,True,-0.04528088121844488,-0.04528088121844488,-2.536264494060778e-05,0.00014302575781045422,0.02184351139894771,0.02184351139894771,0.08661417322834646,0.05511811023622047,0.05511811023622047,0.0,5.0,5.0,test,placebo,5.0,5.0,5.0,2.0,10.0,0.0,0.0,0.0,0.0,0.0,stable,paired_game_cluster_bootstrap,False,0.0,0.0,0.0,0.0,0.0,0.0
skillnet:alfworld-receptacle-operator,all,25,285,3,2,8,1,1,True,True,False,all_alfworld,24,7,7,7,0,17,7,True,False,,,True,-0.07227714993723791,-0.07227714993723793,-6.15374572573203e-05,4.4115314441305906e-05,0.04704826046124616,0.04704826046124616,0.12280701754385964,0.06666666666666667,0.06666666666666667,0.0,5.0,5.0,test,placebo,7.0,7.0,7.0,2.0,14.0,0.0,0.0,0.0,-0.2857142857142857,0.21607142857140257,uncertain,paired_game_cluster_bootstrap,False,0.2857142857142857,0.2857142857142857,0.14285714285714285,0.14285714285714285,-0.14285714285714285,-0.14285714285714285
skillnet:alfworld-receptacle-operator,initial,0,0,0,0,0,0,0,False,False,False,all_alfworld,0,0,0,0,0,0,0,False,False,no_first_invocation_in_registered_U0_source_phase,no_actual_U0_training_loss_token,False,,,,,,,,,,,,,,,,,,,,,,,,,,,,,,,,,
skillnet:alfworld-receptacle-operator,early,0,0,0,0,0,0,0,False,False,False,all_alfworld,2,2,2,2,0,0,2,True,False,,no_actual_U0_training_loss_token,False,,,,,,,,,,0.0,5.0,5.0,test,placebo,2.0,2.0,2.0,2.0,4.0,0.0,0.25,0.25,0.0,0.75,uncertain,paired_game_cluster_bootstrap,False,0.5,0.5,0.25,0.0,-0.25,-0.5
skillnet:alfworld-receptacle-operator,middle,6,69,0,1,4,0,0,True,False,False,all_alfworld,4,4,4,3,0,1,3,True,False,,,True,0.0,0.0,0.0,0.0,0.0,0.0,0.0,0.0,0.0,0.0,5.0,5.0,test,placebo,3.0,3.0,3.0,2.0,6.0,0.0,-0.16666666666666666,-0.16666666666666666,-0.6666666666666666,0.0,uncertain,paired_game_cluster_bootstrap,True,0.3333333333333333,0.3333333333333333,0.16666666666666666,0.3333333333333333,-0.16666666666666666,0.0
skillnet:alfworld-receptacle-operator,late,19,216,3,2,7,1,1,True,True,False,all_alfworld,18,5,5,2,0,16,2,True,False,,,True,-0.09536568394496668,-0.0953656839449667,-8.119525610340869e-05,5.820770655450085e-05,0.06207756588636647,0.06207756588636647,0.16203703703703703,0.08796296296296297,0.08796296296296297,0.0,5.0,5.0,test,placebo,2.0,2.0,2.0,2.0,4.0,0.0,0.0,0.0,0.0,0.0,stable,paired_game_cluster_bootstrap,False,0.0,0.0,0.0,0.0,0.0,0.0
skillnet:alfworld-receptacle-preparer,all,0,0,0,0,0,0,0,False,False,False,all_alfworld,0,0,0,0,0,0,0,False,False,no_first_invocation_in_registered_U0_source_phase,no_actual_U0_training_loss_token,,,,,,,,,,,,,,,,,,,,,,,,,,,,,,,,,,
skillnet:alfworld-receptacle-preparer,initial,0,0,0,0,0,0,0,False,False,False,all_alfworld,0,0,0,0,0,0,0,False,False,no_first_invocation_in_registered_U0_source_phase,no_actual_U0_training_loss_token,,,,,,,,,,,,,,,,,,,,,,,,,,,,,,,,,,
skillnet:alfworld-receptacle-preparer,early,0,0,0,0,0,0,0,False,False,False,all_alfworld,0,0,0,0,0,0,0,False,False,no_first_invocation_in_registered_U0_source_phase,no_actual_U0_training_loss_token,,,,,,,,,,,,,,,,,,,,,,,,,,,,,,,,,,
skillnet:alfworld-receptacle-preparer,middle,0,0,0,0,0,0,0,False,False,False,all_alfworld,0,0,0,0,0,0,0,False,False,no_first_invocation_in_registered_U0_source_phase,no_actual_U0_training_loss_token,,,,,,,,,,,,,,,,,,,,,,,,,,,,,,,,,,
skillnet:alfworld-receptacle-preparer,late,0,0,0,0,0,0,0,False,False,False,all_alfworld,0,0,0,0,0,0,0,False,False,no_first_invocation_in_registered_U0_source_phase,no_actual_U0_training_loss_token,,,,,,,,,,,,,,,,,,,,,,,,,,,,,,,,,,
skillnet:alfworld-receptacle-searcher,all,0,0,0,0,0,0,0,False,False,False,all_alfworld,2,2,2,2,0,0,2,True,False,,no_actual_U0_training_loss_token,False,,,,,,,,,,0.0,5.0,5.0,test,placebo,2.0,2.0,2.0,2.0,4.0,0.25,0.0,-0.25,-0.75,0.0,uncertain,paired_game_cluster_bootstrap,True,1.0,0.75,0.0,0.0,-1.0,-0.75
skillnet:alfworld-receptacle-searcher,initial,0,0,0,0,0,0,0,False,False,False,all_alfworld,2,2,2,2,0,0,2,True,False,,no_actual_U0_training_loss_token,False,,,,,,,,,,0.0,5.0,5.0,test,placebo,2.0,2.0,2.0,2.0,4.0,0.25,0.0,-0.25,-0.75,0.0,uncertain,paired_game_cluster_bootstrap,True,1.0,0.75,0.0,0.0,-1.0,-0.75
skillnet:alfworld-receptacle-searcher,early,0,0,0,0,0,0,0,False,False,False,all_alfworld,0,0,0,0,0,0,0,False,False,no_first_invocation_in_registered_U0_source_phase,no_actual_U0_training_loss_token,False,,,,,,,,,,,,,,,,,,,,,,,,,,,,,,,,,
skillnet:alfworld-receptacle-searcher,middle,0,0,0,0,0,0,0,False,False,False,all_alfworld,0,0,0,0,0,0,0,False,False,no_first_invocation_in_registered_U0_source_phase,no_actual_U0_training_loss_token,False,,,,,,,,,,,,,,,,,,,,,,,,,,,,,,,,,
skillnet:alfworld-receptacle-searcher,late,0,0,0,0,0,0,0,False,False,False,all_alfworld,0,0,0,0,0,0,0,False,False,no_first_invocation_in_registered_U0_source_phase,no_actual_U0_training_loss_token,False,,,,,,,,,,,,,,,,,,,,,,,,,,,,,,,,,
skillnet:alfworld-search-pattern-executor,all,0,0,0,0,0,0,0,False,False,False,all_alfworld,0,0,0,0,0,0,0,False,False,no_first_invocation_in_registered_U0_source_phase,no_actual_U0_training_loss_token,,,,,,,,,,,,,,,,,,,,,,,,,,,,,,,,,,
skillnet:alfworld-search-pattern-executor,initial,0,0,0,0,0,0,0,False,False,False,all_alfworld,0,0,0,0,0,0,0,False,False,no_first_invocation_in_registered_U0_source_phase,no_actual_U0_training_loss_token,,,,,,,,,,,,,,,,,,,,,,,,,,,,,,,,,,
skillnet:alfworld-search-pattern-executor,early,0,0,0,0,0,0,0,False,False,False,all_alfworld,0,0,0,0,0,0,0,False,False,no_first_invocation_in_registered_U0_source_phase,no_actual_U0_training_loss_token,,,,,,,,,,,,,,,,,,,,,,,,,,,,,,,,,,
skillnet:alfworld-search-pattern-executor,middle,0,0,0,0,0,0,0,False,False,False,all_alfworld,0,0,0,0,0,0,0,False,False,no_first_invocation_in_registered_U0_source_phase,no_actual_U0_training_loss_token,,,,,,,,,,,,,,,,,,,,,,,,,,,,,,,,,,
skillnet:alfworld-search-pattern-executor,late,0,0,0,0,0,0,0,False,False,False,all_alfworld,0,0,0,0,0,0,0,False,False,no_first_invocation_in_registered_U0_source_phase,no_actual_U0_training_loss_token,,,,,,,,,,,,,,,,,,,,,,,,,,,,,,,,,,
skillnet:alfworld-search-verifier,all,0,0,0,0,0,0,0,False,False,False,all_alfworld,0,0,0,0,0,0,0,False,False,no_first_invocation_in_registered_U0_source_phase,no_actual_U0_training_loss_token,,,,,,,,,,,,,,,,,,,,,,,,,,,,,,,,,,
skillnet:alfworld-search-verifier,initial,0,0,0,0,0,0,0,False,False,False,all_alfworld,0,0,0,0,0,0,0,False,False,no_first_invocation_in_registered_U0_source_phase,no_actual_U0_training_loss_token,,,,,,,,,,,,,,,,,,,,,,,,,,,,,,,,,,
skillnet:alfworld-search-verifier,early,0,0,0,0,0,0,0,False,False,False,all_alfworld,0,0,0,0,0,0,0,False,False,no_first_invocation_in_registered_U0_source_phase,no_actual_U0_training_loss_token,,,,,,,,,,,,,,,,,,,,,,,,,,,,,,,,,,
skillnet:alfworld-search-verifier,middle,0,0,0,0,0,0,0,False,False,False,all_alfworld,0,0,0,0,0,0,0,False,False,no_first_invocation_in_registered_U0_source_phase,no_actual_U0_training_loss_token,,,,,,,,,,,,,,,,,,,,,,,,,,,,,,,,,,
skillnet:alfworld-search-verifier,late,0,0,0,0,0,0,0,False,False,False,all_alfworld,0,0,0,0,0,0,0,False,False,no_first_invocation_in_registered_U0_source_phase,no_actual_U0_training_loss_token,,,,,,,,,,,,,,,,,,,,,,,,,,,,,,,,,,
skillnet:alfworld-storage-explorer,all,786,9875,584,9,50,8,42,True,True,True,all_alfworld,657,44,44,44,0,613,44,True,False,,,True,-0.0666858614464701,-0.0666858614464701,-4.088151751365206e-05,-0.0012280299741871388,0.1709950388608466,0.1709950388608466,0.7399493670886076,0.253873417721519,0.253873417721519,0.0,5.0,5.0,test,placebo,44.0,44.0,44.0,2.0,88.0,-0.06818181818181818,-0.03409090909090909,0.03409090909090909,-0.09090909090909091,0.1590909090909091,uncertain,paired_game_cluster_bootstrap,False,0.2159090909090909,0.2840909090909091,0.3181818181818182,0.3522727272727273,0.10227272727272727,0.06818181818181818
skillnet:alfworld-storage-explorer,initial,16,172,16,2,16,2,16,True,True,False,all_alfworld,23,23,23,23,0,0,23,True,False,,,True,-0.0636666646840685,-0.0636666646840685,0.00022799553311453008,-6.111327703294403e-05,0.14765855970048503,0.14765855970048503,1.0,0.38953488372093026,0.38953488372093026,0.0,5.0,5.0,test,placebo,23.0,23.0,23.0,2.0,46.0,-0.13043478260869565,-0.021739130434782608,0.10869565217391304,-0.06521739130434782,0.2826086956521739,uncertain,paired_game_cluster_bootstrap,False,0.17391304347826086,0.30434782608695654,0.41304347826086957,0.43478260869565216,0.2391304347826087,0.13043478260869562
skillnet:alfworld-storage-explorer,early,104,1258,80,7,43,6,35,True,True,True,all_alfworld,95,36,36,18,0,77,18,True,False,,,True,0.05976741256320962,0.05976741256320962,9.27771323086522e-06,-0.000628572319328973,0.17640991524542016,0.17640991524542016,0.7591414944356121,0.31319554848966613,0.31319554848966613,0.0,5.0,5.0,test,placebo,18.0,18.0,18.0,2.0,36.0,0.0,-0.05555555555555555,-0.05555555555555555,-0.25,0.1388888888888889,uncertain,paired_game_cluster_bootstrap,True,0.3055555555555556,0.3055555555555556,0.25,0.3055555555555556,-0.05555555555555558,0.0
skillnet:alfworld-storage-explorer,middle,178,2255,133,6,33,5,25,True,True,True,all_alfworld,147,34,34,1,0,146,1,True,False,,,True,-0.029561902878471658,-0.029561902878471658,-1.9073593654091216e-05,-0.00104315570395363,0.1701616100684693,0.1701616100684693,0.7348115299334812,0.2709534368070953,0.2709534368070953,0.0,5.0,5.0,test,placebo,1.0,1.0,1.0,2.0,2.0,0.0,0.0,0.0,,,uncertain,single_game_interval_undefined,False,0.0,0.0,0.0,0.0,0.0,0.0
skillnet:alfworld-storage-explorer,late,488,6190,355,7,33,6,25,True,True,True,all_alfworld,392,35,35,2,0,390,2,True,False,,,True,-0.10599313884843241,-0.10599313884843241,-6.649121594466333e-05,-0.001449632378241849,0.17084662882055568,0.17084662882055568,0.7306946688206785,0.23182552504038773,0.23182552504038773,0.0,5.0,5.0,test,placebo,2.0,2.0,2.0,2.0,4.0,0.0,0.0,0.0,0.0,0.0,stable,paired_game_cluster_bootstrap,False,0.0,0.0,0.0,0.0,0.0,0.0
skillnet:alfworld-task-verifier,all,0,0,0,0,0,0,0,False,False,False,all_alfworld,0,0,0,0,0,0,0,False,False,no_first_invocation_in_registered_U0_source_phase,no_actual_U0_training_loss_token,,,,,,,,,,,,,,,,,,,,,,,,,,,,,,,,,,
skillnet:alfworld-task-verifier,initial,0,0,0,0,0,0,0,False,False,False,all_alfworld,0,0,0,0,0,0,0,False,False,no_first_invocation_in_registered_U0_source_phase,no_actual_U0_training_loss_token,,,,,,,,,,,,,,,,,,,,,,,,,,,,,,,,,,
skillnet:alfworld-task-verifier,early,0,0,0,0,0,0,0,False,False,False,all_alfworld,0,0,0,0,0,0,0,False,False,no_first_invocation_in_registered_U0_source_phase,no_actual_U0_training_loss_token,,,,,,,,,,,,,,,,,,,,,,,,,,,,,,,,,,
skillnet:alfworld-task-verifier,middle,0,0,0,0,0,0,0,False,False,False,all_alfworld,0,0,0,0,0,0,0,False,False,no_first_invocation_in_registered_U0_source_phase,no_actual_U0_training_loss_token,,,,,,,,,,,,,,,,,,,,,,,,,,,,,,,,,,
skillnet:alfworld-task-verifier,late,0,0,0,0,0,0,0,False,False,False,all_alfworld,0,0,0,0,0,0,0,False,False,no_first_invocation_in_registered_U0_source_phase,no_actual_U0_training_loss_token,,,,,,,,,,,,,,,,,,,,,,,,,,,,,,,,,,
skillnet:alfworld-temperature-regulator,all,4,53,3,2,4,1,3,True,True,False,all_alfworld,36,6,6,6,0,30,6,True,False,,,True,0.33159260808468616,0.33159260808468616,0.00022937684274103754,0.0008029044601891616,0.14969502668104281,0.14969502668104281,0.7735849056603774,0.49056603773584906,0.49056603773584906,0.0,5.0,5.0,test,placebo,6.0,6.0,6.0,2.0,12.0,0.08333333333333333,0.16666666666666666,0.08333333333333333,-0.25,0.5,uncertain,paired_game_cluster_bootstrap,False,0.08333333333333333,0.0,0.16666666666666666,0.0,0.08333333333333333,0.0
skillnet:alfworld-temperature-regulator,initial,0,0,0,0,0,0,0,False,False,False,all_alfworld,0,0,0,0,0,0,0,False,False,no_first_invocation_in_registered_U0_source_phase,no_actual_U0_training_loss_token,False,,,,,,,,,,,,,,,,,,,,,,,,,,,,,,,,,
skillnet:alfworld-temperature-regulator,early,0,0,0,0,0,0,0,False,False,False,all_alfworld,0,0,0,0,0,0,0,False,False,no_first_invocation_in_registered_U0_source_phase,no_actual_U0_training_loss_token,False,,,,,,,,,,,,,,,,,,,,,,,,,,,,,,,,,
skillnet:alfworld-temperature-regulator,middle,2,29,2,1,2,1,2,True,True,False,all_alfworld,6,2,2,2,0,4,2,True,False,,,True,0.8353889511869951,0.8353889511869951,0.000315327263260615,0.0008192754762314143,0.05609539742316885,0.05609539742316885,1.0,0.5862068965517241,0.5862068965517241,0.0,5.0,5.0,test,placebo,2.0,2.0,2.0,2.0,4.0,0.25,0.0,-0.25,-0.75,0.0,uncertain,paired_game_cluster_bootstrap,True,0.25,0.0,0.0,0.0,-0.25,0.0
skillnet:alfworld-temperature-regulator,late,2,24,1,2,2,1,1,True,True,False,all_alfworld,30,5,5,4,0,26,4,True,False,,,True,-0.2771613064972705,-0.2771613064972705,0.00012552008461321471,0.000783122815804773,0.26279457870097384,0.26279457870097384,0.5,0.375,0.375,0.0,5.0,5.0,test,placebo,4.0,4.0,4.0,2.0,8.0,0.0,0.25,0.25,0.0,0.75,uncertain,paired_game_cluster_bootstrap,False,0.0,0.0,0.25,0.0,0.25,0.0
skillnet:alfworld-tool-locator,all,0,0,0,0,0,0,0,False,False,False,all_alfworld,4,4,4,4,0,0,4,True,False,,no_actual_U0_training_loss_token,False,,,,,,,,,,0.0,5.0,5.0,test,placebo,4.0,4.0,4.0,2.0,8.0,-0.125,-0.125,0.0,0.0,0.0,stable,paired_game_cluster_bootstrap,False,0.25,0.375,0.125,0.25,-0.125,-0.125
skillnet:alfworld-tool-locator,initial,0,0,0,0,0,0,0,False,False,False,all_alfworld,0,0,0,0,0,0,0,False,False,no_first_invocation_in_registered_U0_source_phase,no_actual_U0_training_loss_token,False,,,,,,,,,,,,,,,,,,,,,,,,,,,,,,,,,
skillnet:alfworld-tool-locator,early,0,0,0,0,0,0,0,False,False,False,all_alfworld,4,4,4,4,0,0,4,True,False,,no_actual_U0_training_loss_token,False,,,,,,,,,,0.0,5.0,5.0,test,placebo,4.0,4.0,4.0,2.0,8.0,-0.125,-0.125,0.0,0.0,0.0,stable,paired_game_cluster_bootstrap,False,0.25,0.375,0.125,0.25,-0.125,-0.125
skillnet:alfworld-tool-locator,middle,0,0,0,0,0,0,0,False,False,False,all_alfworld,0,0,0,0,0,0,0,False,False,no_first_invocation_in_registered_U0_source_phase,no_actual_U0_training_loss_token,False,,,,,,,,,,,,,,,,,,,,,,,,,,,,,,,,,
skillnet:alfworld-tool-locator,late,0,0,0,0,0,0,0,False,False,False,all_alfworld,0,0,0,0,0,0,0,False,False,no_first_invocation_in_registered_U0_source_phase,no_actual_U0_training_loss_token,False,,,,,,,,,,,,,,,,,,,,,,,,,,,,,,,,,
skillnet:alfworld-tool-user,all,0,0,0,0,0,0,0,False,False,False,all_alfworld,0,0,0,0,0,0,0,False,False,no_first_invocation_in_registered_U0_source_phase,no_actual_U0_training_loss_token,,,,,,,,,,,,,,,,,,,,,,,,,,,,,,,,,,
skillnet:alfworld-tool-user,initial,0,0,0,0,0,0,0,False,False,False,all_alfworld,0,0,0,0,0,0,0,False,False,no_first_invocation_in_registered_U0_source_phase,no_actual_U0_training_loss_token,,,,,,,,,,,,,,,,,,,,,,,,,,,,,,,,,,
skillnet:alfworld-tool-user,early,0,0,0,0,0,0,0,False,False,False,all_alfworld,0,0,0,0,0,0,0,False,False,no_first_invocation_in_registered_U0_source_phase,no_actual_U0_training_loss_token,,,,,,,,,,,,,,,,,,,,,,,,,,,,,,,,,,
skillnet:alfworld-tool-user,middle,0,0,0,0,0,0,0,False,False,False,all_alfworld,0,0,0,0,0,0,0,False,False,no_first_invocation_in_registered_U0_source_phase,no_actual_U0_training_loss_token,,,,,,,,,,,,,,,,,,,,,,,,,,,,,,,,,,
skillnet:alfworld-tool-user,late,0,0,0,0,0,0,0,False,False,False,all_alfworld,0,0,0,0,0,0,0,False,False,no_first_invocation_in_registered_U0_source_phase,no_actual_U0_training_loss_token,,,,,,,,,,,,,,,,,,,,,,,,,,,,,,,,,,
