control,skill_id,tokens,decisions,trajectories,games,zero_advantage_tokens,tiny_centered_update_tokens,min_u_centered_norm_sq,max_abs_projection,mean_q
null,skillnet:alfworld-appliance-navigator,9060,675,52,8,1341,0,27295.051923129937,1.249785680813307,0.016743241728140106
null,skillnet:alfworld-appliance-preparer,201,17,8,1,0,0,57030.185504348396,0.8245919116584123,0.001059111530292768
null,skillnet:alfworld-clean-object,3988,294,17,3,0,0,25710.64523858891,1.0758281019320566,0.022494288089508548
null,skillnet:alfworld-device-operator,16449,966,60,8,144,0,11784.544957531196,1.2984063812906235,0.6794232607632306
null,skillnet:alfworld-heat-object-with-appliance,1809,146,18,3,0,0,43137.72593513421,1.1114578059328608,0.016042505573857876
null,skillnet:alfworld-locate-target-object,12,1,1,1,0,0,63534.89681236567,0.5246428408709373,-0.016409067295589618
null,skillnet:alfworld-object-cooler,8239,625,32,4,0,0,29369.669996928016,1.1982659927605985,0.020815412951409713
null,skillnet:alfworld-object-heater,112,10,7,1,0,0,65352.98757228305,0.7639747911480912,0.05915793938651489
null,skillnet:alfworld-object-picker,322,25,20,5,0,0,35885.99180400958,1.4959476421747657,0.0011997057002332983
null,skillnet:alfworld-object-placer,16612,1136,46,7,0,0,11232.29919351336,1.4879816169717954,0.01751445049879089
null,skillnet:alfworld-object-state-inspector,4990,399,8,1,0,0,35934.196741994354,1.0005893546324884,0.01919689725721015
null,skillnet:alfworld-object-storer,1281,97,20,4,62,0,27774.41625234492,1.1100811833748507,-0.004451753172529024
null,skillnet:alfworld-receptacle-closer,11,1,1,1,0,0,98687.11359378422,0.8393546398318368,0.0004832529948147498
null,skillnet:alfworld-receptacle-finder,4371,291,27,5,358,0,15495.425733517855,1.3526333890086373,0.9097920635241427
null,skillnet:alfworld-receptacle-opener,149,13,6,2,138,0,68830.52793095613,0.5851368059246885,8.990020266487412e-05
null,skillnet:alfworld-receptacle-operator,285,25,8,2,250,0,47335.90425641355,0.5997454621493548,-0.0006047292521567997
null,skillnet:alfworld-storage-explorer,9875,786,50,9,2568,0,34590.14064316266,1.218276513523002,0.04551611508051119
null,skillnet:alfworld-temperature-regulator,53,4,4,2,12,0,48006.86569250105,0.8773427243818668,0.08799956189329813
placebo,skillnet:alfworld-appliance-navigator,9060,675,52,8,1341,0,27295.051923129937,1.5249740374710095,0.016743241728140106
placebo,skillnet:alfworld-appliance-preparer,201,17,8,1,0,0,57030.185504348396,0.8128873549623358,0.001059111530292768
placebo,skillnet:alfworld-clean-object,3988,294,17,3,0,0,25710.64523858891,0.9622489091814819,0.022494288089508548
placebo,skillnet:alfworld-device-operator,16449,966,60,8,144,0,11784.544957531196,1.2909829505205703,0.6794232607632306
placebo,skillnet:alfworld-heat-object-with-appliance,1809,146,18,3,0,0,43137.72593513421,1.240265482814344,0.016042505573857876
placebo,skillnet:alfworld-locate-target-object,12,1,1,1,0,0,63534.89681236567,0.41235656922860914,-0.016409067295589618
placebo,skillnet:alfworld-object-cooler,8239,625,32,4,0,0,29369.669996928016,1.0773574541070148,0.020815412951409713
placebo,skillnet:alfworld-object-heater,112,10,7,1,0,0,65352.98757228305,0.7290985373060939,0.05915793938651489
placebo,skillnet:alfworld-object-picker,322,25,20,5,0,0,35885.99180400958,1.6314503064080401,0.0011997057002332983
placebo,skillnet:alfworld-object-placer,16612,1136,46,7,0,0,11232.29919351336,1.276413260214115,0.01751445049879089
placebo,skillnet:alfworld-object-state-inspector,4990,399,8,1,0,0,35934.196741994354,1.1646550954685093,0.01919689725721015
placebo,skillnet:alfworld-object-storer,1281,97,20,4,62,0,27774.41625234492,1.129125445259483,-0.004451753172529024
placebo,skillnet:alfworld-receptacle-closer,11,1,1,1,0,0,98687.11359378422,0.8614546837785255,0.0004832529948147498
placebo,skillnet:alfworld-receptacle-finder,4371,291,27,5,358,0,15495.425733517855,1.0777051462744804,0.9097920635241427
placebo,skillnet:alfworld-receptacle-opener,149,13,6,2,138,0,68830.52793095613,0.5644690705739737,8.990020266487412e-05
placebo,skillnet:alfworld-receptacle-operator,285,25,8,2,250,0,47335.90425641355,0.6727202151693313,-0.0006047292521567997
placebo,skillnet:alfworld-storage-explorer,9875,786,50,9,2568,0,34590.14064316266,1.1738309892950067,0.04551611508051119
placebo,skillnet:alfworld-temperature-regulator,53,4,4,2,12,0,48006.86569250105,0.8585674821929937,0.08799956189329813
