control,phase,threshold,score,metric,observed,low,high,mean,valid_draws,reference_fraction_ge_observed,three_aggregation_max_fraction_ge_observed,not_a_confirmatory_p_value,does_not_adjust_historical_candidate_search
placebo,all,0.0,D_real::token::reward,auroc_decline_vs_increase,0.4857142857142857,0.17142857142857143,0.8857142857142857,0.502734375,512,0.560546875,0.697265625,True,True
placebo,all,0.0,D_real::decision::reward,auroc_decline_vs_increase,0.5142857142857142,0.17142857142857143,0.8571428571428571,0.5055803571428571,512,0.517578125,0.6484375,True,True
placebo,all,0.0,D_real::game::reward,auroc_decline_vs_increase,0.6285714285714286,0.14285714285714285,0.8635714285714275,0.4977120535714285,512,0.265625,0.40625,True,True
placebo,all,0.0,D_real::token::reward,spearman,0.13139374356083064,-0.536559491205008,0.5536406778679156,0.00677909595684161,512,0.314453125,0.451171875,True,True
placebo,all,0.0,D_real::decision::reward,spearman,0.14610984283964368,-0.46928589450186275,0.5563211102365566,0.009825788385658368,512,0.283203125,0.423828125,True,True
placebo,all,0.0,D_real::game::reward,spearman,0.1744908914487831,-0.48447501125749476,0.5127509448717852,0.00290503354904024,512,0.26171875,0.380859375,True,True
placebo,all,0.0,D_real::token::reward,average_precision,0.22800767859591392,0.20450820135746606,0.7768166208791208,0.4382573524565712,512,0.931640625,0.97265625,True,True
placebo,all,0.0,D_real::decision::reward,average_precision,0.23181720240543774,0.2050414703760292,0.7424398395721923,0.4287087768619248,512,0.923828125,0.970703125,True,True
placebo,all,0.0,D_real::game::reward,average_precision,0.3253619909502263,0.21007936507936503,0.6684386446886444,0.37463490378213493,512,0.541015625,0.791015625,True,True
placebo,all,0.0,D_real::token::reward,auroc_decline_vs_rest,0.27692307692307694,0.16576923076923078,0.8615384615384616,0.5036057692307693,512,0.90234375,0.96875,True,True
placebo,all,0.0,D_real::decision::reward,auroc_decline_vs_rest,0.2923076923076923,0.16923076923076924,0.8307692307692308,0.5048677884615385,512,0.900390625,0.958984375,True,True
placebo,all,0.0,D_real::game::reward,auroc_decline_vs_rest,0.5076923076923077,0.2,0.8,0.49984975961538464,512,0.4921875,0.62109375,True,True
placebo,all,0.05,D_real::token::reward,auroc_decline_vs_increase,0.6666666666666666,0.08333333333333333,0.9166666666666666,0.49251302083333337,512,0.333984375,0.41796875,True,True
placebo,all,0.05,D_real::decision::reward,auroc_decline_vs_increase,0.5833333333333334,0.08333333333333333,0.9166666666666666,0.49576822916666663,512,0.45703125,0.5078125,True,True
placebo,all,0.05,D_real::game::reward,auroc_decline_vs_increase,0.5,0.08333333333333333,0.9166666666666666,0.4920247395833333,512,0.49609375,0.583984375,True,True
placebo,all,0.05,D_real::token::reward,spearman,0.13139374356083064,-0.536559491205008,0.5536406778679156,0.00677909595684161,512,0.314453125,0.451171875,True,True
placebo,all,0.05,D_real::decision::reward,spearman,0.14610984283964368,-0.46928589450186275,0.5563211102365566,0.009825788385658368,512,0.283203125,0.423828125,True,True
placebo,all,0.05,D_real::game::reward,spearman,0.1744908914487831,-0.48447501125749476,0.5127509448717852,0.00290503354904024,512,0.26171875,0.380859375,True,True
placebo,all,0.05,D_real::token::reward,average_precision,0.15,0.09722222222222221,0.625,0.2494664003467427,512,0.5234375,0.55078125,True,True
placebo,all,0.05,D_real::decision::reward,average_precision,0.14215686274509803,0.09722222222222221,0.6428571428571428,0.3068139834468534,512,0.5390625,0.576171875,True,True
placebo,all,0.05,D_real::game::reward,average_precision,0.18382352941176472,0.09722222222222221,0.6428571428571428,0.30480519499648634,512,0.484375,0.49609375,True,True
placebo,all,0.05,D_real::token::reward,auroc_decline_vs_rest,0.4375,0.15625,0.8195312499999989,0.48931884765625,512,0.513671875,0.515625,True,True
placebo,all,0.05,D_real::decision::reward,auroc_decline_vs_rest,0.375,0.15625,0.84375,0.490966796875,512,0.5390625,0.59375,True,True
placebo,all,0.05,D_real::game::reward,auroc_decline_vs_rest,0.4375,0.15625,0.84375,0.48614501953125,512,0.484375,0.515625,True,True
null,all,0.0,D_real::token::reward,auroc_decline_vs_increase,0.7714285714285715,0.17142857142857143,0.8571428571428571,0.4974888392857143,512,0.095703125,0.12890625,True,True
null,all,0.0,D_real::decision::reward,auroc_decline_vs_increase,0.7142857142857143,0.14285714285714285,0.8571428571428571,0.5045758928571429,512,0.150390625,0.205078125,True,True
null,all,0.0,D_real::game::reward,auroc_decline_vs_increase,0.8,0.14285714285714285,0.8571428571428571,0.4952566964285714,512,0.056640625,0.099609375,True,True
null,all,0.0,D_real::token::reward,spearman,0.3857720310945988,-0.4195402231897322,0.4730437555677022,0.00178613370153004,512,0.05859375,0.095703125,True,True
null,all,0.0,D_real::decision::reward,spearman,0.35003293284605286,-0.4976669431110022,0.5101756274979931,0.00901894867910514,512,0.08984375,0.12109375,True,True
null,all,0.0,D_real::game::reward,spearman,0.4950916257372099,-0.4333102875149073,0.4772220766129369,4.927265383531049e-05,512,0.021484375,0.044921875,True,True
null,all,0.0,D_real::token::reward,average_precision,0.40606060606060607,0.21389939553910145,0.6427050865800864,0.36003671637288365,512,0.2890625,0.521484375,True,True
null,all,0.0,D_real::decision::reward,average_precision,0.39215686274509803,0.20999888020476254,0.6864285714285713,0.40299745817525,512,0.51171875,0.5390625,True,True
null,all,0.0,D_real::game::reward,average_precision,0.3912044817927171,0.21314579864579863,0.6398812853812852,0.368305054894554,512,0.375,0.541015625,True,True
null,all,0.0,D_real::token::reward,auroc_decline_vs_rest,0.6307692307692307,0.2153846153846154,0.7846153846153846,0.49708533653846154,512,0.224609375,0.296875,True,True
null,all,0.0,D_real::decision::reward,auroc_decline_vs_rest,0.5846153846153846,0.19653846153846155,0.8,0.501141826923077,512,0.291015625,0.37890625,True,True
null,all,0.0,D_real::game::reward,auroc_decline_vs_rest,0.6,0.21192307692307694,0.8,0.49152644230769227,512,0.24609375,0.341796875,True,True
null,all,0.05,D_real::token::reward,auroc_decline_vs_increase,0.75,0.15,0.9612499999999983,0.5052734375000001,512,0.14453125,0.20703125,True,True
null,all,0.05,D_real::decision::reward,auroc_decline_vs_increase,0.7,0.15,1.0,0.50888671875,512,0.244140625,0.30859375,True,True
null,all,0.05,D_real::game::reward,auroc_decline_vs_increase,0.8,0.15,0.9112499999999983,0.50458984375,512,0.107421875,0.16015625,True,True
null,all,0.05,D_real::token::reward,spearman,0.3857720310945988,-0.4195402231897322,0.4730437555677022,0.00178613370153004,512,0.05859375,0.095703125,True,True
null,all,0.05,D_real::decision::reward,spearman,0.35003293284605286,-0.4976669431110022,0.5101756274979931,0.00901894867910514,512,0.08984375,0.12109375,True,True
null,all,0.05,D_real::game::reward,spearman,0.4950916257372099,-0.4333102875149073,0.4772220766129369,4.927265383531049e-05,512,0.021484375,0.044921875,True,True
null,all,0.05,D_real::token::reward,average_precision,0.40606060606060607,0.21389939553910145,0.6427050865800864,0.36003671637288365,512,0.2890625,0.521484375,True,True
null,all,0.05,D_real::decision::reward,average_precision,0.39215686274509803,0.20999888020476254,0.6864285714285713,0.40299745817525,512,0.51171875,0.5390625,True,True
null,all,0.05,D_real::game::reward,average_precision,0.3912044817927171,0.21314579864579863,0.6398812853812852,0.368305054894554,512,0.375,0.541015625,True,True
null,all,0.05,D_real::token::reward,auroc_decline_vs_rest,0.6307692307692307,0.2153846153846154,0.7846153846153846,0.49708533653846154,512,0.224609375,0.296875,True,True
null,all,0.05,D_real::decision::reward,auroc_decline_vs_rest,0.5846153846153846,0.19653846153846155,0.8,0.501141826923077,512,0.291015625,0.37890625,True,True
null,all,0.05,D_real::game::reward,auroc_decline_vs_rest,0.6,0.21192307692307694,0.8,0.49152644230769227,512,0.24609375,0.341796875,True,True
