skill_id,phase,train_decisions,train_loss_tokens,train_nonzero_advantage_decisions,train_games,train_trajectories,train_nonzero_games,train_nonzero_trajectories,readout_input_available,reward_direction_observed,legacy_count_thresholds_met,context_id,source_calls,source_trajectories,source_games,first_call_anchors,later_call_anchors,later_calls_descriptive_only,selected_anchors,utility_evaluable,quantity_filter_applied,missing_utility_reason,missing_readout_reason
skillnet:alfworld-appliance-navigator,all,675,9060,561,8,52,7,44,True,True,True,all_alfworld,498,62,62,62,0,436,62,True,False,,
skillnet:alfworld-appliance-navigator,initial,48,523,40,6,48,5,40,True,True,True,all_alfworld,42,42,42,42,0,0,42,True,False,,
skillnet:alfworld-appliance-navigator,early,79,980,75,5,34,4,31,True,True,True,all_alfworld,60,32,32,8,0,52,8,True,False,,
skillnet:alfworld-appliance-navigator,middle,131,1673,116,6,33,5,28,True,True,True,all_alfworld,106,34,34,6,0,100,6,True,False,,
skillnet:alfworld-appliance-navigator,late,417,5884,330,7,41,6,33,True,True,True,all_alfworld,290,36,36,6,0,284,6,True,False,,
skillnet:alfworld-appliance-preparer,all,17,201,17,1,8,1,8,True,True,False,all_alfworld,89,8,8,8,0,81,8,True,False,,
skillnet:alfworld-appliance-preparer,initial,0,0,0,0,0,0,0,False,False,False,all_alfworld,0,0,0,0,0,0,0,False,False,no_first_invocation_in_registered_U0_source_phase,no_actual_U0_training_loss_token
skillnet:alfworld-appliance-preparer,early,0,0,0,0,0,0,0,False,False,False,all_alfworld,0,0,0,0,0,0,0,False,False,no_first_invocation_in_registered_U0_source_phase,no_actual_U0_training_loss_token
skillnet:alfworld-appliance-preparer,middle,7,87,7,1,3,1,3,True,True,False,all_alfworld,23,4,4,4,0,19,4,True,False,,
skillnet:alfworld-appliance-preparer,late,10,114,10,1,7,1,7,True,True,False,all_alfworld,66,8,8,4,0,62,4,True,False,,
skillnet:alfworld-clean-object,all,294,3988,294,3,17,3,17,True,True,False,all_alfworld,1270,37,37,37,0,1233,37,True,False,,
skillnet:alfworld-clean-object,initial,8,100,8,1,8,1,8,True,True,False,all_alfworld,25,25,25,25,0,0,25,True,False,,
skillnet:alfworld-clean-object,early,40,532,40,3,16,3,16,True,True,False,all_alfworld,114,33,33,9,0,105,9,True,False,,
skillnet:alfworld-clean-object,middle,83,1161,83,2,11,2,11,True,True,False,all_alfworld,295,35,35,1,0,294,1,True,False,,
skillnet:alfworld-clean-object,late,163,2195,163,2,13,2,13,True,True,False,all_alfworld,836,30,30,2,0,834,2,True,False,,
skillnet:alfworld-device-operator,all,966,16449,953,8,60,7,54,True,True,True,all_alfworld,643,59,59,59,0,584,59,True,False,,
skillnet:alfworld-device-operator,initial,16,195,16,2,16,2,16,True,True,False,all_alfworld,22,22,22,22,0,0,22,True,False,,
skillnet:alfworld-device-operator,early,83,1016,83,7,43,7,43,True,True,True,all_alfworld,111,48,48,27,0,84,27,True,False,,
skillnet:alfworld-device-operator,middle,185,3932,183,8,38,7,36,True,True,True,all_alfworld,158,39,39,7,0,151,7,True,False,,
skillnet:alfworld-device-operator,late,682,11306,671,8,53,7,47,True,True,True,all_alfworld,352,41,41,3,0,349,3,True,False,,
skillnet:alfworld-environment-scanner,all,0,0,0,0,0,0,0,False,False,False,all_alfworld,0,0,0,0,0,0,0,False,False,no_first_invocation_in_registered_U0_source_phase,no_actual_U0_training_loss_token
skillnet:alfworld-environment-scanner,initial,0,0,0,0,0,0,0,False,False,False,all_alfworld,0,0,0,0,0,0,0,False,False,no_first_invocation_in_registered_U0_source_phase,no_actual_U0_training_loss_token
skillnet:alfworld-environment-scanner,early,0,0,0,0,0,0,0,False,False,False,all_alfworld,0,0,0,0,0,0,0,False,False,no_first_invocation_in_registered_U0_source_phase,no_actual_U0_training_loss_token
skillnet:alfworld-environment-scanner,middle,0,0,0,0,0,0,0,False,False,False,all_alfworld,0,0,0,0,0,0,0,False,False,no_first_invocation_in_registered_U0_source_phase,no_actual_U0_training_loss_token
skillnet:alfworld-environment-scanner,late,0,0,0,0,0,0,0,False,False,False,all_alfworld,0,0,0,0,0,0,0,False,False,no_first_invocation_in_registered_U0_source_phase,no_actual_U0_training_loss_token
skillnet:alfworld-goal-interpreter,all,0,0,0,0,0,0,0,False,False,False,all_alfworld,0,0,0,0,0,0,0,False,False,no_first_invocation_in_registered_U0_source_phase,no_actual_U0_training_loss_token
skillnet:alfworld-goal-interpreter,initial,0,0,0,0,0,0,0,False,False,False,all_alfworld,0,0,0,0,0,0,0,False,False,no_first_invocation_in_registered_U0_source_phase,no_actual_U0_training_loss_token
skillnet:alfworld-goal-interpreter,early,0,0,0,0,0,0,0,False,False,False,all_alfworld,0,0,0,0,0,0,0,False,False,no_first_invocation_in_registered_U0_source_phase,no_actual_U0_training_loss_token
skillnet:alfworld-goal-interpreter,middle,0,0,0,0,0,0,0,False,False,False,all_alfworld,0,0,0,0,0,0,0,False,False,no_first_invocation_in_registered_U0_source_phase,no_actual_U0_training_loss_token
skillnet:alfworld-goal-interpreter,late,0,0,0,0,0,0,0,False,False,False,all_alfworld,0,0,0,0,0,0,0,False,False,no_first_invocation_in_registered_U0_source_phase,no_actual_U0_training_loss_token
skillnet:alfworld-heat-object-with-appliance,all,146,1809,146,3,18,3,18,True,True,False,all_alfworld,452,32,32,32,0,420,32,True,False,,
skillnet:alfworld-heat-object-with-appliance,initial,0,0,0,0,0,0,0,False,False,False,all_alfworld,0,0,0,0,0,0,0,False,False,no_first_invocation_in_registered_U0_source_phase,no_actual_U0_training_loss_token
skillnet:alfworld-heat-object-with-appliance,early,9,108,9,1,6,1,6,True,True,False,all_alfworld,16,13,13,13,0,3,13,True,False,,
skillnet:alfworld-heat-object-with-appliance,middle,38,480,38,3,12,3,12,True,True,False,all_alfworld,117,24,24,12,0,105,12,True,False,,
skillnet:alfworld-heat-object-with-appliance,late,99,1221,99,3,14,3,14,True,True,False,all_alfworld,319,26,26,7,0,312,7,True,False,,
skillnet:alfworld-inventory-management,all,0,0,0,0,0,0,0,False,False,False,all_alfworld,2,2,2,2,0,0,2,True,False,,no_actual_U0_training_loss_token
skillnet:alfworld-inventory-management,initial,0,0,0,0,0,0,0,False,False,False,all_alfworld,0,0,0,0,0,0,0,False,False,no_first_invocation_in_registered_U0_source_phase,no_actual_U0_training_loss_token
skillnet:alfworld-inventory-management,early,0,0,0,0,0,0,0,False,False,False,all_alfworld,2,2,2,2,0,0,2,True,False,,no_actual_U0_training_loss_token
skillnet:alfworld-inventory-management,middle,0,0,0,0,0,0,0,False,False,False,all_alfworld,0,0,0,0,0,0,0,False,False,no_first_invocation_in_registered_U0_source_phase,no_actual_U0_training_loss_token
skillnet:alfworld-inventory-management,late,0,0,0,0,0,0,0,False,False,False,all_alfworld,0,0,0,0,0,0,0,False,False,no_first_invocation_in_registered_U0_source_phase,no_actual_U0_training_loss_token
skillnet:alfworld-locate-target-object,all,1,12,1,1,1,1,1,True,True,False,all_alfworld,2,2,2,2,0,0,2,True,False,,
skillnet:alfworld-locate-target-object,initial,0,0,0,0,0,0,0,False,False,False,all_alfworld,2,2,2,2,0,0,2,True,False,,no_actual_U0_training_loss_token
skillnet:alfworld-locate-target-object,early,1,12,1,1,1,1,1,True,True,False,all_alfworld,0,0,0,0,0,0,0,False,False,no_first_invocation_in_registered_U0_source_phase,
skillnet:alfworld-locate-target-object,middle,0,0,0,0,0,0,0,False,False,False,all_alfworld,0,0,0,0,0,0,0,False,False,no_first_invocation_in_registered_U0_source_phase,no_actual_U0_training_loss_token
skillnet:alfworld-locate-target-object,late,0,0,0,0,0,0,0,False,False,False,all_alfworld,0,0,0,0,0,0,0,False,False,no_first_invocation_in_registered_U0_source_phase,no_actual_U0_training_loss_token
skillnet:alfworld-location-navigator,all,0,0,0,0,0,0,0,False,False,False,all_alfworld,0,0,0,0,0,0,0,False,False,no_first_invocation_in_registered_U0_source_phase,no_actual_U0_training_loss_token
skillnet:alfworld-location-navigator,initial,0,0,0,0,0,0,0,False,False,False,all_alfworld,0,0,0,0,0,0,0,False,False,no_first_invocation_in_registered_U0_source_phase,no_actual_U0_training_loss_token
skillnet:alfworld-location-navigator,early,0,0,0,0,0,0,0,False,False,False,all_alfworld,0,0,0,0,0,0,0,False,False,no_first_invocation_in_registered_U0_source_phase,no_actual_U0_training_loss_token
skillnet:alfworld-location-navigator,middle,0,0,0,0,0,0,0,False,False,False,all_alfworld,0,0,0,0,0,0,0,False,False,no_first_invocation_in_registered_U0_source_phase,no_actual_U0_training_loss_token
skillnet:alfworld-location-navigator,late,0,0,0,0,0,0,0,False,False,False,all_alfworld,0,0,0,0,0,0,0,False,False,no_first_invocation_in_registered_U0_source_phase,no_actual_U0_training_loss_token
skillnet:alfworld-navigation-planner,all,0,0,0,0,0,0,0,False,False,False,all_alfworld,0,0,0,0,0,0,0,False,False,no_first_invocation_in_registered_U0_source_phase,no_actual_U0_training_loss_token
skillnet:alfworld-navigation-planner,initial,0,0,0,0,0,0,0,False,False,False,all_alfworld,0,0,0,0,0,0,0,False,False,no_first_invocation_in_registered_U0_source_phase,no_actual_U0_training_loss_token
skillnet:alfworld-navigation-planner,early,0,0,0,0,0,0,0,False,False,False,all_alfworld,0,0,0,0,0,0,0,False,False,no_first_invocation_in_registered_U0_source_phase,no_actual_U0_training_loss_token
skillnet:alfworld-navigation-planner,middle,0,0,0,0,0,0,0,False,False,False,all_alfworld,0,0,0,0,0,0,0,False,False,no_first_invocation_in_registered_U0_source_phase,no_actual_U0_training_loss_token
skillnet:alfworld-navigation-planner,late,0,0,0,0,0,0,0,False,False,False,all_alfworld,0,0,0,0,0,0,0,False,False,no_first_invocation_in_registered_U0_source_phase,no_actual_U0_training_loss_token
skillnet:alfworld-object-cooler,all,625,8239,625,4,32,4,32,True,True,True,all_alfworld,260,21,21,21,0,239,21,True,False,,
skillnet:alfworld-object-cooler,initial,0,0,0,0,0,0,0,False,False,False,all_alfworld,0,0,0,0,0,0,0,False,False,no_first_invocation_in_registered_U0_source_phase,no_actual_U0_training_loss_token
skillnet:alfworld-object-cooler,early,38,515,38,4,18,4,18,True,True,True,all_alfworld,14,9,9,9,0,5,9,True,False,,
skillnet:alfworld-object-cooler,middle,159,2083,159,4,26,4,26,True,True,True,all_alfworld,54,15,15,6,0,48,6,True,False,,
skillnet:alfworld-object-cooler,late,428,5641,428,4,26,4,26,True,True,True,all_alfworld,192,16,16,6,0,186,6,True,False,,
skillnet:alfworld-object-disposer,all,0,0,0,0,0,0,0,False,False,False,all_alfworld,3,2,2,2,0,1,2,True,False,,no_actual_U0_training_loss_token
skillnet:alfworld-object-disposer,initial,0,0,0,0,0,0,0,False,False,False,all_alfworld,0,0,0,0,0,0,0,False,False,no_first_invocation_in_registered_U0_source_phase,no_actual_U0_training_loss_token
skillnet:alfworld-object-disposer,early,0,0,0,0,0,0,0,False,False,False,all_alfworld,2,2,2,2,0,0,2,True,False,,no_actual_U0_training_loss_token
skillnet:alfworld-object-disposer,middle,0,0,0,0,0,0,0,False,False,False,all_alfworld,1,1,1,0,0,1,0,False,False,no_first_invocation_in_registered_U0_source_phase,no_actual_U0_training_loss_token
skillnet:alfworld-object-disposer,late,0,0,0,0,0,0,0,False,False,False,all_alfworld,0,0,0,0,0,0,0,False,False,no_first_invocation_in_registered_U0_source_phase,no_actual_U0_training_loss_token
skillnet:alfworld-object-heater,all,10,112,10,1,7,1,7,True,True,False,all_alfworld,23,9,9,9,0,14,9,True,False,,
skillnet:alfworld-object-heater,initial,0,0,0,0,0,0,0,False,False,False,all_alfworld,0,0,0,0,0,0,0,False,False,no_first_invocation_in_registered_U0_source_phase,no_actual_U0_training_loss_token
skillnet:alfworld-object-heater,early,9,101,9,1,7,1,7,True,True,False,all_alfworld,1,1,1,1,0,0,1,True,False,,
skillnet:alfworld-object-heater,middle,1,11,1,1,1,1,1,True,True,False,all_alfworld,5,4,4,4,0,1,4,True,False,,
skillnet:alfworld-object-heater,late,0,0,0,0,0,0,0,False,False,False,all_alfworld,17,7,7,4,0,13,4,True,False,,no_actual_U0_training_loss_token
skillnet:alfworld-object-locator,all,0,0,0,0,0,0,0,False,False,False,all_alfworld,0,0,0,0,0,0,0,False,False,no_first_invocation_in_registered_U0_source_phase,no_actual_U0_training_loss_token
skillnet:alfworld-object-locator,initial,0,0,0,0,0,0,0,False,False,False,all_alfworld,0,0,0,0,0,0,0,False,False,no_first_invocation_in_registered_U0_source_phase,no_actual_U0_training_loss_token
skillnet:alfworld-object-locator,early,0,0,0,0,0,0,0,False,False,False,all_alfworld,0,0,0,0,0,0,0,False,False,no_first_invocation_in_registered_U0_source_phase,no_actual_U0_training_loss_token
skillnet:alfworld-object-locator,middle,0,0,0,0,0,0,0,False,False,False,all_alfworld,0,0,0,0,0,0,0,False,False,no_first_invocation_in_registered_U0_source_phase,no_actual_U0_training_loss_token
skillnet:alfworld-object-locator,late,0,0,0,0,0,0,0,False,False,False,all_alfworld,0,0,0,0,0,0,0,False,False,no_first_invocation_in_registered_U0_source_phase,no_actual_U0_training_loss_token
skillnet:alfworld-object-picker,all,25,322,25,5,20,5,20,True,True,True,all_alfworld,29,7,7,7,0,22,7,True,False,,
skillnet:alfworld-object-picker,initial,0,0,0,0,0,0,0,False,False,False,all_alfworld,0,0,0,0,0,0,0,False,False,no_first_invocation_in_registered_U0_source_phase,no_actual_U0_training_loss_token
skillnet:alfworld-object-picker,early,21,269,21,4,19,4,19,True,True,True,all_alfworld,8,4,4,4,0,4,4,True,False,,
skillnet:alfworld-object-picker,middle,1,13,1,1,1,1,1,True,True,False,all_alfworld,9,3,3,1,0,8,1,True,False,,
skillnet:alfworld-object-picker,late,3,40,3,2,3,2,3,True,True,False,all_alfworld,12,6,6,2,0,10,2,True,False,,
skillnet:alfworld-object-placer,all,1136,16612,1136,7,46,7,46,True,True,True,all_alfworld,403,23,23,23,0,380,23,True,False,,
skillnet:alfworld-object-placer,initial,16,185,16,2,16,2,16,True,True,False,all_alfworld,3,3,3,3,0,0,3,True,False,,
skillnet:alfworld-object-placer,early,63,863,63,4,30,4,30,True,True,True,all_alfworld,7,5,5,4,0,3,4,True,False,,
skillnet:alfworld-object-placer,middle,258,3756,258,7,37,7,37,True,True,True,all_alfworld,84,17,17,10,0,74,10,True,False,,
skillnet:alfworld-object-placer,late,799,11808,799,7,37,7,37,True,True,True,all_alfworld,309,18,18,6,0,303,6,True,False,,
skillnet:alfworld-object-retriever,all,0,0,0,0,0,0,0,False,False,False,all_alfworld,16,15,15,15,0,1,15,True,False,,no_actual_U0_training_loss_token
skillnet:alfworld-object-retriever,initial,0,0,0,0,0,0,0,False,False,False,all_alfworld,2,2,2,2,0,0,2,True,False,,no_actual_U0_training_loss_token
skillnet:alfworld-object-retriever,early,0,0,0,0,0,0,0,False,False,False,all_alfworld,14,13,13,13,0,1,13,True,False,,no_actual_U0_training_loss_token
skillnet:alfworld-object-retriever,middle,0,0,0,0,0,0,0,False,False,False,all_alfworld,0,0,0,0,0,0,0,False,False,no_first_invocation_in_registered_U0_source_phase,no_actual_U0_training_loss_token
skillnet:alfworld-object-retriever,late,0,0,0,0,0,0,0,False,False,False,all_alfworld,0,0,0,0,0,0,0,False,False,no_first_invocation_in_registered_U0_source_phase,no_actual_U0_training_loss_token
skillnet:alfworld-object-state-inspector,all,399,4990,399,1,8,1,8,True,True,False,all_alfworld,684,18,18,18,0,666,18,True,False,,
skillnet:alfworld-object-state-inspector,initial,8,84,8,1,8,1,8,True,True,False,all_alfworld,10,10,10,10,0,0,10,True,False,,
skillnet:alfworld-object-state-inspector,early,32,396,32,1,8,1,8,True,True,False,all_alfworld,62,17,17,7,0,55,7,True,False,,
skillnet:alfworld-object-state-inspector,middle,80,984,80,1,8,1,8,True,True,False,all_alfworld,140,16,16,1,0,139,1,True,False,,
skillnet:alfworld-object-state-inspector,late,279,3526,279,1,8,1,8,True,True,False,all_alfworld,472,16,16,0,0,472,0,False,False,no_first_invocation_in_registered_U0_source_phase,
skillnet:alfworld-object-state-modifier,all,0,0,0,0,0,0,0,False,False,False,all_alfworld,0,0,0,0,0,0,0,False,False,no_first_invocation_in_registered_U0_source_phase,no_actual_U0_training_loss_token
skillnet:alfworld-object-state-modifier,initial,0,0,0,0,0,0,0,False,False,False,all_alfworld,0,0,0,0,0,0,0,False,False,no_first_invocation_in_registered_U0_source_phase,no_actual_U0_training_loss_token
skillnet:alfworld-object-state-modifier,early,0,0,0,0,0,0,0,False,False,False,all_alfworld,0,0,0,0,0,0,0,False,False,no_first_invocation_in_registered_U0_source_phase,no_actual_U0_training_loss_token
skillnet:alfworld-object-state-modifier,middle,0,0,0,0,0,0,0,False,False,False,all_alfworld,0,0,0,0,0,0,0,False,False,no_first_invocation_in_registered_U0_source_phase,no_actual_U0_training_loss_token
skillnet:alfworld-object-state-modifier,late,0,0,0,0,0,0,0,False,False,False,all_alfworld,0,0,0,0,0,0,0,False,False,no_first_invocation_in_registered_U0_source_phase,no_actual_U0_training_loss_token
skillnet:alfworld-object-storer,all,97,1281,92,4,20,3,17,True,True,False,all_alfworld,267,18,18,18,0,249,18,True,False,,
skillnet:alfworld-object-storer,initial,0,0,0,0,0,0,0,False,False,False,all_alfworld,0,0,0,0,0,0,0,False,False,no_first_invocation_in_registered_U0_source_phase,no_actual_U0_training_loss_token
skillnet:alfworld-object-storer,early,7,88,7,2,6,2,6,True,True,False,all_alfworld,11,8,8,8,0,3,8,True,False,,
skillnet:alfworld-object-storer,middle,18,241,16,3,12,2,10,True,True,False,all_alfworld,56,14,14,6,0,50,6,True,False,,
skillnet:alfworld-object-storer,late,72,952,69,3,14,2,11,True,True,False,all_alfworld,200,15,15,4,0,196,4,True,False,,
skillnet:alfworld-object-transporter,all,0,0,0,0,0,0,0,False,False,False,all_alfworld,1,1,1,1,0,0,1,True,False,,no_actual_U0_training_loss_token
skillnet:alfworld-object-transporter,initial,0,0,0,0,0,0,0,False,False,False,all_alfworld,0,0,0,0,0,0,0,False,False,no_first_invocation_in_registered_U0_source_phase,no_actual_U0_training_loss_token
skillnet:alfworld-object-transporter,early,0,0,0,0,0,0,0,False,False,False,all_alfworld,0,0,0,0,0,0,0,False,False,no_first_invocation_in_registered_U0_source_phase,no_actual_U0_training_loss_token
skillnet:alfworld-object-transporter,middle,0,0,0,0,0,0,0,False,False,False,all_alfworld,0,0,0,0,0,0,0,False,False,no_first_invocation_in_registered_U0_source_phase,no_actual_U0_training_loss_token
skillnet:alfworld-object-transporter,late,0,0,0,0,0,0,0,False,False,False,all_alfworld,1,1,1,1,0,0,1,True,False,,no_actual_U0_training_loss_token
skillnet:alfworld-open-receptacle,all,0,0,0,0,0,0,0,False,False,False,all_alfworld,0,0,0,0,0,0,0,False,False,no_first_invocation_in_registered_U0_source_phase,no_actual_U0_training_loss_token
skillnet:alfworld-open-receptacle,initial,0,0,0,0,0,0,0,False,False,False,all_alfworld,0,0,0,0,0,0,0,False,False,no_first_invocation_in_registered_U0_source_phase,no_actual_U0_training_loss_token
skillnet:alfworld-open-receptacle,early,0,0,0,0,0,0,0,False,False,False,all_alfworld,0,0,0,0,0,0,0,False,False,no_first_invocation_in_registered_U0_source_phase,no_actual_U0_training_loss_token
skillnet:alfworld-open-receptacle,middle,0,0,0,0,0,0,0,False,False,False,all_alfworld,0,0,0,0,0,0,0,False,False,no_first_invocation_in_registered_U0_source_phase,no_actual_U0_training_loss_token
skillnet:alfworld-open-receptacle,late,0,0,0,0,0,0,0,False,False,False,all_alfworld,0,0,0,0,0,0,0,False,False,no_first_invocation_in_registered_U0_source_phase,no_actual_U0_training_loss_token
skillnet:alfworld-receptacle-closer,all,1,11,1,1,1,1,1,True,True,False,all_alfworld,10,5,5,5,0,5,5,True,False,,
skillnet:alfworld-receptacle-closer,initial,0,0,0,0,0,0,0,False,False,False,all_alfworld,0,0,0,0,0,0,0,False,False,no_first_invocation_in_registered_U0_source_phase,no_actual_U0_training_loss_token
skillnet:alfworld-receptacle-closer,early,0,0,0,0,0,0,0,False,False,False,all_alfworld,0,0,0,0,0,0,0,False,False,no_first_invocation_in_registered_U0_source_phase,no_actual_U0_training_loss_token
skillnet:alfworld-receptacle-closer,middle,1,11,1,1,1,1,1,True,True,False,all_alfworld,4,4,4,4,0,0,4,True,False,,
skillnet:alfworld-receptacle-closer,late,0,0,0,0,0,0,0,False,False,False,all_alfworld,6,3,3,1,0,5,1,True,False,,no_actual_U0_training_loss_token
skillnet:alfworld-receptacle-finder,all,291,4371,260,5,27,4,19,True,True,True,all_alfworld,155,10,10,10,0,145,10,True,False,,
skillnet:alfworld-receptacle-finder,initial,16,324,16,2,16,2,16,True,True,False,all_alfworld,3,3,3,3,0,0,3,True,False,,
skillnet:alfworld-receptacle-finder,early,25,331,21,4,18,3,14,True,True,False,all_alfworld,10,4,4,1,0,9,1,True,False,,
skillnet:alfworld-receptacle-finder,middle,58,740,50,3,16,2,12,True,True,False,all_alfworld,29,5,5,1,0,28,1,True,False,,
skillnet:alfworld-receptacle-finder,late,192,2976,173,5,19,4,11,True,True,True,all_alfworld,113,9,9,5,0,108,5,True,False,,
skillnet:alfworld-receptacle-navigator,all,0,0,0,0,0,0,0,False,False,False,all_alfworld,2,2,2,2,0,0,2,True,False,,no_actual_U0_training_loss_token
skillnet:alfworld-receptacle-navigator,initial,0,0,0,0,0,0,0,False,False,False,all_alfworld,0,0,0,0,0,0,0,False,False,no_first_invocation_in_registered_U0_source_phase,no_actual_U0_training_loss_token
skillnet:alfworld-receptacle-navigator,early,0,0,0,0,0,0,0,False,False,False,all_alfworld,2,2,2,2,0,0,2,True,False,,no_actual_U0_training_loss_token
skillnet:alfworld-receptacle-navigator,middle,0,0,0,0,0,0,0,False,False,False,all_alfworld,0,0,0,0,0,0,0,False,False,no_first_invocation_in_registered_U0_source_phase,no_actual_U0_training_loss_token
skillnet:alfworld-receptacle-navigator,late,0,0,0,0,0,0,0,False,False,False,all_alfworld,0,0,0,0,0,0,0,False,False,no_first_invocation_in_registered_U0_source_phase,no_actual_U0_training_loss_token
skillnet:alfworld-receptacle-opener,all,13,149,1,2,6,1,1,True,True,False,all_alfworld,26,8,8,8,0,18,8,True,False,,
skillnet:alfworld-receptacle-opener,initial,0,0,0,0,0,0,0,False,False,False,all_alfworld,0,0,0,0,0,0,0,False,False,no_first_invocation_in_registered_U0_source_phase,no_actual_U0_training_loss_token
skillnet:alfworld-receptacle-opener,early,0,0,0,0,0,0,0,False,False,False,all_alfworld,1,1,1,1,0,0,1,True,False,,no_actual_U0_training_loss_token
skillnet:alfworld-receptacle-opener,middle,2,22,0,1,2,0,0,True,False,False,all_alfworld,6,3,3,2,0,4,2,True,False,,
skillnet:alfworld-receptacle-opener,late,11,127,1,2,5,1,1,True,True,False,all_alfworld,19,6,6,5,0,14,5,True,False,,
skillnet:alfworld-receptacle-operator,all,25,285,3,2,8,1,1,True,True,False,all_alfworld,24,7,7,7,0,17,7,True,False,,
skillnet:alfworld-receptacle-operator,initial,0,0,0,0,0,0,0,False,False,False,all_alfworld,0,0,0,0,0,0,0,False,False,no_first_invocation_in_registered_U0_source_phase,no_actual_U0_training_loss_token
skillnet:alfworld-receptacle-operator,early,0,0,0,0,0,0,0,False,False,False,all_alfworld,2,2,2,2,0,0,2,True,False,,no_actual_U0_training_loss_token
skillnet:alfworld-receptacle-operator,middle,6,69,0,1,4,0,0,True,False,False,all_alfworld,4,4,4,3,0,1,3,True,False,,
skillnet:alfworld-receptacle-operator,late,19,216,3,2,7,1,1,True,True,False,all_alfworld,18,5,5,2,0,16,2,True,False,,
skillnet:alfworld-receptacle-preparer,all,0,0,0,0,0,0,0,False,False,False,all_alfworld,0,0,0,0,0,0,0,False,False,no_first_invocation_in_registered_U0_source_phase,no_actual_U0_training_loss_token
skillnet:alfworld-receptacle-preparer,initial,0,0,0,0,0,0,0,False,False,False,all_alfworld,0,0,0,0,0,0,0,False,False,no_first_invocation_in_registered_U0_source_phase,no_actual_U0_training_loss_token
skillnet:alfworld-receptacle-preparer,early,0,0,0,0,0,0,0,False,False,False,all_alfworld,0,0,0,0,0,0,0,False,False,no_first_invocation_in_registered_U0_source_phase,no_actual_U0_training_loss_token
skillnet:alfworld-receptacle-preparer,middle,0,0,0,0,0,0,0,False,False,False,all_alfworld,0,0,0,0,0,0,0,False,False,no_first_invocation_in_registered_U0_source_phase,no_actual_U0_training_loss_token
skillnet:alfworld-receptacle-preparer,late,0,0,0,0,0,0,0,False,False,False,all_alfworld,0,0,0,0,0,0,0,False,False,no_first_invocation_in_registered_U0_source_phase,no_actual_U0_training_loss_token
skillnet:alfworld-receptacle-searcher,all,0,0,0,0,0,0,0,False,False,False,all_alfworld,2,2,2,2,0,0,2,True,False,,no_actual_U0_training_loss_token
skillnet:alfworld-receptacle-searcher,initial,0,0,0,0,0,0,0,False,False,False,all_alfworld,2,2,2,2,0,0,2,True,False,,no_actual_U0_training_loss_token
skillnet:alfworld-receptacle-searcher,early,0,0,0,0,0,0,0,False,False,False,all_alfworld,0,0,0,0,0,0,0,False,False,no_first_invocation_in_registered_U0_source_phase,no_actual_U0_training_loss_token
skillnet:alfworld-receptacle-searcher,middle,0,0,0,0,0,0,0,False,False,False,all_alfworld,0,0,0,0,0,0,0,False,False,no_first_invocation_in_registered_U0_source_phase,no_actual_U0_training_loss_token
skillnet:alfworld-receptacle-searcher,late,0,0,0,0,0,0,0,False,False,False,all_alfworld,0,0,0,0,0,0,0,False,False,no_first_invocation_in_registered_U0_source_phase,no_actual_U0_training_loss_token
skillnet:alfworld-search-pattern-executor,all,0,0,0,0,0,0,0,False,False,False,all_alfworld,0,0,0,0,0,0,0,False,False,no_first_invocation_in_registered_U0_source_phase,no_actual_U0_training_loss_token
skillnet:alfworld-search-pattern-executor,initial,0,0,0,0,0,0,0,False,False,False,all_alfworld,0,0,0,0,0,0,0,False,False,no_first_invocation_in_registered_U0_source_phase,no_actual_U0_training_loss_token
skillnet:alfworld-search-pattern-executor,early,0,0,0,0,0,0,0,False,False,False,all_alfworld,0,0,0,0,0,0,0,False,False,no_first_invocation_in_registered_U0_source_phase,no_actual_U0_training_loss_token
skillnet:alfworld-search-pattern-executor,middle,0,0,0,0,0,0,0,False,False,False,all_alfworld,0,0,0,0,0,0,0,False,False,no_first_invocation_in_registered_U0_source_phase,no_actual_U0_training_loss_token
skillnet:alfworld-search-pattern-executor,late,0,0,0,0,0,0,0,False,False,False,all_alfworld,0,0,0,0,0,0,0,False,False,no_first_invocation_in_registered_U0_source_phase,no_actual_U0_training_loss_token
skillnet:alfworld-search-verifier,all,0,0,0,0,0,0,0,False,False,False,all_alfworld,0,0,0,0,0,0,0,False,False,no_first_invocation_in_registered_U0_source_phase,no_actual_U0_training_loss_token
skillnet:alfworld-search-verifier,initial,0,0,0,0,0,0,0,False,False,False,all_alfworld,0,0,0,0,0,0,0,False,False,no_first_invocation_in_registered_U0_source_phase,no_actual_U0_training_loss_token
skillnet:alfworld-search-verifier,early,0,0,0,0,0,0,0,False,False,False,all_alfworld,0,0,0,0,0,0,0,False,False,no_first_invocation_in_registered_U0_source_phase,no_actual_U0_training_loss_token
skillnet:alfworld-search-verifier,middle,0,0,0,0,0,0,0,False,False,False,all_alfworld,0,0,0,0,0,0,0,False,False,no_first_invocation_in_registered_U0_source_phase,no_actual_U0_training_loss_token
skillnet:alfworld-search-verifier,late,0,0,0,0,0,0,0,False,False,False,all_alfworld,0,0,0,0,0,0,0,False,False,no_first_invocation_in_registered_U0_source_phase,no_actual_U0_training_loss_token
skillnet:alfworld-storage-explorer,all,786,9875,584,9,50,8,42,True,True,True,all_alfworld,657,44,44,44,0,613,44,True,False,,
skillnet:alfworld-storage-explorer,initial,16,172,16,2,16,2,16,True,True,False,all_alfworld,23,23,23,23,0,0,23,True,False,,
skillnet:alfworld-storage-explorer,early,104,1258,80,7,43,6,35,True,True,True,all_alfworld,95,36,36,18,0,77,18,True,False,,
skillnet:alfworld-storage-explorer,middle,178,2255,133,6,33,5,25,True,True,True,all_alfworld,147,34,34,1,0,146,1,True,False,,
skillnet:alfworld-storage-explorer,late,488,6190,355,7,33,6,25,True,True,True,all_alfworld,392,35,35,2,0,390,2,True,False,,
skillnet:alfworld-task-verifier,all,0,0,0,0,0,0,0,False,False,False,all_alfworld,0,0,0,0,0,0,0,False,False,no_first_invocation_in_registered_U0_source_phase,no_actual_U0_training_loss_token
skillnet:alfworld-task-verifier,initial,0,0,0,0,0,0,0,False,False,False,all_alfworld,0,0,0,0,0,0,0,False,False,no_first_invocation_in_registered_U0_source_phase,no_actual_U0_training_loss_token
skillnet:alfworld-task-verifier,early,0,0,0,0,0,0,0,False,False,False,all_alfworld,0,0,0,0,0,0,0,False,False,no_first_invocation_in_registered_U0_source_phase,no_actual_U0_training_loss_token
skillnet:alfworld-task-verifier,middle,0,0,0,0,0,0,0,False,False,False,all_alfworld,0,0,0,0,0,0,0,False,False,no_first_invocation_in_registered_U0_source_phase,no_actual_U0_training_loss_token
skillnet:alfworld-task-verifier,late,0,0,0,0,0,0,0,False,False,False,all_alfworld,0,0,0,0,0,0,0,False,False,no_first_invocation_in_registered_U0_source_phase,no_actual_U0_training_loss_token
skillnet:alfworld-temperature-regulator,all,4,53,3,2,4,1,3,True,True,False,all_alfworld,36,6,6,6,0,30,6,True,False,,
skillnet:alfworld-temperature-regulator,initial,0,0,0,0,0,0,0,False,False,False,all_alfworld,0,0,0,0,0,0,0,False,False,no_first_invocation_in_registered_U0_source_phase,no_actual_U0_training_loss_token
skillnet:alfworld-temperature-regulator,early,0,0,0,0,0,0,0,False,False,False,all_alfworld,0,0,0,0,0,0,0,False,False,no_first_invocation_in_registered_U0_source_phase,no_actual_U0_training_loss_token
skillnet:alfworld-temperature-regulator,middle,2,29,2,1,2,1,2,True,True,False,all_alfworld,6,2,2,2,0,4,2,True,False,,
skillnet:alfworld-temperature-regulator,late,2,24,1,2,2,1,1,True,True,False,all_alfworld,30,5,5,4,0,26,4,True,False,,
skillnet:alfworld-tool-locator,all,0,0,0,0,0,0,0,False,False,False,all_alfworld,4,4,4,4,0,0,4,True,False,,no_actual_U0_training_loss_token
skillnet:alfworld-tool-locator,initial,0,0,0,0,0,0,0,False,False,False,all_alfworld,0,0,0,0,0,0,0,False,False,no_first_invocation_in_registered_U0_source_phase,no_actual_U0_training_loss_token
skillnet:alfworld-tool-locator,early,0,0,0,0,0,0,0,False,False,False,all_alfworld,4,4,4,4,0,0,4,True,False,,no_actual_U0_training_loss_token
skillnet:alfworld-tool-locator,middle,0,0,0,0,0,0,0,False,False,False,all_alfworld,0,0,0,0,0,0,0,False,False,no_first_invocation_in_registered_U0_source_phase,no_actual_U0_training_loss_token
skillnet:alfworld-tool-locator,late,0,0,0,0,0,0,0,False,False,False,all_alfworld,0,0,0,0,0,0,0,False,False,no_first_invocation_in_registered_U0_source_phase,no_actual_U0_training_loss_token
skillnet:alfworld-tool-user,all,0,0,0,0,0,0,0,False,False,False,all_alfworld,0,0,0,0,0,0,0,False,False,no_first_invocation_in_registered_U0_source_phase,no_actual_U0_training_loss_token
skillnet:alfworld-tool-user,initial,0,0,0,0,0,0,0,False,False,False,all_alfworld,0,0,0,0,0,0,0,False,False,no_first_invocation_in_registered_U0_source_phase,no_actual_U0_training_loss_token
skillnet:alfworld-tool-user,early,0,0,0,0,0,0,0,False,False,False,all_alfworld,0,0,0,0,0,0,0,False,False,no_first_invocation_in_registered_U0_source_phase,no_actual_U0_training_loss_token
skillnet:alfworld-tool-user,middle,0,0,0,0,0,0,0,False,False,False,all_alfworld,0,0,0,0,0,0,0,False,False,no_first_invocation_in_registered_U0_source_phase,no_actual_U0_training_loss_token
skillnet:alfworld-tool-user,late,0,0,0,0,0,0,0,False,False,False,all_alfworld,0,0,0,0,0,0,0,False,False,no_first_invocation_in_registered_U0_source_phase,no_actual_U0_training_loss_token
