seed,update,split,task,episodes,success_rate
505,0,valid_seen,all,140,0.2357142857142857
505,0,valid_seen,look_at_obj_in_light,13,0.15384615384615385
505,0,valid_seen,pick_and_place_simple,35,0.2857142857142857
505,0,valid_seen,pick_clean_then_place_in_recep,27,0.37037037037037035
505,0,valid_seen,pick_cool_then_place_in_recep,25,0.16
505,0,valid_seen,pick_heat_then_place_in_recep,16,0.25
505,0,valid_seen,pick_two_obj_and_place,24,0.125
505,0,valid_unseen,all,134,0.23880597014925373
505,0,valid_unseen,look_at_obj_in_light,18,0.2222222222222222
505,0,valid_unseen,pick_and_place_simple,24,0.16666666666666666
505,0,valid_unseen,pick_clean_then_place_in_recep,31,0.1935483870967742
505,0,valid_unseen,pick_cool_then_place_in_recep,21,0.3333333333333333
505,0,valid_unseen,pick_heat_then_place_in_recep,23,0.391304347826087
505,0,valid_unseen,pick_two_obj_and_place,17,0.11764705882352941
505,5,valid_seen,all,140,0.2571428571428571
505,5,valid_seen,look_at_obj_in_light,13,0.46153846153846156
505,5,valid_seen,pick_and_place_simple,35,0.14285714285714285
505,5,valid_seen,pick_clean_then_place_in_recep,27,0.37037037037037035
505,5,valid_seen,pick_cool_then_place_in_recep,25,0.28
505,5,valid_seen,pick_heat_then_place_in_recep,16,0.3125
505,5,valid_seen,pick_two_obj_and_place,24,0.125
505,5,valid_unseen,all,134,0.3656716417910448
505,5,valid_unseen,look_at_obj_in_light,18,0.7777777777777778
505,5,valid_unseen,pick_and_place_simple,24,0.16666666666666666
505,5,valid_unseen,pick_clean_then_place_in_recep,31,0.3870967741935484
505,5,valid_unseen,pick_cool_then_place_in_recep,21,0.3333333333333333
505,5,valid_unseen,pick_heat_then_place_in_recep,23,0.4782608695652174
505,5,valid_unseen,pick_two_obj_and_place,17,0.058823529411764705
