control,phase,skill_id,context_id,repeat_count,repeat_negative,repeat_zero,repeat_positive,repeat_min,repeat_max,repeat_sd,nonzero_opposite_sign_pairs,all_repeat_pairs,opposite_sign_fraction,repeat_seed_is_not_an_independent_RL_seed
null,all,skillnet:alfworld-appliance-navigator,all_alfworld,8,4,0,4,-0.11290322580645161,0.0967741935483871,0.06565809607730418,16,28,0.5714285714285714,True
null,all,skillnet:alfworld-appliance-preparer,all_alfworld,8,0,7,1,0.0,0.125,0.04419417382415922,0,28,0.0,True
null,all,skillnet:alfworld-clean-object,all_alfworld,8,0,1,7,0.0,0.21621621621621623,0.07223276808443903,0,28,0.0,True
null,all,skillnet:alfworld-device-operator,all_alfworld,8,4,0,4,-0.11864406779661017,0.13559322033898305,0.09346764466472347,16,28,0.5714285714285714,True
null,all,skillnet:alfworld-heat-object-with-appliance,all_alfworld,8,0,1,7,0.0,0.1875,0.0668153104781061,0,28,0.0,True
null,all,skillnet:alfworld-inventory-management,all_alfworld,8,0,7,1,0.0,0.5,0.1767766952966369,0,28,0.0,True
null,all,skillnet:alfworld-locate-target-object,all_alfworld,8,0,8,0,0.0,0.0,0.0,0,28,0.0,True
null,all,skillnet:alfworld-object-cooler,all_alfworld,8,1,0,7,-0.09523809523809523,0.23809523809523808,0.10101525445522107,7,28,0.25,True
null,all,skillnet:alfworld-object-disposer,all_alfworld,8,2,6,0,-0.5,0.0,0.23145502494313785,0,28,0.0,True
null,all,skillnet:alfworld-object-heater,all_alfworld,8,3,1,4,-0.1111111111111111,0.3333333333333333,0.1679842102263232,12,28,0.42857142857142855,True
null,all,skillnet:alfworld-object-picker,all_alfworld,8,4,2,2,-0.2857142857142857,0.14285714285714285,0.17074694419062764,8,28,0.2857142857142857,True
null,all,skillnet:alfworld-object-placer,all_alfworld,8,1,1,6,-0.043478260869565216,0.17391304347826086,0.07326165287009595,6,28,0.21428571428571427,True
null,all,skillnet:alfworld-object-retriever,all_alfworld,8,3,3,2,-0.13333333333333333,0.26666666666666666,0.12051476890327394,6,28,0.21428571428571427,True
null,all,skillnet:alfworld-object-state-inspector,all_alfworld,8,0,0,8,0.16666666666666666,0.5,0.11785113019775792,0,28,0.0,True
null,all,skillnet:alfworld-object-storer,all_alfworld,8,2,1,5,-0.05555555555555555,0.16666666666666666,0.07715167498104596,10,28,0.35714285714285715,True
null,all,skillnet:alfworld-object-transporter,all_alfworld,8,0,5,3,0.0,1.0,0.5175491695067657,0,28,0.0,True
null,all,skillnet:alfworld-receptacle-closer,all_alfworld,8,2,6,0,-0.2,0.0,0.09258200997725516,0,28,0.0,True
null,all,skillnet:alfworld-receptacle-finder,all_alfworld,8,2,4,2,-0.2,0.2,0.11952286093343938,4,28,0.14285714285714285,True
null,all,skillnet:alfworld-receptacle-navigator,all_alfworld,8,2,6,0,-0.5,0.0,0.23145502494313785,0,28,0.0,True
null,all,skillnet:alfworld-receptacle-opener,all_alfworld,8,2,6,0,-0.125,0.0,0.057863756235784464,0,28,0.0,True
null,all,skillnet:alfworld-receptacle-operator,all_alfworld,8,7,0,1,-0.42857142857142855,0.14285714285714285,0.16085594663708616,7,28,0.25,True
null,all,skillnet:alfworld-receptacle-searcher,all_alfworld,8,2,5,1,-0.5,0.5,0.32043497223082784,2,28,0.07142857142857142,True
null,all,skillnet:alfworld-storage-explorer,all_alfworld,8,6,0,2,-0.11363636363636363,0.045454545454545456,0.051540609955803715,12,28,0.42857142857142855,True
null,all,skillnet:alfworld-temperature-regulator,all_alfworld,8,2,6,0,-0.16666666666666666,0.0,0.07715167498104596,0,28,0.0,True
null,all,skillnet:alfworld-tool-locator,all_alfworld,8,0,4,4,0.0,0.5,0.18600595228571123,0,28,0.0,True
null,early,skillnet:alfworld-appliance-navigator,all_alfworld,8,5,1,2,-0.25,0.125,0.1484668673956776,10,28,0.35714285714285715,True
null,early,skillnet:alfworld-clean-object,all_alfworld,8,1,1,6,-0.1111111111111111,0.3333333333333333,0.1679842102263232,6,28,0.21428571428571427,True
null,early,skillnet:alfworld-device-operator,all_alfworld,8,3,1,4,-0.18518518518518517,0.18518518518518517,0.1334471883083766,12,28,0.42857142857142855,True
null,early,skillnet:alfworld-heat-object-with-appliance,all_alfworld,8,2,1,5,-0.15384615384615385,0.23076923076923078,0.1390555025807007,10,28,0.35714285714285715,True
null,early,skillnet:alfworld-inventory-management,all_alfworld,8,0,7,1,0.0,0.5,0.1767766952966369,0,28,0.0,True
null,early,skillnet:alfworld-object-cooler,all_alfworld,8,2,1,5,-0.5555555555555556,0.2222222222222222,0.26394109759231577,10,28,0.35714285714285715,True
null,early,skillnet:alfworld-object-disposer,all_alfworld,8,2,6,0,-0.5,0.0,0.23145502494313785,0,28,0.0,True
null,early,skillnet:alfworld-object-heater,all_alfworld,8,0,8,0,0.0,0.0,0.0,0,28,0.0,True
null,early,skillnet:alfworld-object-picker,all_alfworld,8,4,4,0,-0.5,0.0,0.18600595228571123,0,28,0.0,True
null,early,skillnet:alfworld-object-placer,all_alfworld,8,1,5,2,-0.25,0.5,0.22160131510697959,2,28,0.07142857142857142,True
null,early,skillnet:alfworld-object-retriever,all_alfworld,8,3,3,2,-0.15384615384615385,0.3076923076923077,0.1390555025807007,6,28,0.21428571428571427,True
null,early,skillnet:alfworld-object-state-inspector,all_alfworld,8,0,0,8,0.2857142857142857,0.5714285714285714,0.13087505447327202,0,28,0.0,True
null,early,skillnet:alfworld-object-storer,all_alfworld,8,1,2,5,-0.125,0.375,0.15580293184477811,5,28,0.17857142857142858,True
null,early,skillnet:alfworld-receptacle-finder,all_alfworld,8,2,5,1,-1.0,1.0,0.6408699444616557,2,28,0.07142857142857142,True
null,early,skillnet:alfworld-receptacle-navigator,all_alfworld,8,2,6,0,-0.5,0.0,0.23145502494313785,0,28,0.0,True
null,early,skillnet:alfworld-receptacle-opener,all_alfworld,8,2,6,0,-1.0,0.0,0.4629100498862757,0,28,0.0,True
null,early,skillnet:alfworld-receptacle-operator,all_alfworld,8,7,1,0,-0.5,0.0,0.1767766952966369,0,28,0.0,True
null,early,skillnet:alfworld-storage-explorer,all_alfworld,8,4,3,1,-0.2222222222222222,0.05555555555555555,0.10472732714600513,4,28,0.14285714285714285,True
null,early,skillnet:alfworld-tool-locator,all_alfworld,8,0,4,4,0.0,0.5,0.18600595228571123,0,28,0.0,True
null,initial,skillnet:alfworld-appliance-navigator,all_alfworld,8,3,0,5,-0.16666666666666666,0.11904761904761904,0.09346781578850231,15,28,0.5357142857142857,True
null,initial,skillnet:alfworld-clean-object,all_alfworld,8,1,0,7,-0.04,0.16,0.07071067811865475,7,28,0.25,True
null,initial,skillnet:alfworld-device-operator,all_alfworld,8,3,0,5,-0.13636363636363635,0.2727272727272727,0.13690369248251957,15,28,0.5357142857142857,True
null,initial,skillnet:alfworld-locate-target-object,all_alfworld,8,0,8,0,0.0,0.0,0.0,0,28,0.0,True
null,initial,skillnet:alfworld-object-placer,all_alfworld,8,1,5,2,-0.3333333333333333,0.3333333333333333,0.21362331482055189,2,28,0.07142857142857142,True
null,initial,skillnet:alfworld-object-retriever,all_alfworld,8,0,8,0,0.0,0.0,0.0,0,28,0.0,True
null,initial,skillnet:alfworld-object-state-inspector,all_alfworld,8,0,0,8,0.1,0.6,0.1807721533549109,0,28,0.0,True
null,initial,skillnet:alfworld-receptacle-finder,all_alfworld,8,3,5,0,-0.3333333333333333,0.0,0.17251638983558856,0,28,0.0,True
null,initial,skillnet:alfworld-receptacle-searcher,all_alfworld,8,2,5,1,-0.5,0.5,0.32043497223082784,2,28,0.07142857142857142,True
null,initial,skillnet:alfworld-storage-explorer,all_alfworld,8,4,1,3,-0.08695652173913043,0.13043478260869565,0.0750820956753825,12,28,0.42857142857142855,True
null,late,skillnet:alfworld-appliance-navigator,all_alfworld,8,0,6,2,0.0,0.16666666666666666,0.07715167498104596,0,28,0.0,True
null,late,skillnet:alfworld-appliance-preparer,all_alfworld,8,0,8,0,0.0,0.0,0.0,0,28,0.0,True
null,late,skillnet:alfworld-clean-object,all_alfworld,8,0,7,1,0.0,0.5,0.1767766952966369,0,28,0.0,True
null,late,skillnet:alfworld-device-operator,all_alfworld,8,0,8,0,0.0,0.0,0.0,0,28,0.0,True
null,late,skillnet:alfworld-heat-object-with-appliance,all_alfworld,8,0,1,7,0.0,0.14285714285714285,0.050507627227610534,0,28,0.0,True
null,late,skillnet:alfworld-object-cooler,all_alfworld,8,0,7,1,0.0,0.16666666666666666,0.05892556509887895,0,28,0.0,True
null,late,skillnet:alfworld-object-heater,all_alfworld,8,2,5,1,-0.25,0.25,0.16021748611541392,2,28,0.07142857142857142,True
null,late,skillnet:alfworld-object-picker,all_alfworld,8,0,8,0,0.0,0.0,0.0,0,28,0.0,True
null,late,skillnet:alfworld-object-placer,all_alfworld,8,0,3,5,0.0,0.3333333333333333,0.1178511301977579,0,28,0.0,True
null,late,skillnet:alfworld-object-storer,all_alfworld,8,1,7,0,-0.25,0.0,0.08838834764831845,0,28,0.0,True
null,late,skillnet:alfworld-object-transporter,all_alfworld,8,0,5,3,0.0,1.0,0.5175491695067657,0,28,0.0,True
null,late,skillnet:alfworld-receptacle-closer,all_alfworld,8,0,8,0,0.0,0.0,0.0,0,28,0.0,True
null,late,skillnet:alfworld-receptacle-finder,all_alfworld,8,0,8,0,0.0,0.0,0.0,0,28,0.0,True
null,late,skillnet:alfworld-receptacle-opener,all_alfworld,8,0,8,0,0.0,0.0,0.0,0,28,0.0,True
null,late,skillnet:alfworld-receptacle-operator,all_alfworld,8,0,6,2,0.0,0.5,0.23145502494313785,0,28,0.0,True
null,late,skillnet:alfworld-storage-explorer,all_alfworld,8,0,8,0,0.0,0.0,0.0,0,28,0.0,True
null,late,skillnet:alfworld-temperature-regulator,all_alfworld,8,1,7,0,-0.25,0.0,0.08838834764831845,0,28,0.0,True
null,middle,skillnet:alfworld-appliance-navigator,all_alfworld,8,0,8,0,0.0,0.0,0.0,0,28,0.0,True
null,middle,skillnet:alfworld-appliance-preparer,all_alfworld,8,0,7,1,0.0,0.25,0.08838834764831845,0,28,0.0,True
null,middle,skillnet:alfworld-clean-object,all_alfworld,8,0,4,4,0.0,1.0,0.5345224838248488,0,28,0.0,True
null,middle,skillnet:alfworld-device-operator,all_alfworld,8,3,2,3,-0.14285714285714285,0.2857142857142857,0.18310569841761593,9,28,0.32142857142857145,True
null,middle,skillnet:alfworld-heat-object-with-appliance,all_alfworld,8,0,1,7,0.0,0.16666666666666666,0.05892556509887895,0,28,0.0,True
null,middle,skillnet:alfworld-object-cooler,all_alfworld,8,0,0,8,0.16666666666666666,0.5,0.10681165741027596,0,28,0.0,True
null,middle,skillnet:alfworld-object-heater,all_alfworld,8,1,3,4,-0.25,0.5,0.2651650429449553,4,28,0.14285714285714285,True
null,middle,skillnet:alfworld-object-picker,all_alfworld,8,1,5,2,-1.0,1.0,0.6408699444616557,2,28,0.07142857142857142,True
null,middle,skillnet:alfworld-object-placer,all_alfworld,8,2,3,3,-0.1,0.3,0.1414213562373095,6,28,0.21428571428571427,True
null,middle,skillnet:alfworld-object-state-inspector,all_alfworld,8,1,6,1,-1.0,1.0,0.5345224838248488,1,28,0.03571428571428571,True
null,middle,skillnet:alfworld-object-storer,all_alfworld,8,0,8,0,0.0,0.0,0.0,0,28,0.0,True
null,middle,skillnet:alfworld-receptacle-closer,all_alfworld,8,2,6,0,-0.25,0.0,0.11572751247156893,0,28,0.0,True
null,middle,skillnet:alfworld-receptacle-finder,all_alfworld,8,0,4,4,0.0,1.0,0.5345224838248488,0,28,0.0,True
null,middle,skillnet:alfworld-receptacle-opener,all_alfworld,8,0,8,0,0.0,0.0,0.0,0,28,0.0,True
null,middle,skillnet:alfworld-receptacle-operator,all_alfworld,8,3,5,0,-0.6666666666666666,0.0,0.25197631533948484,0,28,0.0,True
null,middle,skillnet:alfworld-storage-explorer,all_alfworld,8,0,8,0,0.0,0.0,0.0,0,28,0.0,True
null,middle,skillnet:alfworld-temperature-regulator,all_alfworld,8,1,7,0,-0.5,0.0,0.1767766952966369,0,28,0.0,True
placebo,all,skillnet:alfworld-appliance-navigator,all_alfworld,8,1,0,7,-0.016129032258064516,0.16129032258064516,0.05435541987136151,7,28,0.25,True
placebo,all,skillnet:alfworld-appliance-preparer,all_alfworld,8,0,8,0,0.0,0.0,0.0,0,28,0.0,True
placebo,all,skillnet:alfworld-clean-object,all_alfworld,8,0,1,7,0.0,0.21621621621621623,0.08516117760661304,0,28,0.0,True
placebo,all,skillnet:alfworld-device-operator,all_alfworld,8,3,0,5,-0.05084745762711865,0.11864406779661017,0.06718855654000778,15,28,0.5357142857142857,True
placebo,all,skillnet:alfworld-heat-object-with-appliance,all_alfworld,8,0,1,7,0.0,0.15625,0.057863756235784464,0,28,0.0,True
placebo,all,skillnet:alfworld-inventory-management,all_alfworld,8,0,7,1,0.0,0.5,0.1767766952966369,0,28,0.0,True
placebo,all,skillnet:alfworld-locate-target-object,all_alfworld,8,0,8,0,0.0,0.0,0.0,0,28,0.0,True
placebo,all,skillnet:alfworld-object-cooler,all_alfworld,8,3,1,4,-0.047619047619047616,0.19047619047619047,0.09330521581187212,12,28,0.42857142857142855,True
placebo,all,skillnet:alfworld-object-disposer,all_alfworld,8,0,7,1,0.0,0.5,0.1767766952966369,0,28,0.0,True
placebo,all,skillnet:alfworld-object-heater,all_alfworld,8,2,2,4,-0.1111111111111111,0.2222222222222222,0.1178511301977579,8,28,0.2857142857142857,True
placebo,all,skillnet:alfworld-object-picker,all_alfworld,8,4,2,2,-0.2857142857142857,0.14285714285714285,0.1515228816828316,8,28,0.2857142857142857,True
placebo,all,skillnet:alfworld-object-placer,all_alfworld,8,0,1,7,0.0,0.17391304347826086,0.05896533399393641,0,28,0.0,True
placebo,all,skillnet:alfworld-object-retriever,all_alfworld,8,0,5,3,0.0,0.2,0.07766431633476234,0,28,0.0,True
placebo,all,skillnet:alfworld-object-state-inspector,all_alfworld,8,0,0,8,0.05555555555555555,0.5555555555555556,0.15068918687339306,0,28,0.0,True
placebo,all,skillnet:alfworld-object-storer,all_alfworld,8,1,4,3,-0.05555555555555555,0.1111111111111111,0.05089585451738358,3,28,0.10714285714285714,True
placebo,all,skillnet:alfworld-object-transporter,all_alfworld,8,0,7,1,0.0,1.0,0.3535533905932738,0,28,0.0,True
placebo,all,skillnet:alfworld-receptacle-closer,all_alfworld,8,2,6,0,-0.2,0.0,0.09258200997725516,0,28,0.0,True
placebo,all,skillnet:alfworld-receptacle-finder,all_alfworld,8,2,2,4,-0.2,0.4,0.18468119248354137,8,28,0.2857142857142857,True
placebo,all,skillnet:alfworld-receptacle-navigator,all_alfworld,8,2,6,0,-0.5,0.0,0.23145502494313785,0,28,0.0,True
placebo,all,skillnet:alfworld-receptacle-opener,all_alfworld,8,2,6,0,-0.125,0.0,0.057863756235784464,0,28,0.0,True
placebo,all,skillnet:alfworld-receptacle-operator,all_alfworld,8,6,2,0,-0.2857142857142857,0.0,0.10798984943120778,0,28,0.0,True
placebo,all,skillnet:alfworld-receptacle-searcher,all_alfworld,8,2,5,1,-0.5,0.5,0.32043497223082784,2,28,0.07142857142857142,True
placebo,all,skillnet:alfworld-storage-explorer,all_alfworld,8,4,1,3,-0.11363636363636363,0.022727272727272728,0.05943642739942471,12,28,0.42857142857142855,True
placebo,all,skillnet:alfworld-temperature-regulator,all_alfworld,8,3,5,0,-0.16666666666666666,0.0,0.08625819491779428,0,28,0.0,True
placebo,all,skillnet:alfworld-tool-locator,all_alfworld,8,0,4,4,0.0,0.5,0.18600595228571123,0,28,0.0,True
placebo,early,skillnet:alfworld-appliance-navigator,all_alfworld,8,5,1,2,-0.25,0.25,0.1628087725786649,10,28,0.35714285714285715,True
placebo,early,skillnet:alfworld-clean-object,all_alfworld,8,3,0,5,-0.2222222222222222,0.4444444444444444,0.2639410975923157,15,28,0.5357142857142857,True
placebo,early,skillnet:alfworld-device-operator,all_alfworld,8,1,1,6,-0.1111111111111111,0.1111111111111111,0.06695264939070773,6,28,0.21428571428571427,True
placebo,early,skillnet:alfworld-heat-object-with-appliance,all_alfworld,8,0,2,6,0.0,0.15384615384615385,0.0681850200329168,0,28,0.0,True
placebo,early,skillnet:alfworld-inventory-management,all_alfworld,8,0,7,1,0.0,0.5,0.1767766952966369,0,28,0.0,True
placebo,early,skillnet:alfworld-object-cooler,all_alfworld,8,5,1,2,-0.3333333333333333,0.2222222222222222,0.20085794817212324,10,28,0.35714285714285715,True
placebo,early,skillnet:alfworld-object-disposer,all_alfworld,8,0,7,1,0.0,0.5,0.1767766952966369,0,28,0.0,True
placebo,early,skillnet:alfworld-object-heater,all_alfworld,8,0,8,0,0.0,0.0,0.0,0,28,0.0,True
placebo,early,skillnet:alfworld-object-picker,all_alfworld,8,5,2,1,-0.25,0.25,0.1889822365046136,5,28,0.17857142857142858,True
placebo,early,skillnet:alfworld-object-placer,all_alfworld,8,2,3,3,-0.25,0.5,0.25877458475338283,6,28,0.21428571428571427,True
placebo,early,skillnet:alfworld-object-retriever,all_alfworld,8,0,5,3,0.0,0.23076923076923078,0.08961267269395654,0,28,0.0,True
placebo,early,skillnet:alfworld-object-state-inspector,all_alfworld,8,0,1,7,0.0,0.8571428571428571,0.2645200285064433,0,28,0.0,True
placebo,early,skillnet:alfworld-object-storer,all_alfworld,8,1,4,3,-0.125,0.25,0.11451567266411304,3,28,0.10714285714285714,True
placebo,early,skillnet:alfworld-receptacle-finder,all_alfworld,8,1,6,1,-1.0,1.0,0.5345224838248488,1,28,0.03571428571428571,True
placebo,early,skillnet:alfworld-receptacle-navigator,all_alfworld,8,2,6,0,-0.5,0.0,0.23145502494313785,0,28,0.0,True
placebo,early,skillnet:alfworld-receptacle-opener,all_alfworld,8,2,6,0,-1.0,0.0,0.4629100498862757,0,28,0.0,True
placebo,early,skillnet:alfworld-receptacle-operator,all_alfworld,8,5,3,0,-0.5,0.0,0.25877458475338283,0,28,0.0,True
placebo,early,skillnet:alfworld-storage-explorer,all_alfworld,8,6,1,1,-0.2222222222222222,0.1111111111111111,0.10260066249085631,6,28,0.21428571428571427,True
placebo,early,skillnet:alfworld-tool-locator,all_alfworld,8,0,4,4,0.0,0.5,0.18600595228571123,0,28,0.0,True
placebo,initial,skillnet:alfworld-appliance-navigator,all_alfworld,8,0,1,7,0.0,0.19047619047619047,0.06458108008859702,0,28,0.0,True
placebo,initial,skillnet:alfworld-clean-object,all_alfworld,8,0,0,8,0.04,0.16,0.03664501525251617,0,28,0.0,True
placebo,initial,skillnet:alfworld-device-operator,all_alfworld,8,2,1,5,-0.13636363636363635,0.18181818181818182,0.12373921428675004,10,28,0.35714285714285715,True
placebo,initial,skillnet:alfworld-locate-target-object,all_alfworld,8,0,8,0,0.0,0.0,0.0,0,28,0.0,True
placebo,initial,skillnet:alfworld-object-placer,all_alfworld,8,2,3,3,-0.3333333333333333,0.6666666666666666,0.34503277967117707,6,28,0.21428571428571427,True
placebo,initial,skillnet:alfworld-object-retriever,all_alfworld,8,0,8,0,0.0,0.0,0.0,0,28,0.0,True
placebo,initial,skillnet:alfworld-object-state-inspector,all_alfworld,8,1,1,6,-0.1,0.5,0.22677868380553634,6,28,0.21428571428571427,True
placebo,initial,skillnet:alfworld-receptacle-finder,all_alfworld,8,2,4,2,-0.3333333333333333,0.3333333333333333,0.25197631533948484,4,28,0.14285714285714285,True
placebo,initial,skillnet:alfworld-receptacle-searcher,all_alfworld,8,2,5,1,-0.5,0.5,0.32043497223082784,2,28,0.07142857142857142,True
placebo,initial,skillnet:alfworld-storage-explorer,all_alfworld,8,4,0,4,-0.13043478260869565,0.08695652173913043,0.07707871829807986,16,28,0.5714285714285714,True
placebo,late,skillnet:alfworld-appliance-navigator,all_alfworld,8,1,7,0,-0.16666666666666666,0.0,0.05892556509887895,0,28,0.0,True
placebo,late,skillnet:alfworld-appliance-preparer,all_alfworld,8,0,8,0,0.0,0.0,0.0,0,28,0.0,True
placebo,late,skillnet:alfworld-clean-object,all_alfworld,8,0,7,1,0.0,0.5,0.1767766952966369,0,28,0.0,True
placebo,late,skillnet:alfworld-device-operator,all_alfworld,8,0,8,0,0.0,0.0,0.0,0,28,0.0,True
placebo,late,skillnet:alfworld-heat-object-with-appliance,all_alfworld,8,0,2,6,0.0,0.14285714285714285,0.06613000712661081,0,28,0.0,True
placebo,late,skillnet:alfworld-object-cooler,all_alfworld,8,0,7,1,0.0,0.16666666666666666,0.05892556509887895,0,28,0.0,True
placebo,late,skillnet:alfworld-object-heater,all_alfworld,8,2,5,1,-0.25,0.25,0.16021748611541392,2,28,0.07142857142857142,True
placebo,late,skillnet:alfworld-object-picker,all_alfworld,8,0,8,0,0.0,0.0,0.0,0,28,0.0,True
placebo,late,skillnet:alfworld-object-placer,all_alfworld,8,0,4,4,0.0,0.3333333333333333,0.12400396819047414,0,28,0.0,True
placebo,late,skillnet:alfworld-object-storer,all_alfworld,8,0,8,0,0.0,0.0,0.0,0,28,0.0,True
placebo,late,skillnet:alfworld-object-transporter,all_alfworld,8,0,7,1,0.0,1.0,0.3535533905932738,0,28,0.0,True
placebo,late,skillnet:alfworld-receptacle-closer,all_alfworld,8,0,8,0,0.0,0.0,0.0,0,28,0.0,True
placebo,late,skillnet:alfworld-receptacle-finder,all_alfworld,8,0,6,2,0.0,0.2,0.09258200997725516,0,28,0.0,True
placebo,late,skillnet:alfworld-receptacle-opener,all_alfworld,8,0,8,0,0.0,0.0,0.0,0,28,0.0,True
placebo,late,skillnet:alfworld-receptacle-operator,all_alfworld,8,0,8,0,0.0,0.0,0.0,0,28,0.0,True
placebo,late,skillnet:alfworld-storage-explorer,all_alfworld,8,0,8,0,0.0,0.0,0.0,0,28,0.0,True
placebo,late,skillnet:alfworld-temperature-regulator,all_alfworld,8,2,6,0,-0.25,0.0,0.11572751247156893,0,28,0.0,True
placebo,middle,skillnet:alfworld-appliance-navigator,all_alfworld,8,0,8,0,0.0,0.0,0.0,0,28,0.0,True
placebo,middle,skillnet:alfworld-appliance-preparer,all_alfworld,8,0,8,0,0.0,0.0,0.0,0,28,0.0,True
placebo,middle,skillnet:alfworld-clean-object,all_alfworld,8,0,4,4,0.0,1.0,0.5345224838248488,0,28,0.0,True
placebo,middle,skillnet:alfworld-device-operator,all_alfworld,8,3,1,4,-0.2857142857142857,0.2857142857142857,0.21257823118366995,12,28,0.42857142857142855,True
placebo,middle,skillnet:alfworld-heat-object-with-appliance,all_alfworld,8,1,1,6,-0.08333333333333333,0.25,0.09960238411119948,6,28,0.21428571428571427,True
placebo,middle,skillnet:alfworld-object-cooler,all_alfworld,8,0,0,8,0.16666666666666666,0.3333333333333333,0.08625819491779428,0,28,0.0,True
placebo,middle,skillnet:alfworld-object-heater,all_alfworld,8,1,2,5,-0.25,0.25,0.1889822365046136,5,28,0.17857142857142858,True
placebo,middle,skillnet:alfworld-object-picker,all_alfworld,8,1,5,2,-1.0,1.0,0.6408699444616557,2,28,0.07142857142857142,True
placebo,middle,skillnet:alfworld-object-placer,all_alfworld,8,1,1,6,-0.2,0.3,0.15118578920369088,6,28,0.21428571428571427,True
placebo,middle,skillnet:alfworld-object-state-inspector,all_alfworld,8,0,6,2,0.0,1.0,0.4629100498862757,0,28,0.0,True
placebo,middle,skillnet:alfworld-object-storer,all_alfworld,8,0,8,0,0.0,0.0,0.0,0,28,0.0,True
placebo,middle,skillnet:alfworld-receptacle-closer,all_alfworld,8,2,6,0,-0.25,0.0,0.11572751247156893,0,28,0.0,True
placebo,middle,skillnet:alfworld-receptacle-finder,all_alfworld,8,1,3,4,-1.0,1.0,0.7440238091428449,4,28,0.14285714285714285,True
placebo,middle,skillnet:alfworld-receptacle-opener,all_alfworld,8,0,8,0,0.0,0.0,0.0,0,28,0.0,True
placebo,middle,skillnet:alfworld-receptacle-operator,all_alfworld,8,2,6,0,-0.6666666666666666,0.0,0.24800793638094829,0,28,0.0,True
placebo,middle,skillnet:alfworld-storage-explorer,all_alfworld,8,0,8,0,0.0,0.0,0.0,0,28,0.0,True
placebo,middle,skillnet:alfworld-temperature-regulator,all_alfworld,8,1,7,0,-0.5,0.0,0.1767766952966369,0,28,0.0,True
