context_id,skill_id,natural_occurrences,games,supported,selected_anchors,selected_games,initial,early,middle,late,placebo_ready
clean,gen_001,0,0,False,0,0,0,0,0,0,False
clean,gen_002,84,29,True,50,29,0,26,23,1,True
clean,gen_003,0,0,False,0,0,0,0,0,0,False
clean,gen_004,0,0,False,0,0,0,0,0,0,False
clean,gen_005,0,0,False,0,0,0,0,0,0,False
clean,gen_006,0,0,False,0,0,0,0,0,0,False
clean,gen_007,0,0,False,0,0,0,0,0,0,False
clean,gen_008,0,0,False,0,0,0,0,0,0,False
clean,gen_009,0,0,False,0,0,0,0,0,0,False
clean,gen_010,0,0,False,0,0,0,0,0,0,False
clean,gen_011,0,0,False,0,0,0,0,0,0,False
clean,gen_012,0,0,False,0,0,0,0,0,0,False
clean,cle_001,0,0,False,0,0,0,0,0,0,False
clean,cle_002,18,11,False,0,0,0,0,0,0,False
clean,cle_003,111,31,True,50,31,0,20,30,0,True
clean,cle_004,114,31,True,50,31,0,50,0,0,True
clean,cle_005,11,7,False,0,0,0,0,0,0,False
clean,cle_006,124,31,True,50,31,50,0,0,0,True
