start_update,global_update,window_horizon,window_role,control,skill_id,context_id,phase,anchor_count,game_count,source_trajectory_count,continuation_repeats,paired_anchor_repeats,utility_old,utility_new,delta_utility,ci_low,ci_high,direction,interval_status,quantity_filter_applied,negative_point_label,original_old,control_old,original_new,control_new,delta_original,delta_control,seed
0,5,5,test,placebo,skillnet:alfworld-appliance-navigator,all_alfworld,all,62,62,62,2,124,-0.056451612903225805,0.024193548387096774,0.08064516129032258,0.008064516129032258,0.1693548387096774,uncertain,paired_game_cluster_bootstrap,False,False,0.27419354838709675,0.33064516129032256,0.18548387096774194,0.16129032258064516,-0.08870967741935482,-0.1693548387096774,404
0,5,5,test,placebo,skillnet:alfworld-appliance-navigator,all_alfworld,initial,42,42,42,2,84,-0.07142857142857142,0.03571428571428571,0.10714285714285714,0.0,0.2261904761904762,uncertain,paired_game_cluster_bootstrap,False,False,0.34523809523809523,0.4166666666666667,0.21428571428571427,0.17857142857142858,-0.13095238095238096,-0.2380952380952381,404
0,5,5,test,placebo,skillnet:alfworld-appliance-navigator,all_alfworld,early,8,8,8,2,16,-0.0625,0.0,0.0625,0.0,0.25,uncertain,paired_game_cluster_bootstrap,False,False,0.1875,0.25,0.1875,0.1875,0.0,-0.0625,404
0,5,5,test,placebo,skillnet:alfworld-appliance-navigator,all_alfworld,middle,6,6,6,2,12,0.0,0.0,0.0,0.0,0.0,stable,paired_game_cluster_bootstrap,False,False,0.16666666666666666,0.16666666666666666,0.16666666666666666,0.16666666666666666,0.0,0.0,404
0,5,5,test,placebo,skillnet:alfworld-appliance-navigator,all_alfworld,late,6,6,6,2,12,0.0,0.0,0.0,0.0,0.0,stable,paired_game_cluster_bootstrap,False,False,0.0,0.0,0.0,0.0,0.0,0.0,404
0,5,5,test,placebo,skillnet:alfworld-appliance-preparer,all_alfworld,all,8,8,8,2,16,0.0,0.0,0.0,0.0,0.0,stable,paired_game_cluster_bootstrap,False,False,0.0,0.0,0.0,0.0,0.0,0.0,404
0,5,5,test,placebo,skillnet:alfworld-appliance-preparer,all_alfworld,middle,4,4,4,2,8,0.0,0.0,0.0,0.0,0.0,stable,paired_game_cluster_bootstrap,False,False,0.0,0.0,0.0,0.0,0.0,0.0,404
0,5,5,test,placebo,skillnet:alfworld-appliance-preparer,all_alfworld,late,4,4,4,2,8,0.0,0.0,0.0,0.0,0.0,stable,paired_game_cluster_bootstrap,False,False,0.0,0.0,0.0,0.0,0.0,0.0,404
0,5,5,test,placebo,skillnet:alfworld-clean-object,all_alfworld,all,37,37,37,2,74,-0.0945945945945946,-0.10810810810810811,-0.013513513513513514,-0.16216216216216217,0.13513513513513514,uncertain,paired_game_cluster_bootstrap,False,False,0.2972972972972973,0.3918918918918919,0.0945945945945946,0.20270270270270271,-0.20270270270270271,-0.18918918918918917,404
0,5,5,test,placebo,skillnet:alfworld-clean-object,all_alfworld,initial,25,25,25,2,50,-0.26,-0.22,0.04,-0.14,0.22,uncertain,paired_game_cluster_bootstrap,False,False,0.22,0.48,0.0,0.22,-0.22,-0.26,404
0,5,5,test,placebo,skillnet:alfworld-clean-object,all_alfworld,early,9,9,9,2,18,0.2222222222222222,0.05555555555555555,-0.16666666666666666,-0.5,0.1111111111111111,uncertain,paired_game_cluster_bootstrap,False,True,0.5,0.2777777777777778,0.2777777777777778,0.2222222222222222,-0.2222222222222222,-0.05555555555555558,404
0,5,5,test,placebo,skillnet:alfworld-clean-object,all_alfworld,middle,1,1,1,2,2,0.0,0.0,0.0,,,uncertain,single_game_interval_undefined,False,False,0.0,0.0,0.0,0.0,0.0,0.0,404
0,5,5,test,placebo,skillnet:alfworld-clean-object,all_alfworld,late,2,2,2,2,4,0.5,0.5,0.0,0.0,0.0,stable,paired_game_cluster_bootstrap,False,False,0.5,0.0,0.5,0.0,0.0,0.0,404
0,5,5,test,placebo,skillnet:alfworld-device-operator,all_alfworld,all,59,59,59,2,118,0.059322033898305086,0.025423728813559324,-0.03389830508474576,-0.15254237288135594,0.0847457627118644,uncertain,paired_game_cluster_bootstrap,False,False,0.2966101694915254,0.23728813559322035,0.2627118644067797,0.23728813559322035,-0.03389830508474573,0.0,404
0,5,5,test,placebo,skillnet:alfworld-device-operator,all_alfworld,initial,22,22,22,2,44,0.11363636363636363,0.06818181818181818,-0.045454545454545456,-0.29545454545454547,0.18181818181818182,uncertain,paired_game_cluster_bootstrap,False,False,0.36363636363636365,0.25,0.4090909090909091,0.3409090909090909,0.04545454545454547,0.09090909090909088,404
0,5,5,test,placebo,skillnet:alfworld-device-operator,all_alfworld,early,27,27,27,2,54,0.05555555555555555,0.05555555555555555,0.0,-0.12962962962962962,0.12962962962962962,uncertain,paired_game_cluster_bootstrap,False,False,0.2962962962962963,0.24074074074074073,0.2222222222222222,0.16666666666666666,-0.07407407407407407,-0.07407407407407407,404
0,5,5,test,placebo,skillnet:alfworld-device-operator,all_alfworld,middle,7,7,7,2,14,-0.07142857142857142,-0.21428571428571427,-0.14285714285714285,-0.42857142857142855,0.0,uncertain,paired_game_cluster_bootstrap,False,True,0.21428571428571427,0.2857142857142857,0.07142857142857142,0.2857142857142857,-0.14285714285714285,0.0,404
0,5,5,test,placebo,skillnet:alfworld-device-operator,all_alfworld,late,3,3,3,2,6,0.0,0.0,0.0,0.0,0.0,stable,paired_game_cluster_bootstrap,False,False,0.0,0.0,0.0,0.0,0.0,0.0,404
0,5,5,test,placebo,skillnet:alfworld-heat-object-with-appliance,all_alfworld,all,32,32,32,2,64,0.15625,0.140625,-0.015625,-0.125,0.09375,uncertain,paired_game_cluster_bootstrap,False,False,0.234375,0.078125,0.25,0.109375,0.015625,0.03125,404
0,5,5,test,placebo,skillnet:alfworld-heat-object-with-appliance,all_alfworld,early,13,13,13,2,26,0.15384615384615385,0.07692307692307693,-0.07692307692307693,-0.2692307692307692,0.11538461538461539,uncertain,paired_game_cluster_bootstrap,False,True,0.23076923076923078,0.07692307692307693,0.23076923076923078,0.15384615384615385,0.0,0.07692307692307693,404
0,5,5,test,placebo,skillnet:alfworld-heat-object-with-appliance,all_alfworld,middle,12,12,12,2,24,0.25,0.25,0.0,-0.16666666666666666,0.16666666666666666,uncertain,paired_game_cluster_bootstrap,False,False,0.3333333333333333,0.08333333333333333,0.3333333333333333,0.08333333333333333,0.0,0.0,404
0,5,5,test,placebo,skillnet:alfworld-heat-object-with-appliance,all_alfworld,late,7,7,7,2,14,0.0,0.07142857142857142,0.07142857142857142,0.0,0.2857142857142857,uncertain,paired_game_cluster_bootstrap,False,False,0.07142857142857142,0.07142857142857142,0.14285714285714285,0.07142857142857142,0.07142857142857142,0.0,404
0,5,5,test,placebo,skillnet:alfworld-inventory-management,all_alfworld,all,2,2,2,2,4,0.0,0.0,0.0,0.0,0.0,stable,paired_game_cluster_bootstrap,False,False,0.5,0.5,0.75,0.75,0.25,0.25,404
0,5,5,test,placebo,skillnet:alfworld-inventory-management,all_alfworld,early,2,2,2,2,4,0.0,0.0,0.0,0.0,0.0,stable,paired_game_cluster_bootstrap,False,False,0.5,0.5,0.75,0.75,0.25,0.25,404
0,5,5,test,placebo,skillnet:alfworld-locate-target-object,all_alfworld,all,2,2,2,2,4,0.0,0.0,0.0,0.0,0.0,stable,paired_game_cluster_bootstrap,False,False,0.5,0.5,0.5,0.5,0.0,0.0,404
0,5,5,test,placebo,skillnet:alfworld-locate-target-object,all_alfworld,initial,2,2,2,2,4,0.0,0.0,0.0,0.0,0.0,stable,paired_game_cluster_bootstrap,False,False,0.5,0.5,0.5,0.5,0.0,0.0,404
0,5,5,test,placebo,skillnet:alfworld-object-cooler,all_alfworld,all,21,21,21,2,42,0.023809523809523808,0.09523809523809523,0.07142857142857142,-0.09523809523809523,0.2857142857142857,uncertain,paired_game_cluster_bootstrap,False,False,0.30952380952380953,0.2857142857142857,0.23809523809523808,0.14285714285714285,-0.07142857142857145,-0.14285714285714285,404
0,5,5,test,placebo,skillnet:alfworld-object-cooler,all_alfworld,early,9,9,9,2,18,0.05555555555555555,0.16666666666666666,0.1111111111111111,-0.2777777777777778,0.5555555555555556,uncertain,paired_game_cluster_bootstrap,False,False,0.4444444444444444,0.3888888888888889,0.2777777777777778,0.1111111111111111,-0.16666666666666663,-0.2777777777777778,404
0,5,5,test,placebo,skillnet:alfworld-object-cooler,all_alfworld,middle,6,6,6,2,12,-0.08333333333333333,0.0,0.08333333333333333,0.0,0.3333333333333333,uncertain,paired_game_cluster_bootstrap,False,False,0.3333333333333333,0.4166666666666667,0.3333333333333333,0.3333333333333333,0.0,-0.08333333333333337,404
0,5,5,test,placebo,skillnet:alfworld-object-cooler,all_alfworld,late,6,6,6,2,12,0.08333333333333333,0.08333333333333333,0.0,0.0,0.0,stable,paired_game_cluster_bootstrap,False,False,0.08333333333333333,0.0,0.08333333333333333,0.0,0.0,0.0,404
0,5,5,test,placebo,skillnet:alfworld-object-disposer,all_alfworld,all,2,2,2,2,4,0.0,0.0,0.0,0.0,0.0,stable,paired_game_cluster_bootstrap,False,False,0.5,0.5,0.75,0.75,0.25,0.25,404
0,5,5,test,placebo,skillnet:alfworld-object-disposer,all_alfworld,early,2,2,2,2,4,0.0,0.0,0.0,0.0,0.0,stable,paired_game_cluster_bootstrap,False,False,0.5,0.5,0.75,0.75,0.25,0.25,404
0,5,5,test,placebo,skillnet:alfworld-object-heater,all_alfworld,all,9,9,9,2,18,0.0,-0.05555555555555555,-0.05555555555555555,-0.2222222222222222,0.0,uncertain,paired_game_cluster_bootstrap,False,True,0.2777777777777778,0.2777777777777778,0.16666666666666666,0.2222222222222222,-0.11111111111111113,-0.05555555555555558,404
0,5,5,test,placebo,skillnet:alfworld-object-heater,all_alfworld,early,1,1,1,2,2,0.0,0.0,0.0,,,uncertain,single_game_interval_undefined,False,False,0.0,0.0,0.5,0.5,0.5,0.5,404
0,5,5,test,placebo,skillnet:alfworld-object-heater,all_alfworld,middle,4,4,4,2,8,0.0,-0.125,-0.125,-0.5,0.0,uncertain,paired_game_cluster_bootstrap,False,True,0.625,0.625,0.25,0.375,-0.375,-0.25,404
0,5,5,test,placebo,skillnet:alfworld-object-heater,all_alfworld,late,4,4,4,2,8,0.0,0.0,0.0,0.0,0.0,stable,paired_game_cluster_bootstrap,False,False,0.0,0.0,0.0,0.0,0.0,0.0,404
0,5,5,test,placebo,skillnet:alfworld-object-picker,all_alfworld,all,7,7,7,2,14,0.0,0.0,0.0,-0.21428571428571427,0.21428571428571427,uncertain,paired_game_cluster_bootstrap,False,False,0.14285714285714285,0.14285714285714285,0.2857142857142857,0.2857142857142857,0.14285714285714285,0.14285714285714285,404
0,5,5,test,placebo,skillnet:alfworld-object-picker,all_alfworld,early,4,4,4,2,8,0.125,0.0,-0.125,-0.5,0.0,uncertain,paired_game_cluster_bootstrap,False,True,0.125,0.0,0.0,0.0,-0.125,0.0,404
0,5,5,test,placebo,skillnet:alfworld-object-picker,all_alfworld,middle,1,1,1,2,2,-0.5,0.0,0.5,,,uncertain,single_game_interval_undefined,False,False,0.5,1.0,1.0,1.0,0.5,0.0,404
0,5,5,test,placebo,skillnet:alfworld-object-picker,all_alfworld,late,2,2,2,2,4,0.0,0.0,0.0,0.0,0.0,stable,paired_game_cluster_bootstrap,False,False,0.0,0.0,0.5,0.5,0.5,0.5,404
0,5,5,test,placebo,skillnet:alfworld-object-placer,all_alfworld,all,23,23,23,2,46,-0.15217391304347827,0.0,0.15217391304347827,-0.043478260869565216,0.34782608695652173,uncertain,paired_game_cluster_bootstrap,False,False,0.32608695652173914,0.4782608695652174,0.5,0.5,0.17391304347826086,0.021739130434782594,404
0,5,5,test,placebo,skillnet:alfworld-object-placer,all_alfworld,initial,3,3,3,2,6,0.16666666666666666,0.0,-0.16666666666666666,-0.6666666666666666,0.0,uncertain,paired_game_cluster_bootstrap,False,True,0.16666666666666666,0.0,0.0,0.0,-0.16666666666666666,0.0,404
0,5,5,test,placebo,skillnet:alfworld-object-placer,all_alfworld,early,4,4,4,2,8,-0.5,-0.125,0.375,0.0,0.875,uncertain,paired_game_cluster_bootstrap,False,False,0.0,0.5,0.625,0.75,0.625,0.25,404
0,5,5,test,placebo,skillnet:alfworld-object-placer,all_alfworld,middle,10,10,10,2,20,-0.1,0.05,0.15,-0.2,0.5,uncertain,paired_game_cluster_bootstrap,False,False,0.6,0.7,0.75,0.7,0.15000000000000002,0.0,404
0,5,5,test,placebo,skillnet:alfworld-object-placer,all_alfworld,late,6,6,6,2,12,-0.16666666666666666,0.0,0.16666666666666666,0.0,0.4166666666666667,uncertain,paired_game_cluster_bootstrap,False,False,0.16666666666666666,0.3333333333333333,0.25,0.25,0.08333333333333334,-0.08333333333333331,404
0,5,5,test,placebo,skillnet:alfworld-object-retriever,all_alfworld,all,15,15,15,2,30,-0.03333333333333333,-0.03333333333333333,0.0,-0.16666666666666666,0.2,uncertain,paired_game_cluster_bootstrap,False,False,0.3333333333333333,0.36666666666666664,0.3,0.3333333333333333,-0.033333333333333326,-0.033333333333333326,404
0,5,5,test,placebo,skillnet:alfworld-object-retriever,all_alfworld,initial,2,2,2,2,4,0.0,0.0,0.0,0.0,0.0,stable,paired_game_cluster_bootstrap,False,False,0.0,0.0,0.5,0.5,0.5,0.5,404
0,5,5,test,placebo,skillnet:alfworld-object-retriever,all_alfworld,early,13,13,13,2,26,-0.038461538461538464,-0.038461538461538464,0.0,-0.19230769230769232,0.23076923076923078,uncertain,paired_game_cluster_bootstrap,False,False,0.38461538461538464,0.4230769230769231,0.2692307692307692,0.3076923076923077,-0.11538461538461542,-0.11538461538461536,404
0,5,5,test,placebo,skillnet:alfworld-object-state-inspector,all_alfworld,all,18,18,18,2,36,0.05555555555555555,0.19444444444444445,0.1388888888888889,-0.1111111111111111,0.3888888888888889,uncertain,paired_game_cluster_bootstrap,False,False,0.3888888888888889,0.3333333333333333,0.4722222222222222,0.2777777777777778,0.08333333333333331,-0.055555555555555525,404
0,5,5,test,placebo,skillnet:alfworld-object-state-inspector,all_alfworld,initial,10,10,10,2,20,0.1,0.05,-0.05,-0.3,0.25,uncertain,paired_game_cluster_bootstrap,False,False,0.2,0.1,0.3,0.25,0.09999999999999998,0.15,404
0,5,5,test,placebo,skillnet:alfworld-object-state-inspector,all_alfworld,early,7,7,7,2,14,0.0,0.42857142857142855,0.42857142857142855,0.07142857142857142,0.8571428571428571,positive,paired_game_cluster_bootstrap,False,False,0.5714285714285714,0.5714285714285714,0.6428571428571429,0.21428571428571427,0.07142857142857151,-0.3571428571428571,404
0,5,5,test,placebo,skillnet:alfworld-object-state-inspector,all_alfworld,middle,1,1,1,2,2,0.0,0.0,0.0,,,uncertain,single_game_interval_undefined,False,False,1.0,1.0,1.0,1.0,0.0,0.0,404
0,5,5,test,placebo,skillnet:alfworld-object-storer,all_alfworld,all,18,18,18,2,36,-0.05555555555555555,-0.05555555555555555,0.0,-0.16666666666666666,0.16666666666666666,uncertain,paired_game_cluster_bootstrap,False,False,0.1111111111111111,0.16666666666666666,0.25,0.3055555555555556,0.1388888888888889,0.13888888888888892,404
0,5,5,test,placebo,skillnet:alfworld-object-storer,all_alfworld,early,8,8,8,2,16,-0.125,0.0625,0.1875,0.0,0.5,uncertain,paired_game_cluster_bootstrap,False,False,0.0,0.125,0.375,0.3125,0.375,0.1875,404
0,5,5,test,placebo,skillnet:alfworld-object-storer,all_alfworld,middle,6,6,6,2,12,0.0,-0.16666666666666666,-0.16666666666666666,-0.5,0.0,uncertain,paired_game_cluster_bootstrap,False,True,0.16666666666666666,0.16666666666666666,0.16666666666666666,0.3333333333333333,0.0,0.16666666666666666,404
0,5,5,test,placebo,skillnet:alfworld-object-storer,all_alfworld,late,4,4,4,2,8,0.0,-0.125,-0.125,-0.5,0.0,uncertain,paired_game_cluster_bootstrap,False,True,0.25,0.25,0.125,0.25,-0.125,0.0,404
0,5,5,test,placebo,skillnet:alfworld-object-transporter,all_alfworld,all,1,1,1,2,2,0.0,0.0,0.0,,,uncertain,single_game_interval_undefined,False,False,1.0,1.0,1.0,1.0,0.0,0.0,404
0,5,5,test,placebo,skillnet:alfworld-object-transporter,all_alfworld,late,1,1,1,2,2,0.0,0.0,0.0,,,uncertain,single_game_interval_undefined,False,False,1.0,1.0,1.0,1.0,0.0,0.0,404
0,5,5,test,placebo,skillnet:alfworld-receptacle-closer,all_alfworld,all,5,5,5,2,10,0.1,0.0,-0.1,-0.4,0.0,uncertain,paired_game_cluster_bootstrap,False,True,0.2,0.1,0.0,0.0,-0.2,-0.1,404
0,5,5,test,placebo,skillnet:alfworld-receptacle-closer,all_alfworld,middle,4,4,4,2,8,0.125,0.0,-0.125,-0.5,0.0,uncertain,paired_game_cluster_bootstrap,False,True,0.25,0.125,0.0,0.0,-0.25,-0.125,404
0,5,5,test,placebo,skillnet:alfworld-receptacle-closer,all_alfworld,late,1,1,1,2,2,0.0,0.0,0.0,,,uncertain,single_game_interval_undefined,False,False,0.0,0.0,0.0,0.0,0.0,0.0,404
0,5,5,test,placebo,skillnet:alfworld-receptacle-finder,all_alfworld,all,10,10,10,2,20,-0.2,-0.1,0.1,-0.1,0.35,uncertain,paired_game_cluster_bootstrap,False,False,0.05,0.25,0.1,0.2,0.05,-0.04999999999999999,404
0,5,5,test,placebo,skillnet:alfworld-receptacle-finder,all_alfworld,initial,3,3,3,2,6,-0.3333333333333333,-0.16666666666666666,0.16666666666666666,0.0,0.6666666666666666,uncertain,paired_game_cluster_bootstrap,False,False,0.0,0.3333333333333333,0.0,0.16666666666666666,0.0,-0.16666666666666666,404
0,5,5,test,placebo,skillnet:alfworld-receptacle-finder,all_alfworld,early,1,1,1,2,2,-0.5,-0.5,0.0,,,uncertain,single_game_interval_undefined,False,False,0.5,1.0,0.0,0.5,-0.5,-0.5,404
0,5,5,test,placebo,skillnet:alfworld-receptacle-finder,all_alfworld,middle,1,1,1,2,2,0.0,0.0,0.0,,,uncertain,single_game_interval_undefined,False,False,0.0,0.0,1.0,1.0,1.0,1.0,404
0,5,5,test,placebo,skillnet:alfworld-receptacle-finder,all_alfworld,late,5,5,5,2,10,-0.1,0.0,0.1,0.0,0.4,uncertain,paired_game_cluster_bootstrap,False,False,0.0,0.1,0.0,0.0,0.0,-0.1,404
0,5,5,test,placebo,skillnet:alfworld-receptacle-navigator,all_alfworld,all,2,2,2,2,4,0.0,0.0,0.0,-0.5,0.5,uncertain,paired_game_cluster_bootstrap,False,False,0.0,0.0,0.25,0.25,0.25,0.25,404
0,5,5,test,placebo,skillnet:alfworld-receptacle-navigator,all_alfworld,early,2,2,2,2,4,0.0,0.0,0.0,-0.5,0.5,uncertain,paired_game_cluster_bootstrap,False,False,0.0,0.0,0.25,0.25,0.25,0.25,404
0,5,5,test,placebo,skillnet:alfworld-receptacle-opener,all_alfworld,all,8,8,8,2,16,0.0,0.0,0.0,0.0,0.0,stable,paired_game_cluster_bootstrap,False,False,0.0,0.0,0.0,0.0,0.0,0.0,404
0,5,5,test,placebo,skillnet:alfworld-receptacle-opener,all_alfworld,early,1,1,1,2,2,0.0,0.0,0.0,,,uncertain,single_game_interval_undefined,False,False,0.0,0.0,0.0,0.0,0.0,0.0,404
0,5,5,test,placebo,skillnet:alfworld-receptacle-opener,all_alfworld,middle,2,2,2,2,4,0.0,0.0,0.0,0.0,0.0,stable,paired_game_cluster_bootstrap,False,False,0.0,0.0,0.0,0.0,0.0,0.0,404
0,5,5,test,placebo,skillnet:alfworld-receptacle-opener,all_alfworld,late,5,5,5,2,10,0.0,0.0,0.0,0.0,0.0,stable,paired_game_cluster_bootstrap,False,False,0.0,0.0,0.0,0.0,0.0,0.0,404
0,5,5,test,placebo,skillnet:alfworld-receptacle-operator,all_alfworld,all,7,7,7,2,14,0.0,0.0,0.0,-0.2857142857142857,0.21607142857140257,uncertain,paired_game_cluster_bootstrap,False,False,0.2857142857142857,0.2857142857142857,0.14285714285714285,0.14285714285714285,-0.14285714285714285,-0.14285714285714285,404
0,5,5,test,placebo,skillnet:alfworld-receptacle-operator,all_alfworld,early,2,2,2,2,4,0.0,0.25,0.25,0.0,0.75,uncertain,paired_game_cluster_bootstrap,False,False,0.5,0.5,0.25,0.0,-0.25,-0.5,404
0,5,5,test,placebo,skillnet:alfworld-receptacle-operator,all_alfworld,middle,3,3,3,2,6,0.0,-0.16666666666666666,-0.16666666666666666,-0.6666666666666666,0.0,uncertain,paired_game_cluster_bootstrap,False,True,0.3333333333333333,0.3333333333333333,0.16666666666666666,0.3333333333333333,-0.16666666666666666,0.0,404
0,5,5,test,placebo,skillnet:alfworld-receptacle-operator,all_alfworld,late,2,2,2,2,4,0.0,0.0,0.0,0.0,0.0,stable,paired_game_cluster_bootstrap,False,False,0.0,0.0,0.0,0.0,0.0,0.0,404
0,5,5,test,placebo,skillnet:alfworld-receptacle-searcher,all_alfworld,all,2,2,2,2,4,0.25,0.0,-0.25,-0.75,0.0,uncertain,paired_game_cluster_bootstrap,False,True,1.0,0.75,0.0,0.0,-1.0,-0.75,404
0,5,5,test,placebo,skillnet:alfworld-receptacle-searcher,all_alfworld,initial,2,2,2,2,4,0.25,0.0,-0.25,-0.75,0.0,uncertain,paired_game_cluster_bootstrap,False,True,1.0,0.75,0.0,0.0,-1.0,-0.75,404
0,5,5,test,placebo,skillnet:alfworld-storage-explorer,all_alfworld,all,44,44,44,2,88,-0.06818181818181818,-0.03409090909090909,0.03409090909090909,-0.09090909090909091,0.1590909090909091,uncertain,paired_game_cluster_bootstrap,False,False,0.2159090909090909,0.2840909090909091,0.3181818181818182,0.3522727272727273,0.10227272727272727,0.06818181818181818,404
0,5,5,test,placebo,skillnet:alfworld-storage-explorer,all_alfworld,initial,23,23,23,2,46,-0.13043478260869565,-0.021739130434782608,0.10869565217391304,-0.06521739130434782,0.2826086956521739,uncertain,paired_game_cluster_bootstrap,False,False,0.17391304347826086,0.30434782608695654,0.41304347826086957,0.43478260869565216,0.2391304347826087,0.13043478260869562,404
0,5,5,test,placebo,skillnet:alfworld-storage-explorer,all_alfworld,early,18,18,18,2,36,0.0,-0.05555555555555555,-0.05555555555555555,-0.25,0.1388888888888889,uncertain,paired_game_cluster_bootstrap,False,True,0.3055555555555556,0.3055555555555556,0.25,0.3055555555555556,-0.05555555555555558,0.0,404
0,5,5,test,placebo,skillnet:alfworld-storage-explorer,all_alfworld,middle,1,1,1,2,2,0.0,0.0,0.0,,,uncertain,single_game_interval_undefined,False,False,0.0,0.0,0.0,0.0,0.0,0.0,404
0,5,5,test,placebo,skillnet:alfworld-storage-explorer,all_alfworld,late,2,2,2,2,4,0.0,0.0,0.0,0.0,0.0,stable,paired_game_cluster_bootstrap,False,False,0.0,0.0,0.0,0.0,0.0,0.0,404
0,5,5,test,placebo,skillnet:alfworld-temperature-regulator,all_alfworld,all,6,6,6,2,12,0.08333333333333333,0.16666666666666666,0.08333333333333333,-0.25,0.5,uncertain,paired_game_cluster_bootstrap,False,False,0.08333333333333333,0.0,0.16666666666666666,0.0,0.08333333333333333,0.0,404
0,5,5,test,placebo,skillnet:alfworld-temperature-regulator,all_alfworld,middle,2,2,2,2,4,0.25,0.0,-0.25,-0.75,0.0,uncertain,paired_game_cluster_bootstrap,False,True,0.25,0.0,0.0,0.0,-0.25,0.0,404
0,5,5,test,placebo,skillnet:alfworld-temperature-regulator,all_alfworld,late,4,4,4,2,8,0.0,0.25,0.25,0.0,0.75,uncertain,paired_game_cluster_bootstrap,False,False,0.0,0.0,0.25,0.0,0.25,0.0,404
0,5,5,test,placebo,skillnet:alfworld-tool-locator,all_alfworld,all,4,4,4,2,8,-0.125,-0.125,0.0,0.0,0.0,stable,paired_game_cluster_bootstrap,False,False,0.25,0.375,0.125,0.25,-0.125,-0.125,404
0,5,5,test,placebo,skillnet:alfworld-tool-locator,all_alfworld,early,4,4,4,2,8,-0.125,-0.125,0.0,0.0,0.0,stable,paired_game_cluster_bootstrap,False,False,0.25,0.375,0.125,0.25,-0.125,-0.125,404
0,5,5,test,null,skillnet:alfworld-appliance-navigator,all_alfworld,all,62,62,62,2,124,0.0,0.008064516129032258,0.008064516129032258,-0.08064516129032258,0.0967741935483871,uncertain,paired_game_cluster_bootstrap,False,False,0.27419354838709675,0.27419354838709675,0.18548387096774194,0.1774193548387097,-0.08870967741935482,-0.09677419354838707,404
0,5,5,test,null,skillnet:alfworld-appliance-navigator,all_alfworld,initial,42,42,42,2,84,0.023809523809523808,0.023809523809523808,0.0,-0.13095238095238096,0.13095238095238096,uncertain,paired_game_cluster_bootstrap,False,False,0.34523809523809523,0.32142857142857145,0.21428571428571427,0.19047619047619047,-0.13095238095238096,-0.130952380952381,404
0,5,5,test,null,skillnet:alfworld-appliance-navigator,all_alfworld,early,8,8,8,2,16,-0.0625,-0.0625,0.0,0.0,0.0,stable,paired_game_cluster_bootstrap,False,False,0.1875,0.25,0.1875,0.25,0.0,0.0,404
0,5,5,test,null,skillnet:alfworld-appliance-navigator,all_alfworld,middle,6,6,6,2,12,0.0,0.0,0.0,0.0,0.0,stable,paired_game_cluster_bootstrap,False,False,0.16666666666666666,0.16666666666666666,0.16666666666666666,0.16666666666666666,0.0,0.0,404
0,5,5,test,null,skillnet:alfworld-appliance-navigator,all_alfworld,late,6,6,6,2,12,-0.08333333333333333,0.0,0.08333333333333333,0.0,0.3333333333333333,uncertain,paired_game_cluster_bootstrap,False,False,0.0,0.08333333333333333,0.0,0.0,0.0,-0.08333333333333333,404
0,5,5,test,null,skillnet:alfworld-appliance-preparer,all_alfworld,all,8,8,8,2,16,0.0,0.0,0.0,0.0,0.0,stable,paired_game_cluster_bootstrap,False,False,0.0,0.0,0.0,0.0,0.0,0.0,404
0,5,5,test,null,skillnet:alfworld-appliance-preparer,all_alfworld,middle,4,4,4,2,8,0.0,0.0,0.0,0.0,0.0,stable,paired_game_cluster_bootstrap,False,False,0.0,0.0,0.0,0.0,0.0,0.0,404
0,5,5,test,null,skillnet:alfworld-appliance-preparer,all_alfworld,late,4,4,4,2,8,0.0,0.0,0.0,0.0,0.0,stable,paired_game_cluster_bootstrap,False,False,0.0,0.0,0.0,0.0,0.0,0.0,404
0,5,5,test,null,skillnet:alfworld-clean-object,all_alfworld,all,37,37,37,2,74,-0.0945945945945946,-0.21621621621621623,-0.12162162162162163,-0.3108108108108108,0.06756756756756757,uncertain,paired_game_cluster_bootstrap,False,True,0.2972972972972973,0.3918918918918919,0.0945945945945946,0.3108108108108108,-0.20270270270270271,-0.08108108108108109,404
0,5,5,test,null,skillnet:alfworld-clean-object,all_alfworld,initial,25,25,25,2,50,-0.2,-0.34,-0.14,-0.38,0.1,uncertain,paired_game_cluster_bootstrap,False,True,0.22,0.42,0.0,0.34,-0.22,-0.07999999999999996,404
0,5,5,test,null,skillnet:alfworld-clean-object,all_alfworld,early,9,9,9,2,18,0.05555555555555555,-0.05555555555555555,-0.1111111111111111,-0.4444444444444444,0.2222222222222222,uncertain,paired_game_cluster_bootstrap,False,True,0.5,0.4444444444444444,0.2777777777777778,0.3333333333333333,-0.2222222222222222,-0.1111111111111111,404
0,5,5,test,null,skillnet:alfworld-clean-object,all_alfworld,middle,1,1,1,2,2,0.0,0.0,0.0,,,uncertain,single_game_interval_undefined,False,False,0.0,0.0,0.0,0.0,0.0,0.0,404
0,5,5,test,null,skillnet:alfworld-clean-object,all_alfworld,late,2,2,2,2,4,0.5,0.5,0.0,0.0,0.0,stable,paired_game_cluster_bootstrap,False,False,0.5,0.0,0.5,0.0,0.0,0.0,404
0,5,5,test,null,skillnet:alfworld-device-operator,all_alfworld,all,59,59,59,2,118,0.00847457627118644,0.05084745762711865,0.0423728813559322,-0.07627118644067797,0.15254237288135594,uncertain,paired_game_cluster_bootstrap,False,False,0.2966101694915254,0.288135593220339,0.2627118644067797,0.211864406779661,-0.03389830508474573,-0.07627118644067798,404
0,5,5,test,null,skillnet:alfworld-device-operator,all_alfworld,initial,22,22,22,2,44,0.045454545454545456,0.1590909090909091,0.11363636363636363,-0.09090909090909091,0.3181818181818182,uncertain,paired_game_cluster_bootstrap,False,False,0.36363636363636365,0.3181818181818182,0.4090909090909091,0.25,0.04545454545454547,-0.06818181818181818,404
0,5,5,test,null,skillnet:alfworld-device-operator,all_alfworld,early,27,27,27,2,54,0.037037037037037035,0.018518518518518517,-0.018518518518518517,-0.16666666666666666,0.12962962962962962,uncertain,paired_game_cluster_bootstrap,False,False,0.2962962962962963,0.25925925925925924,0.2222222222222222,0.2037037037037037,-0.07407407407407407,-0.05555555555555555,404
0,5,5,test,null,skillnet:alfworld-device-operator,all_alfworld,middle,7,7,7,2,14,-0.21428571428571427,-0.14285714285714285,0.07142857142857142,-0.2857142857142857,0.5,uncertain,paired_game_cluster_bootstrap,False,False,0.21428571428571427,0.42857142857142855,0.07142857142857142,0.21428571428571427,-0.14285714285714285,-0.21428571428571427,404
0,5,5,test,null,skillnet:alfworld-device-operator,all_alfworld,late,3,3,3,2,6,0.0,0.0,0.0,0.0,0.0,stable,paired_game_cluster_bootstrap,False,False,0.0,0.0,0.0,0.0,0.0,0.0,404
0,5,5,test,null,skillnet:alfworld-heat-object-with-appliance,all_alfworld,all,32,32,32,2,64,0.140625,0.140625,0.0,-0.109375,0.109375,uncertain,paired_game_cluster_bootstrap,False,False,0.234375,0.09375,0.25,0.109375,0.015625,0.015625,404
0,5,5,test,null,skillnet:alfworld-heat-object-with-appliance,all_alfworld,early,13,13,13,2,26,0.11538461538461539,0.07692307692307693,-0.038461538461538464,-0.2692307692307692,0.19230769230769232,uncertain,paired_game_cluster_bootstrap,False,False,0.23076923076923078,0.11538461538461539,0.23076923076923078,0.15384615384615385,0.0,0.038461538461538464,404
0,5,5,test,null,skillnet:alfworld-heat-object-with-appliance,all_alfworld,middle,12,12,12,2,24,0.25,0.2916666666666667,0.041666666666666664,-0.125,0.20833333333333334,uncertain,paired_game_cluster_bootstrap,False,False,0.3333333333333333,0.08333333333333333,0.3333333333333333,0.041666666666666664,0.0,-0.041666666666666664,404
0,5,5,test,null,skillnet:alfworld-heat-object-with-appliance,all_alfworld,late,7,7,7,2,14,0.0,0.0,0.0,0.0,0.0,stable,paired_game_cluster_bootstrap,False,False,0.07142857142857142,0.07142857142857142,0.14285714285714285,0.14285714285714285,0.07142857142857142,0.07142857142857142,404
0,5,5,test,null,skillnet:alfworld-inventory-management,all_alfworld,all,2,2,2,2,4,0.0,0.0,0.0,0.0,0.0,stable,paired_game_cluster_bootstrap,False,False,0.5,0.5,0.75,0.75,0.25,0.25,404
0,5,5,test,null,skillnet:alfworld-inventory-management,all_alfworld,early,2,2,2,2,4,0.0,0.0,0.0,0.0,0.0,stable,paired_game_cluster_bootstrap,False,False,0.5,0.5,0.75,0.75,0.25,0.25,404
0,5,5,test,null,skillnet:alfworld-locate-target-object,all_alfworld,all,2,2,2,2,4,0.0,0.0,0.0,0.0,0.0,stable,paired_game_cluster_bootstrap,False,False,0.5,0.5,0.5,0.5,0.0,0.0,404
0,5,5,test,null,skillnet:alfworld-locate-target-object,all_alfworld,initial,2,2,2,2,4,0.0,0.0,0.0,0.0,0.0,stable,paired_game_cluster_bootstrap,False,False,0.5,0.5,0.5,0.5,0.0,0.0,404
0,5,5,test,null,skillnet:alfworld-object-cooler,all_alfworld,all,21,21,21,2,42,-0.023809523809523808,0.09523809523809523,0.11904761904761904,-0.09523809523809523,0.35714285714285715,uncertain,paired_game_cluster_bootstrap,False,False,0.30952380952380953,0.3333333333333333,0.23809523809523808,0.14285714285714285,-0.07142857142857145,-0.19047619047619047,404
0,5,5,test,null,skillnet:alfworld-object-cooler,all_alfworld,early,9,9,9,2,18,-0.05555555555555555,0.16666666666666666,0.2222222222222222,-0.2222222222222222,0.7222222222222222,uncertain,paired_game_cluster_bootstrap,False,False,0.4444444444444444,0.5,0.2777777777777778,0.1111111111111111,-0.16666666666666663,-0.3888888888888889,404
0,5,5,test,null,skillnet:alfworld-object-cooler,all_alfworld,middle,6,6,6,2,12,-0.08333333333333333,0.0,0.08333333333333333,-0.25,0.5,uncertain,paired_game_cluster_bootstrap,False,False,0.3333333333333333,0.4166666666666667,0.3333333333333333,0.3333333333333333,0.0,-0.08333333333333337,404
0,5,5,test,null,skillnet:alfworld-object-cooler,all_alfworld,late,6,6,6,2,12,0.08333333333333333,0.08333333333333333,0.0,0.0,0.0,stable,paired_game_cluster_bootstrap,False,False,0.08333333333333333,0.0,0.08333333333333333,0.0,0.0,0.0,404
0,5,5,test,null,skillnet:alfworld-object-disposer,all_alfworld,all,2,2,2,2,4,0.0,0.0,0.0,0.0,0.0,stable,paired_game_cluster_bootstrap,False,False,0.5,0.5,0.75,0.75,0.25,0.25,404
0,5,5,test,null,skillnet:alfworld-object-disposer,all_alfworld,early,2,2,2,2,4,0.0,0.0,0.0,0.0,0.0,stable,paired_game_cluster_bootstrap,False,False,0.5,0.5,0.75,0.75,0.25,0.25,404
0,5,5,test,null,skillnet:alfworld-object-heater,all_alfworld,all,9,9,9,2,18,0.0,-0.05555555555555555,-0.05555555555555555,-0.2222222222222222,0.0,uncertain,paired_game_cluster_bootstrap,False,True,0.2777777777777778,0.2777777777777778,0.16666666666666666,0.2222222222222222,-0.11111111111111113,-0.05555555555555558,404
0,5,5,test,null,skillnet:alfworld-object-heater,all_alfworld,early,1,1,1,2,2,0.0,0.0,0.0,,,uncertain,single_game_interval_undefined,False,False,0.0,0.0,0.5,0.5,0.5,0.5,404
0,5,5,test,null,skillnet:alfworld-object-heater,all_alfworld,middle,4,4,4,2,8,0.0,-0.125,-0.125,-0.5,0.0,uncertain,paired_game_cluster_bootstrap,False,True,0.625,0.625,0.25,0.375,-0.375,-0.25,404
0,5,5,test,null,skillnet:alfworld-object-heater,all_alfworld,late,4,4,4,2,8,0.0,0.0,0.0,0.0,0.0,stable,paired_game_cluster_bootstrap,False,False,0.0,0.0,0.0,0.0,0.0,0.0,404
0,5,5,test,null,skillnet:alfworld-object-picker,all_alfworld,all,7,7,7,2,14,0.0,0.0,0.0,-0.2857142857142857,0.21428571428571427,uncertain,paired_game_cluster_bootstrap,False,False,0.14285714285714285,0.14285714285714285,0.2857142857142857,0.2857142857142857,0.14285714285714285,0.14285714285714285,404
0,5,5,test,null,skillnet:alfworld-object-picker,all_alfworld,early,4,4,4,2,8,0.125,0.0,-0.125,-0.5,0.0,uncertain,paired_game_cluster_bootstrap,False,True,0.125,0.0,0.0,0.0,-0.125,0.0,404
0,5,5,test,null,skillnet:alfworld-object-picker,all_alfworld,middle,1,1,1,2,2,-0.5,0.0,0.5,,,uncertain,single_game_interval_undefined,False,False,0.5,1.0,1.0,1.0,0.5,0.0,404
0,5,5,test,null,skillnet:alfworld-object-picker,all_alfworld,late,2,2,2,2,4,0.0,0.0,0.0,0.0,0.0,stable,paired_game_cluster_bootstrap,False,False,0.0,0.0,0.5,0.5,0.5,0.5,404
0,5,5,test,null,skillnet:alfworld-object-placer,all_alfworld,all,23,23,23,2,46,-0.08695652173913043,0.0,0.08695652173913043,-0.08695652173913043,0.2608695652173913,uncertain,paired_game_cluster_bootstrap,False,False,0.32608695652173914,0.41304347826086957,0.5,0.5,0.17391304347826086,0.08695652173913043,404
0,5,5,test,null,skillnet:alfworld-object-placer,all_alfworld,initial,3,3,3,2,6,0.0,0.0,0.0,-0.5,0.5,uncertain,paired_game_cluster_bootstrap,False,False,0.16666666666666666,0.16666666666666666,0.0,0.0,-0.16666666666666666,-0.16666666666666666,404
0,5,5,test,null,skillnet:alfworld-object-placer,all_alfworld,early,4,4,4,2,8,-0.25,-0.125,0.125,-0.375,0.75,uncertain,paired_game_cluster_bootstrap,False,False,0.0,0.25,0.625,0.75,0.625,0.5,404
0,5,5,test,null,skillnet:alfworld-object-placer,all_alfworld,middle,10,10,10,2,20,0.05,0.05,0.0,-0.2,0.15,uncertain,paired_game_cluster_bootstrap,False,False,0.6,0.55,0.75,0.7,0.15000000000000002,0.1499999999999999,404
0,5,5,test,null,skillnet:alfworld-object-placer,all_alfworld,late,6,6,6,2,12,-0.25,0.0,0.25,0.0,0.5833333333333334,uncertain,paired_game_cluster_bootstrap,False,False,0.16666666666666666,0.4166666666666667,0.25,0.25,0.08333333333333334,-0.16666666666666669,404
0,5,5,test,null,skillnet:alfworld-object-retriever,all_alfworld,all,15,15,15,2,30,-0.03333333333333333,-0.03333333333333333,0.0,-0.16666666666666666,0.2,uncertain,paired_game_cluster_bootstrap,False,False,0.3333333333333333,0.36666666666666664,0.3,0.3333333333333333,-0.033333333333333326,-0.033333333333333326,404
0,5,5,test,null,skillnet:alfworld-object-retriever,all_alfworld,initial,2,2,2,2,4,0.0,0.0,0.0,0.0,0.0,stable,paired_game_cluster_bootstrap,False,False,0.0,0.0,0.5,0.5,0.5,0.5,404
0,5,5,test,null,skillnet:alfworld-object-retriever,all_alfworld,early,13,13,13,2,26,-0.038461538461538464,-0.038461538461538464,0.0,-0.19230769230769232,0.23076923076923078,uncertain,paired_game_cluster_bootstrap,False,False,0.38461538461538464,0.4230769230769231,0.2692307692307692,0.3076923076923077,-0.11538461538461542,-0.11538461538461536,404
0,5,5,test,null,skillnet:alfworld-object-state-inspector,all_alfworld,all,18,18,18,2,36,0.027777777777777776,0.16666666666666666,0.1388888888888889,-0.1388888888888889,0.4722222222222222,uncertain,paired_game_cluster_bootstrap,False,False,0.3888888888888889,0.3611111111111111,0.4722222222222222,0.3055555555555556,0.08333333333333331,-0.055555555555555525,404
0,5,5,test,null,skillnet:alfworld-object-state-inspector,all_alfworld,initial,10,10,10,2,20,0.1,0.0,-0.1,-0.4,0.2,uncertain,paired_game_cluster_bootstrap,False,True,0.2,0.1,0.3,0.3,0.09999999999999998,0.19999999999999998,404
0,5,5,test,null,skillnet:alfworld-object-state-inspector,all_alfworld,early,7,7,7,2,14,-0.07142857142857142,0.42857142857142855,0.5,0.0,1.0714285714285714,uncertain,paired_game_cluster_bootstrap,False,False,0.5714285714285714,0.6428571428571429,0.6428571428571429,0.21428571428571427,0.07142857142857151,-0.4285714285714286,404
0,5,5,test,null,skillnet:alfworld-object-state-inspector,all_alfworld,middle,1,1,1,2,2,0.0,0.0,0.0,,,uncertain,single_game_interval_undefined,False,False,1.0,1.0,1.0,1.0,0.0,0.0,404
0,5,5,test,null,skillnet:alfworld-object-storer,all_alfworld,all,18,18,18,2,36,-0.05555555555555555,-0.1388888888888889,-0.08333333333333333,-0.2222222222222222,0.0,uncertain,paired_game_cluster_bootstrap,False,True,0.1111111111111111,0.16666666666666666,0.25,0.3888888888888889,0.1388888888888889,0.22222222222222224,404
0,5,5,test,null,skillnet:alfworld-object-storer,all_alfworld,early,8,8,8,2,16,-0.125,-0.125,0.0,0.0,0.0,stable,paired_game_cluster_bootstrap,False,False,0.0,0.125,0.375,0.5,0.375,0.375,404
0,5,5,test,null,skillnet:alfworld-object-storer,all_alfworld,middle,6,6,6,2,12,0.0,-0.16666666666666666,-0.16666666666666666,-0.5,0.0,uncertain,paired_game_cluster_bootstrap,False,True,0.16666666666666666,0.16666666666666666,0.16666666666666666,0.3333333333333333,0.0,0.16666666666666666,404
0,5,5,test,null,skillnet:alfworld-object-storer,all_alfworld,late,4,4,4,2,8,0.0,-0.125,-0.125,-0.5,0.0,uncertain,paired_game_cluster_bootstrap,False,True,0.25,0.25,0.125,0.25,-0.125,0.0,404
0,5,5,test,null,skillnet:alfworld-object-transporter,all_alfworld,all,1,1,1,2,2,0.0,0.0,0.0,,,uncertain,single_game_interval_undefined,False,False,1.0,1.0,1.0,1.0,0.0,0.0,404
0,5,5,test,null,skillnet:alfworld-object-transporter,all_alfworld,late,1,1,1,2,2,0.0,0.0,0.0,,,uncertain,single_game_interval_undefined,False,False,1.0,1.0,1.0,1.0,0.0,0.0,404
0,5,5,test,null,skillnet:alfworld-receptacle-closer,all_alfworld,all,5,5,5,2,10,0.1,-0.1,-0.2,-0.5,0.0,uncertain,paired_game_cluster_bootstrap,False,True,0.2,0.1,0.0,0.1,-0.2,0.0,404
0,5,5,test,null,skillnet:alfworld-receptacle-closer,all_alfworld,middle,4,4,4,2,8,0.125,0.0,-0.125,-0.5,0.0,uncertain,paired_game_cluster_bootstrap,False,True,0.25,0.125,0.0,0.0,-0.25,-0.125,404
0,5,5,test,null,skillnet:alfworld-receptacle-closer,all_alfworld,late,1,1,1,2,2,0.0,-0.5,-0.5,,,uncertain,single_game_interval_undefined,False,True,0.0,0.0,0.0,0.5,0.0,0.5,404
0,5,5,test,null,skillnet:alfworld-receptacle-finder,all_alfworld,all,10,10,10,2,20,-0.1,-0.1,0.0,-0.1,0.1,uncertain,paired_game_cluster_bootstrap,False,False,0.05,0.15,0.1,0.2,0.05,0.05000000000000002,404
0,5,5,test,null,skillnet:alfworld-receptacle-finder,all_alfworld,initial,3,3,3,2,6,-0.16666666666666666,-0.16666666666666666,0.0,-0.3333333333333333,0.3333333333333333,uncertain,paired_game_cluster_bootstrap,False,False,0.0,0.16666666666666666,0.0,0.16666666666666666,0.0,0.0,404
0,5,5,test,null,skillnet:alfworld-receptacle-finder,all_alfworld,early,1,1,1,2,2,-0.5,-0.5,0.0,,,uncertain,single_game_interval_undefined,False,False,0.5,1.0,0.0,0.5,-0.5,-0.5,404
0,5,5,test,null,skillnet:alfworld-receptacle-finder,all_alfworld,middle,1,1,1,2,2,0.0,0.0,0.0,,,uncertain,single_game_interval_undefined,False,False,0.0,0.0,1.0,1.0,1.0,1.0,404
0,5,5,test,null,skillnet:alfworld-receptacle-finder,all_alfworld,late,5,5,5,2,10,0.0,0.0,0.0,0.0,0.0,stable,paired_game_cluster_bootstrap,False,False,0.0,0.0,0.0,0.0,0.0,0.0,404
0,5,5,test,null,skillnet:alfworld-receptacle-navigator,all_alfworld,all,2,2,2,2,4,0.0,-0.25,-0.25,-0.75,0.0,uncertain,paired_game_cluster_bootstrap,False,True,0.0,0.0,0.25,0.5,0.25,0.5,404
0,5,5,test,null,skillnet:alfworld-receptacle-navigator,all_alfworld,early,2,2,2,2,4,0.0,-0.25,-0.25,-0.75,0.0,uncertain,paired_game_cluster_bootstrap,False,True,0.0,0.0,0.25,0.5,0.25,0.5,404
0,5,5,test,null,skillnet:alfworld-receptacle-opener,all_alfworld,all,8,8,8,2,16,0.0,0.0,0.0,0.0,0.0,stable,paired_game_cluster_bootstrap,False,False,0.0,0.0,0.0,0.0,0.0,0.0,404
0,5,5,test,null,skillnet:alfworld-receptacle-opener,all_alfworld,early,1,1,1,2,2,0.0,0.0,0.0,,,uncertain,single_game_interval_undefined,False,False,0.0,0.0,0.0,0.0,0.0,0.0,404
0,5,5,test,null,skillnet:alfworld-receptacle-opener,all_alfworld,middle,2,2,2,2,4,0.0,0.0,0.0,0.0,0.0,stable,paired_game_cluster_bootstrap,False,False,0.0,0.0,0.0,0.0,0.0,0.0,404
0,5,5,test,null,skillnet:alfworld-receptacle-opener,all_alfworld,late,5,5,5,2,10,0.0,0.0,0.0,0.0,0.0,stable,paired_game_cluster_bootstrap,False,False,0.0,0.0,0.0,0.0,0.0,0.0,404
0,5,5,test,null,skillnet:alfworld-receptacle-operator,all_alfworld,all,7,7,7,2,14,0.0,-0.14285714285714285,-0.14285714285714285,-0.42857142857142855,0.0,uncertain,paired_game_cluster_bootstrap,False,True,0.2857142857142857,0.2857142857142857,0.14285714285714285,0.2857142857142857,-0.14285714285714285,0.0,404
0,5,5,test,null,skillnet:alfworld-receptacle-operator,all_alfworld,early,2,2,2,2,4,0.0,-0.25,-0.25,-0.75,0.0,uncertain,paired_game_cluster_bootstrap,False,True,0.5,0.5,0.25,0.5,-0.25,0.0,404
0,5,5,test,null,skillnet:alfworld-receptacle-operator,all_alfworld,middle,3,3,3,2,6,0.0,-0.16666666666666666,-0.16666666666666666,-0.6666666666666666,0.0,uncertain,paired_game_cluster_bootstrap,False,True,0.3333333333333333,0.3333333333333333,0.16666666666666666,0.3333333333333333,-0.16666666666666666,0.0,404
0,5,5,test,null,skillnet:alfworld-receptacle-operator,all_alfworld,late,2,2,2,2,4,0.0,0.0,0.0,0.0,0.0,stable,paired_game_cluster_bootstrap,False,False,0.0,0.0,0.0,0.0,0.0,0.0,404
0,5,5,test,null,skillnet:alfworld-receptacle-searcher,all_alfworld,all,2,2,2,2,4,0.25,0.0,-0.25,-0.75,0.0,uncertain,paired_game_cluster_bootstrap,False,True,1.0,0.75,0.0,0.0,-1.0,-0.75,404
0,5,5,test,null,skillnet:alfworld-receptacle-searcher,all_alfworld,initial,2,2,2,2,4,0.25,0.0,-0.25,-0.75,0.0,uncertain,paired_game_cluster_bootstrap,False,True,1.0,0.75,0.0,0.0,-1.0,-0.75,404
0,5,5,test,null,skillnet:alfworld-storage-explorer,all_alfworld,all,44,44,44,2,88,-0.06818181818181818,-0.022727272727272728,0.045454545454545456,-0.09090909090909091,0.17045454545454544,uncertain,paired_game_cluster_bootstrap,False,False,0.2159090909090909,0.2840909090909091,0.3181818181818182,0.3409090909090909,0.10227272727272727,0.05681818181818177,404
0,5,5,test,null,skillnet:alfworld-storage-explorer,all_alfworld,initial,23,23,23,2,46,-0.10869565217391304,0.0,0.10869565217391304,-0.06521739130434782,0.30434782608695654,uncertain,paired_game_cluster_bootstrap,False,False,0.17391304347826086,0.2826086956521739,0.41304347826086957,0.41304347826086957,0.2391304347826087,0.13043478260869568,404
0,5,5,test,null,skillnet:alfworld-storage-explorer,all_alfworld,early,18,18,18,2,36,-0.027777777777777776,-0.05555555555555555,-0.027777777777777776,-0.2222222222222222,0.16666666666666666,uncertain,paired_game_cluster_bootstrap,False,False,0.3055555555555556,0.3333333333333333,0.25,0.3055555555555556,-0.05555555555555558,-0.027777777777777735,404
0,5,5,test,null,skillnet:alfworld-storage-explorer,all_alfworld,middle,1,1,1,2,2,0.0,0.0,0.0,,,uncertain,single_game_interval_undefined,False,False,0.0,0.0,0.0,0.0,0.0,0.0,404
0,5,5,test,null,skillnet:alfworld-storage-explorer,all_alfworld,late,2,2,2,2,4,0.0,0.0,0.0,0.0,0.0,stable,paired_game_cluster_bootstrap,False,False,0.0,0.0,0.0,0.0,0.0,0.0,404
0,5,5,test,null,skillnet:alfworld-temperature-regulator,all_alfworld,all,6,6,6,2,12,0.08333333333333333,0.16666666666666666,0.08333333333333333,-0.25,0.5,uncertain,paired_game_cluster_bootstrap,False,False,0.08333333333333333,0.0,0.16666666666666666,0.0,0.08333333333333333,0.0,404
0,5,5,test,null,skillnet:alfworld-temperature-regulator,all_alfworld,middle,2,2,2,2,4,0.25,0.0,-0.25,-0.75,0.0,uncertain,paired_game_cluster_bootstrap,False,True,0.25,0.0,0.0,0.0,-0.25,0.0,404
0,5,5,test,null,skillnet:alfworld-temperature-regulator,all_alfworld,late,4,4,4,2,8,0.0,0.25,0.25,0.0,0.75,uncertain,paired_game_cluster_bootstrap,False,False,0.0,0.0,0.25,0.0,0.25,0.0,404
0,5,5,test,null,skillnet:alfworld-tool-locator,all_alfworld,all,4,4,4,2,8,-0.125,-0.125,0.0,0.0,0.0,stable,paired_game_cluster_bootstrap,False,False,0.25,0.375,0.125,0.25,-0.125,-0.125,404
0,5,5,test,null,skillnet:alfworld-tool-locator,all_alfworld,early,4,4,4,2,8,-0.125,-0.125,0.0,0.0,0.0,stable,paired_game_cluster_bootstrap,False,False,0.25,0.375,0.125,0.25,-0.125,-0.125,404
