skill_id,phase,train_decisions,train_loss_tokens,train_nonzero_advantage_decisions,train_games,train_trajectories,train_nonzero_games,train_nonzero_trajectories,readout_input_available,reward_direction_observed,legacy_count_thresholds_met,context_id,source_calls,source_trajectories,source_games,first_call_anchors,later_call_anchors,later_calls_descriptive_only,selected_anchors,utility_evaluable,quantity_filter_applied,missing_utility_reason,missing_readout_reason,supported,P_int,D_contribution,C_upd,direction_coverage,gate_coverage,start_update,global_update,window_horizon,window_role,control,anchor_count,game_count,source_trajectory_count,continuation_repeats,paired_anchor_repeats,utility_old,utility_new,delta_utility,ci_low,ci_high,direction,interval_status,negative_point_label,original_old,control_old,original_new,control_new,delta_original,delta_control
skillnet:alfworld-appliance-navigator,all,675,9060,561,8,52,7,44,True,True,True,all_alfworld,498,62,62,62,0,436,62,True,False,,,True,-0.07318017578472405,0.16707732600363337,-6.215087175749392e-05,0.8519867549668875,0.49944812362030905,0.0,5.0,5.0,test,placebo,62.0,62.0,62.0,2.0,124.0,-0.056451612903225805,0.024193548387096774,0.08064516129032258,0.008064516129032258,0.1693548387096774,uncertain,paired_game_cluster_bootstrap,False,0.27419354838709675,0.33064516129032256,0.18548387096774194,0.16129032258064516,-0.08870967741935482,-0.1693548387096774
skillnet:alfworld-appliance-navigator,initial,48,523,40,6,48,5,40,True,True,True,all_alfworld,42,42,42,42,0,0,42,True,False,,,True,0.07485735787921723,0.09720778279025447,-8.758542079578817e-05,0.8260038240917782,0.45315487571701724,0.0,5.0,5.0,test,placebo,42.0,42.0,42.0,2.0,84.0,-0.07142857142857142,0.03571428571428571,0.10714285714285714,0.0,0.2261904761904762,uncertain,paired_game_cluster_bootstrap,False,0.34523809523809523,0.4166666666666667,0.21428571428571427,0.17857142857142858,-0.13095238095238096,-0.2380952380952381
skillnet:alfworld-appliance-navigator,early,79,980,75,5,34,4,31,True,True,True,all_alfworld,60,32,32,8,0,52,8,True,False,,,True,-0.03942088355232927,0.13715412590762474,-4.4006032198095934e-05,0.9510204081632653,0.49387755102040815,0.0,5.0,5.0,test,placebo,8.0,8.0,8.0,2.0,16.0,-0.0625,0.0,0.0625,0.0,0.25,uncertain,paired_game_cluster_bootstrap,False,0.1875,0.25,0.1875,0.1875,0.0,-0.0625
skillnet:alfworld-appliance-navigator,middle,131,1673,116,6,33,5,28,True,True,True,all_alfworld,106,34,34,6,0,100,6,True,False,,,True,-0.11739307734411744,0.1940286663652213,-0.00016178376692568987,0.8942020322773461,0.5128511655708309,0.0,5.0,5.0,test,placebo,6.0,6.0,6.0,2.0,12.0,0.0,0.0,0.0,0.0,0.0,stable,paired_game_cluster_bootstrap,False,0.16666666666666666,0.16666666666666666,0.16666666666666666,0.16666666666666666,0.0,0.0
skillnet:alfworld-appliance-navigator,late,417,5884,330,7,41,6,33,True,True,True,all_alfworld,290,36,36,6,0,284,6,True,False,,,True,-0.0793901608603738,0.17060841281018488,-3.458354341024548e-05,0.8257987763426241,0.5006798096532971,0.0,5.0,5.0,test,placebo,6.0,6.0,6.0,2.0,12.0,0.0,0.0,0.0,0.0,0.0,stable,paired_game_cluster_bootstrap,False,0.0,0.0,0.0,0.0,0.0,0.0
skillnet:alfworld-appliance-preparer,all,17,201,17,1,8,1,8,True,True,False,all_alfworld,89,8,8,8,0,81,8,True,False,,,True,0.38017266720596266,0.10720050059385383,0.00016039114691830593,1.0,0.2935323383084577,0.0,5.0,5.0,test,placebo,8.0,8.0,8.0,2.0,16.0,0.0,0.0,0.0,0.0,0.0,stable,paired_game_cluster_bootstrap,False,0.0,0.0,0.0,0.0,0.0,0.0
skillnet:alfworld-appliance-preparer,initial,0,0,0,0,0,0,0,False,False,False,all_alfworld,0,0,0,0,0,0,0,False,False,no_first_invocation_in_registered_U0_source_phase,no_actual_U0_training_loss_token,False,,,,,,,,,,,,,,,,,,,,,,,,,,,,,
skillnet:alfworld-appliance-preparer,early,0,0,0,0,0,0,0,False,False,False,all_alfworld,0,0,0,0,0,0,0,False,False,no_first_invocation_in_registered_U0_source_phase,no_actual_U0_training_loss_token,False,,,,,,,,,,,,,,,,,,,,,,,,,,,,,
skillnet:alfworld-appliance-preparer,middle,7,87,7,1,3,1,3,True,True,False,all_alfworld,23,4,4,4,0,19,4,True,False,,,True,0.5094082875166679,0.09670429157694696,0.00012199667044149261,1.0,0.3218390804597701,0.0,5.0,5.0,test,placebo,4.0,4.0,4.0,2.0,8.0,0.0,0.0,0.0,0.0,0.0,stable,paired_game_cluster_bootstrap,False,0.0,0.0,0.0,0.0,0.0,0.0
skillnet:alfworld-appliance-preparer,late,10,114,10,1,7,1,7,True,True,False,all_alfworld,66,8,8,4,0,62,4,True,False,,,True,0.2815454832846349,0.11521076536991437,0.00018969219475587396,1.0,0.2719298245614035,0.0,5.0,5.0,test,placebo,4.0,4.0,4.0,2.0,8.0,0.0,0.0,0.0,0.0,0.0,stable,paired_game_cluster_bootstrap,False,0.0,0.0,0.0,0.0,0.0,0.0
skillnet:alfworld-clean-object,all,294,3988,294,3,17,3,17,True,True,False,all_alfworld,1270,37,37,37,0,1233,37,True,False,,,True,0.10676582665971551,0.1333257930255979,1.3512271670810574e-07,1.0,0.43781344032096287,0.0,5.0,5.0,test,placebo,37.0,37.0,37.0,2.0,74.0,-0.0945945945945946,-0.10810810810810811,-0.013513513513513514,-0.16216216216216217,0.13513513513513514,uncertain,paired_game_cluster_bootstrap,False,0.2972972972972973,0.3918918918918919,0.0945945945945946,0.20270270270270271,-0.20270270270270271,-0.18918918918918917
skillnet:alfworld-clean-object,initial,8,100,8,1,8,1,8,True,True,False,all_alfworld,25,25,25,25,0,0,25,True,False,,,True,-0.625798741545742,0.02450028487091206,-0.00021358897205962042,1.0,0.14,0.0,5.0,5.0,test,placebo,25.0,25.0,25.0,2.0,50.0,-0.26,-0.22,0.04,-0.14,0.22,uncertain,paired_game_cluster_bootstrap,False,0.22,0.48,0.0,0.22,-0.22,-0.26
skillnet:alfworld-clean-object,early,40,532,40,3,16,3,16,True,True,False,all_alfworld,114,33,33,9,0,105,9,True,False,,,True,0.07016175740539755,0.1323091569702433,0.00014925167285004146,1.0,0.43796992481203006,0.0,5.0,5.0,test,placebo,9.0,9.0,9.0,2.0,18.0,0.2222222222222222,0.05555555555555555,-0.16666666666666666,-0.5,0.1111111111111111,uncertain,paired_game_cluster_bootstrap,True,0.5,0.2777777777777778,0.2777777777777778,0.2222222222222222,-0.2222222222222222,-0.05555555555555558
skillnet:alfworld-clean-object,middle,83,1161,83,2,11,2,11,True,True,False,all_alfworld,295,35,35,1,0,294,1,True,False,,,True,0.2565446130117496,0.09227525504936518,4.987605151820365e-05,1.0,0.3462532299741602,0.0,5.0,5.0,test,placebo,1.0,1.0,1.0,2.0,2.0,0.0,0.0,0.0,,,uncertain,single_game_interval_undefined,False,0.0,0.0,0.0,0.0,0.0,0.0
skillnet:alfworld-clean-object,late,163,2195,163,2,13,2,13,True,True,False,all_alfworld,836,30,30,2,0,834,2,True,False,,,True,0.06978935773449063,0.16024291183531245,-5.257868754836562e-05,1.0,0.4997722095671982,0.0,5.0,5.0,test,placebo,2.0,2.0,2.0,2.0,4.0,0.5,0.5,0.0,0.0,0.0,stable,paired_game_cluster_bootstrap,False,0.5,0.0,0.5,0.0,0.0,0.0
skillnet:alfworld-device-operator,all,966,16449,953,8,60,7,54,True,True,True,all_alfworld,643,59,59,59,0,584,59,True,False,,,True,0.17197406116975625,0.12375216001683916,0.00026340333261835484,0.9912456684296918,0.4625205179646179,0.0,5.0,5.0,test,placebo,59.0,59.0,59.0,2.0,118.0,0.059322033898305086,0.025423728813559324,-0.03389830508474576,-0.15254237288135594,0.0847457627118644,uncertain,paired_game_cluster_bootstrap,False,0.2966101694915254,0.23728813559322035,0.2627118644067797,0.23728813559322035,-0.03389830508474573,0.0
skillnet:alfworld-device-operator,initial,16,195,16,2,16,2,16,True,True,False,all_alfworld,22,22,22,22,0,0,22,True,False,,,True,-0.06983936854489221,0.24721393701663955,0.00013041666686946197,1.0,0.49230769230769234,0.0,5.0,5.0,test,placebo,22.0,22.0,22.0,2.0,44.0,0.11363636363636363,0.06818181818181818,-0.045454545454545456,-0.29545454545454547,0.18181818181818182,uncertain,paired_game_cluster_bootstrap,False,0.36363636363636365,0.25,0.4090909090909091,0.3409090909090909,0.04545454545454547,0.09090909090909088
skillnet:alfworld-device-operator,early,83,1016,83,7,43,7,43,True,True,True,all_alfworld,111,48,48,27,0,84,27,True,False,,,True,0.07398253833898992,0.163979289584911,0.0001364993652207944,1.0,0.42322834645669294,0.0,5.0,5.0,test,placebo,27.0,27.0,27.0,2.0,54.0,0.05555555555555555,0.05555555555555555,0.0,-0.12962962962962962,0.12962962962962962,uncertain,paired_game_cluster_bootstrap,False,0.2962962962962963,0.24074074074074073,0.2222222222222222,0.16666666666666666,-0.07407407407407407,-0.07407407407407407
skillnet:alfworld-device-operator,middle,185,3932,183,8,38,7,36,True,True,True,all_alfworld,158,39,39,7,0,151,7,True,False,,,True,0.22470987061055347,0.10213147457496255,0.0004365279549807873,0.9933875890132248,0.5165310274669379,0.0,5.0,5.0,test,placebo,7.0,7.0,7.0,2.0,14.0,-0.07142857142857142,-0.21428571428571427,-0.14285714285714285,-0.42857142857142855,0.0,uncertain,paired_game_cluster_bootstrap,True,0.21428571428571427,0.2857142857142857,0.07142857142857142,0.2857142857142857,-0.14285714285714285,0.0
skillnet:alfworld-device-operator,late,682,11306,671,8,53,7,47,True,True,True,all_alfworld,352,41,41,3,0,349,3,True,False,,,True,0.16661016618206834,0.1255270339776862,0.0002168918179861128,0.9895630638598975,0.4467539359632054,0.0,5.0,5.0,test,placebo,3.0,3.0,3.0,2.0,6.0,0.0,0.0,0.0,0.0,0.0,stable,paired_game_cluster_bootstrap,False,0.0,0.0,0.0,0.0,0.0,0.0
skillnet:alfworld-environment-scanner,all,0,0,0,0,0,0,0,False,False,False,all_alfworld,0,0,0,0,0,0,0,False,False,no_first_invocation_in_registered_U0_source_phase,no_actual_U0_training_loss_token,,,,,,,,,,,,,,,,,,,,,,,,,,,,,,
skillnet:alfworld-environment-scanner,initial,0,0,0,0,0,0,0,False,False,False,all_alfworld,0,0,0,0,0,0,0,False,False,no_first_invocation_in_registered_U0_source_phase,no_actual_U0_training_loss_token,,,,,,,,,,,,,,,,,,,,,,,,,,,,,,
skillnet:alfworld-environment-scanner,early,0,0,0,0,0,0,0,False,False,False,all_alfworld,0,0,0,0,0,0,0,False,False,no_first_invocation_in_registered_U0_source_phase,no_actual_U0_training_loss_token,,,,,,,,,,,,,,,,,,,,,,,,,,,,,,
skillnet:alfworld-environment-scanner,middle,0,0,0,0,0,0,0,False,False,False,all_alfworld,0,0,0,0,0,0,0,False,False,no_first_invocation_in_registered_U0_source_phase,no_actual_U0_training_loss_token,,,,,,,,,,,,,,,,,,,,,,,,,,,,,,
skillnet:alfworld-environment-scanner,late,0,0,0,0,0,0,0,False,False,False,all_alfworld,0,0,0,0,0,0,0,False,False,no_first_invocation_in_registered_U0_source_phase,no_actual_U0_training_loss_token,,,,,,,,,,,,,,,,,,,,,,,,,,,,,,
skillnet:alfworld-goal-interpreter,all,0,0,0,0,0,0,0,False,False,False,all_alfworld,0,0,0,0,0,0,0,False,False,no_first_invocation_in_registered_U0_source_phase,no_actual_U0_training_loss_token,,,,,,,,,,,,,,,,,,,,,,,,,,,,,,
skillnet:alfworld-goal-interpreter,initial,0,0,0,0,0,0,0,False,False,False,all_alfworld,0,0,0,0,0,0,0,False,False,no_first_invocation_in_registered_U0_source_phase,no_actual_U0_training_loss_token,,,,,,,,,,,,,,,,,,,,,,,,,,,,,,
skillnet:alfworld-goal-interpreter,early,0,0,0,0,0,0,0,False,False,False,all_alfworld,0,0,0,0,0,0,0,False,False,no_first_invocation_in_registered_U0_source_phase,no_actual_U0_training_loss_token,,,,,,,,,,,,,,,,,,,,,,,,,,,,,,
skillnet:alfworld-goal-interpreter,middle,0,0,0,0,0,0,0,False,False,False,all_alfworld,0,0,0,0,0,0,0,False,False,no_first_invocation_in_registered_U0_source_phase,no_actual_U0_training_loss_token,,,,,,,,,,,,,,,,,,,,,,,,,,,,,,
skillnet:alfworld-goal-interpreter,late,0,0,0,0,0,0,0,False,False,False,all_alfworld,0,0,0,0,0,0,0,False,False,no_first_invocation_in_registered_U0_source_phase,no_actual_U0_training_loss_token,,,,,,,,,,,,,,,,,,,,,,,,,,,,,,
skillnet:alfworld-heat-object-with-appliance,all,146,1809,146,3,18,3,18,True,True,False,all_alfworld,452,32,32,32,0,420,32,True,False,,,True,-0.01377081802153609,0.23099763096521225,-1.6075953560311154e-05,1.0,0.6108347153123272,0.0,5.0,5.0,test,placebo,32.0,32.0,32.0,2.0,64.0,0.15625,0.140625,-0.015625,-0.125,0.09375,uncertain,paired_game_cluster_bootstrap,False,0.234375,0.078125,0.25,0.109375,0.015625,0.03125
skillnet:alfworld-heat-object-with-appliance,initial,0,0,0,0,0,0,0,False,False,False,all_alfworld,0,0,0,0,0,0,0,False,False,no_first_invocation_in_registered_U0_source_phase,no_actual_U0_training_loss_token,False,,,,,,,,,,,,,,,,,,,,,,,,,,,,,
skillnet:alfworld-heat-object-with-appliance,early,9,108,9,1,6,1,6,True,True,False,all_alfworld,16,13,13,13,0,3,13,True,False,,,True,-0.3144978141151853,0.4260789614231707,-7.767680502759695e-05,1.0,0.5833333333333334,0.0,5.0,5.0,test,placebo,13.0,13.0,13.0,2.0,26.0,0.15384615384615385,0.07692307692307693,-0.07692307692307693,-0.2692307692307692,0.11538461538461539,uncertain,paired_game_cluster_bootstrap,True,0.23076923076923078,0.07692307692307693,0.23076923076923078,0.15384615384615385,0.0,0.07692307692307693
skillnet:alfworld-heat-object-with-appliance,middle,38,480,38,3,12,3,12,True,True,False,all_alfworld,117,24,24,12,0,105,12,True,False,,,True,-0.10317562747952419,0.23476582920332764,-9.621680002260082e-05,1.0,0.525,0.0,5.0,5.0,test,placebo,12.0,12.0,12.0,2.0,24.0,0.25,0.25,0.0,-0.16666666666666666,0.16666666666666666,uncertain,paired_game_cluster_bootstrap,False,0.3333333333333333,0.08333333333333333,0.3333333333333333,0.08333333333333333,0.0,0.0
skillnet:alfworld-heat-object-with-appliance,late,99,1221,99,3,14,3,14,True,True,False,all_alfworld,319,26,26,7,0,312,7,True,False,,,True,0.047975966677848335,0.21226092429547028,2.087777146865357e-05,1.0,0.647010647010647,0.0,5.0,5.0,test,placebo,7.0,7.0,7.0,2.0,14.0,0.0,0.07142857142857142,0.07142857142857142,0.0,0.2857142857142857,uncertain,paired_game_cluster_bootstrap,False,0.07142857142857142,0.07142857142857142,0.14285714285714285,0.07142857142857142,0.07142857142857142,0.0
skillnet:alfworld-inventory-management,all,0,0,0,0,0,0,0,False,False,False,all_alfworld,2,2,2,2,0,0,2,True,False,,no_actual_U0_training_loss_token,False,,,,,,0.0,5.0,5.0,test,placebo,2.0,2.0,2.0,2.0,4.0,0.0,0.0,0.0,0.0,0.0,stable,paired_game_cluster_bootstrap,False,0.5,0.5,0.75,0.75,0.25,0.25
skillnet:alfworld-inventory-management,initial,0,0,0,0,0,0,0,False,False,False,all_alfworld,0,0,0,0,0,0,0,False,False,no_first_invocation_in_registered_U0_source_phase,no_actual_U0_training_loss_token,False,,,,,,,,,,,,,,,,,,,,,,,,,,,,,
skillnet:alfworld-inventory-management,early,0,0,0,0,0,0,0,False,False,False,all_alfworld,2,2,2,2,0,0,2,True,False,,no_actual_U0_training_loss_token,False,,,,,,0.0,5.0,5.0,test,placebo,2.0,2.0,2.0,2.0,4.0,0.0,0.0,0.0,0.0,0.0,stable,paired_game_cluster_bootstrap,False,0.5,0.5,0.75,0.75,0.25,0.25
skillnet:alfworld-inventory-management,middle,0,0,0,0,0,0,0,False,False,False,all_alfworld,0,0,0,0,0,0,0,False,False,no_first_invocation_in_registered_U0_source_phase,no_actual_U0_training_loss_token,False,,,,,,,,,,,,,,,,,,,,,,,,,,,,,
skillnet:alfworld-inventory-management,late,0,0,0,0,0,0,0,False,False,False,all_alfworld,0,0,0,0,0,0,0,False,False,no_first_invocation_in_registered_U0_source_phase,no_actual_U0_training_loss_token,False,,,,,,,,,,,,,,,,,,,,,,,,,,,,,
skillnet:alfworld-locate-target-object,all,1,12,1,1,1,1,1,True,True,False,all_alfworld,2,2,2,2,0,0,2,True,False,,,True,-0.0018210737336178302,0.0,-0.0001571164915468322,1.0,0.25,0.0,5.0,5.0,test,placebo,2.0,2.0,2.0,2.0,4.0,0.0,0.0,0.0,0.0,0.0,stable,paired_game_cluster_bootstrap,False,0.5,0.5,0.5,0.5,0.0,0.0
skillnet:alfworld-locate-target-object,initial,0,0,0,0,0,0,0,False,False,False,all_alfworld,2,2,2,2,0,0,2,True,False,,no_actual_U0_training_loss_token,False,,,,,,0.0,5.0,5.0,test,placebo,2.0,2.0,2.0,2.0,4.0,0.0,0.0,0.0,0.0,0.0,stable,paired_game_cluster_bootstrap,False,0.5,0.5,0.5,0.5,0.0,0.0
skillnet:alfworld-locate-target-object,early,1,12,1,1,1,1,1,True,True,False,all_alfworld,0,0,0,0,0,0,0,False,False,no_first_invocation_in_registered_U0_source_phase,,True,-0.0018210737336178302,0.0,-0.0001571164915468322,1.0,0.25,,,,,,,,,,,,,,,,,,,,,,,,
skillnet:alfworld-locate-target-object,middle,0,0,0,0,0,0,0,False,False,False,all_alfworld,0,0,0,0,0,0,0,False,False,no_first_invocation_in_registered_U0_source_phase,no_actual_U0_training_loss_token,False,,,,,,,,,,,,,,,,,,,,,,,,,,,,,
skillnet:alfworld-locate-target-object,late,0,0,0,0,0,0,0,False,False,False,all_alfworld,0,0,0,0,0,0,0,False,False,no_first_invocation_in_registered_U0_source_phase,no_actual_U0_training_loss_token,False,,,,,,,,,,,,,,,,,,,,,,,,,,,,,
skillnet:alfworld-location-navigator,all,0,0,0,0,0,0,0,False,False,False,all_alfworld,0,0,0,0,0,0,0,False,False,no_first_invocation_in_registered_U0_source_phase,no_actual_U0_training_loss_token,,,,,,,,,,,,,,,,,,,,,,,,,,,,,,
skillnet:alfworld-location-navigator,initial,0,0,0,0,0,0,0,False,False,False,all_alfworld,0,0,0,0,0,0,0,False,False,no_first_invocation_in_registered_U0_source_phase,no_actual_U0_training_loss_token,,,,,,,,,,,,,,,,,,,,,,,,,,,,,,
skillnet:alfworld-location-navigator,early,0,0,0,0,0,0,0,False,False,False,all_alfworld,0,0,0,0,0,0,0,False,False,no_first_invocation_in_registered_U0_source_phase,no_actual_U0_training_loss_token,,,,,,,,,,,,,,,,,,,,,,,,,,,,,,
skillnet:alfworld-location-navigator,middle,0,0,0,0,0,0,0,False,False,False,all_alfworld,0,0,0,0,0,0,0,False,False,no_first_invocation_in_registered_U0_source_phase,no_actual_U0_training_loss_token,,,,,,,,,,,,,,,,,,,,,,,,,,,,,,
skillnet:alfworld-location-navigator,late,0,0,0,0,0,0,0,False,False,False,all_alfworld,0,0,0,0,0,0,0,False,False,no_first_invocation_in_registered_U0_source_phase,no_actual_U0_training_loss_token,,,,,,,,,,,,,,,,,,,,,,,,,,,,,,
skillnet:alfworld-navigation-planner,all,0,0,0,0,0,0,0,False,False,False,all_alfworld,0,0,0,0,0,0,0,False,False,no_first_invocation_in_registered_U0_source_phase,no_actual_U0_training_loss_token,,,,,,,,,,,,,,,,,,,,,,,,,,,,,,
skillnet:alfworld-navigation-planner,initial,0,0,0,0,0,0,0,False,False,False,all_alfworld,0,0,0,0,0,0,0,False,False,no_first_invocation_in_registered_U0_source_phase,no_actual_U0_training_loss_token,,,,,,,,,,,,,,,,,,,,,,,,,,,,,,
skillnet:alfworld-navigation-planner,early,0,0,0,0,0,0,0,False,False,False,all_alfworld,0,0,0,0,0,0,0,False,False,no_first_invocation_in_registered_U0_source_phase,no_actual_U0_training_loss_token,,,,,,,,,,,,,,,,,,,,,,,,,,,,,,
skillnet:alfworld-navigation-planner,middle,0,0,0,0,0,0,0,False,False,False,all_alfworld,0,0,0,0,0,0,0,False,False,no_first_invocation_in_registered_U0_source_phase,no_actual_U0_training_loss_token,,,,,,,,,,,,,,,,,,,,,,,,,,,,,,
skillnet:alfworld-navigation-planner,late,0,0,0,0,0,0,0,False,False,False,all_alfworld,0,0,0,0,0,0,0,False,False,no_first_invocation_in_registered_U0_source_phase,no_actual_U0_training_loss_token,,,,,,,,,,,,,,,,,,,,,,,,,,,,,,
skillnet:alfworld-object-cooler,all,625,8239,625,4,32,4,32,True,True,True,all_alfworld,260,21,21,21,0,239,21,True,False,,,True,-0.10438864650504043,0.22215805108035508,-7.293014688933112e-05,1.0,0.5989804587935429,0.0,5.0,5.0,test,placebo,21.0,21.0,21.0,2.0,42.0,0.023809523809523808,0.09523809523809523,0.07142857142857142,-0.09523809523809523,0.2857142857142857,uncertain,paired_game_cluster_bootstrap,False,0.30952380952380953,0.2857142857142857,0.23809523809523808,0.14285714285714285,-0.07142857142857145,-0.14285714285714285
skillnet:alfworld-object-cooler,initial,0,0,0,0,0,0,0,False,False,False,all_alfworld,0,0,0,0,0,0,0,False,False,no_first_invocation_in_registered_U0_source_phase,no_actual_U0_training_loss_token,False,,,,,,,,,,,,,,,,,,,,,,,,,,,,,
skillnet:alfworld-object-cooler,early,38,515,38,4,18,4,18,True,True,True,all_alfworld,14,9,9,9,0,5,9,True,False,,,True,-0.10105162809675236,0.23871194231566037,9.623797919408456e-05,1.0,0.537864077669903,0.0,5.0,5.0,test,placebo,9.0,9.0,9.0,2.0,18.0,0.05555555555555555,0.16666666666666666,0.1111111111111111,-0.2777777777777778,0.5555555555555556,uncertain,paired_game_cluster_bootstrap,False,0.4444444444444444,0.3888888888888889,0.2777777777777778,0.1111111111111111,-0.16666666666666663,-0.2777777777777778
skillnet:alfworld-object-cooler,middle,159,2083,159,4,26,4,26,True,True,True,all_alfworld,54,15,15,6,0,48,6,True,False,,,True,-0.07157133470189984,0.19961480716179694,-9.131032281582184e-05,1.0,0.5458473355736918,0.0,5.0,5.0,test,placebo,6.0,6.0,6.0,2.0,12.0,-0.08333333333333333,0.0,0.08333333333333333,0.0,0.3333333333333333,uncertain,paired_game_cluster_bootstrap,False,0.3333333333333333,0.4166666666666667,0.3333333333333333,0.3333333333333333,0.0,-0.08333333333333337
skillnet:alfworld-object-cooler,late,428,5641,428,4,26,4,26,True,True,True,all_alfworld,192,16,16,6,0,186,6,True,False,,,True,-0.11681144830724044,0.22897108477937556,-8.158742015259634e-05,1.0,0.6241801099095905,0.0,5.0,5.0,test,placebo,6.0,6.0,6.0,2.0,12.0,0.08333333333333333,0.08333333333333333,0.0,0.0,0.0,stable,paired_game_cluster_bootstrap,False,0.08333333333333333,0.0,0.08333333333333333,0.0,0.0,0.0
skillnet:alfworld-object-disposer,all,0,0,0,0,0,0,0,False,False,False,all_alfworld,3,2,2,2,0,1,2,True,False,,no_actual_U0_training_loss_token,False,,,,,,0.0,5.0,5.0,test,placebo,2.0,2.0,2.0,2.0,4.0,0.0,0.0,0.0,0.0,0.0,stable,paired_game_cluster_bootstrap,False,0.5,0.5,0.75,0.75,0.25,0.25
skillnet:alfworld-object-disposer,initial,0,0,0,0,0,0,0,False,False,False,all_alfworld,0,0,0,0,0,0,0,False,False,no_first_invocation_in_registered_U0_source_phase,no_actual_U0_training_loss_token,False,,,,,,,,,,,,,,,,,,,,,,,,,,,,,
skillnet:alfworld-object-disposer,early,0,0,0,0,0,0,0,False,False,False,all_alfworld,2,2,2,2,0,0,2,True,False,,no_actual_U0_training_loss_token,False,,,,,,0.0,5.0,5.0,test,placebo,2.0,2.0,2.0,2.0,4.0,0.0,0.0,0.0,0.0,0.0,stable,paired_game_cluster_bootstrap,False,0.5,0.5,0.75,0.75,0.25,0.25
skillnet:alfworld-object-disposer,middle,0,0,0,0,0,0,0,False,False,False,all_alfworld,1,1,1,0,0,1,0,False,False,no_first_invocation_in_registered_U0_source_phase,no_actual_U0_training_loss_token,False,,,,,,,,,,,,,,,,,,,,,,,,,,,,,
skillnet:alfworld-object-disposer,late,0,0,0,0,0,0,0,False,False,False,all_alfworld,0,0,0,0,0,0,0,False,False,no_first_invocation_in_registered_U0_source_phase,no_actual_U0_training_loss_token,False,,,,,,,,,,,,,,,,,,,,,,,,,,,,,
skillnet:alfworld-object-heater,all,10,112,10,1,7,1,7,True,True,False,all_alfworld,23,9,9,9,0,14,9,True,False,,,True,0.17401373518242574,0.10597108594327784,7.688575734752784e-05,1.0,0.6517857142857143,0.0,5.0,5.0,test,placebo,9.0,9.0,9.0,2.0,18.0,0.0,-0.05555555555555555,-0.05555555555555555,-0.2222222222222222,0.0,uncertain,paired_game_cluster_bootstrap,True,0.2777777777777778,0.2777777777777778,0.16666666666666666,0.2222222222222222,-0.11111111111111113,-0.05555555555555558
skillnet:alfworld-object-heater,initial,0,0,0,0,0,0,0,False,False,False,all_alfworld,0,0,0,0,0,0,0,False,False,no_first_invocation_in_registered_U0_source_phase,no_actual_U0_training_loss_token,False,,,,,,,,,,,,,,,,,,,,,,,,,,,,,
skillnet:alfworld-object-heater,early,9,101,9,1,7,1,7,True,True,False,all_alfworld,1,1,1,1,0,0,1,True,False,,,True,0.10385459800001243,0.09894224690466893,8.546187755732679e-05,1.0,0.6237623762376238,0.0,5.0,5.0,test,placebo,1.0,1.0,1.0,2.0,2.0,0.0,0.0,0.0,,,uncertain,single_game_interval_undefined,False,0.0,0.0,0.5,0.5,0.5,0.5
skillnet:alfworld-object-heater,middle,1,11,1,1,1,1,1,True,True,False,all_alfworld,5,4,4,4,0,1,4,True,False,,,True,0.8182021765845839,0.1705086080250505,-1.8586191242626251e-06,1.0,0.9090909090909091,0.0,5.0,5.0,test,placebo,4.0,4.0,4.0,2.0,8.0,0.0,-0.125,-0.125,-0.5,0.0,uncertain,paired_game_cluster_bootstrap,True,0.625,0.625,0.25,0.375,-0.375,-0.25
skillnet:alfworld-object-heater,late,0,0,0,0,0,0,0,False,False,False,all_alfworld,17,7,7,4,0,13,4,True,False,,no_actual_U0_training_loss_token,False,,,,,,0.0,5.0,5.0,test,placebo,4.0,4.0,4.0,2.0,8.0,0.0,0.0,0.0,0.0,0.0,stable,paired_game_cluster_bootstrap,False,0.0,0.0,0.0,0.0,0.0,0.0
skillnet:alfworld-object-locator,all,0,0,0,0,0,0,0,False,False,False,all_alfworld,0,0,0,0,0,0,0,False,False,no_first_invocation_in_registered_U0_source_phase,no_actual_U0_training_loss_token,,,,,,,,,,,,,,,,,,,,,,,,,,,,,,
skillnet:alfworld-object-locator,initial,0,0,0,0,0,0,0,False,False,False,all_alfworld,0,0,0,0,0,0,0,False,False,no_first_invocation_in_registered_U0_source_phase,no_actual_U0_training_loss_token,,,,,,,,,,,,,,,,,,,,,,,,,,,,,,
skillnet:alfworld-object-locator,early,0,0,0,0,0,0,0,False,False,False,all_alfworld,0,0,0,0,0,0,0,False,False,no_first_invocation_in_registered_U0_source_phase,no_actual_U0_training_loss_token,,,,,,,,,,,,,,,,,,,,,,,,,,,,,,
skillnet:alfworld-object-locator,middle,0,0,0,0,0,0,0,False,False,False,all_alfworld,0,0,0,0,0,0,0,False,False,no_first_invocation_in_registered_U0_source_phase,no_actual_U0_training_loss_token,,,,,,,,,,,,,,,,,,,,,,,,,,,,,,
skillnet:alfworld-object-locator,late,0,0,0,0,0,0,0,False,False,False,all_alfworld,0,0,0,0,0,0,0,False,False,no_first_invocation_in_registered_U0_source_phase,no_actual_U0_training_loss_token,,,,,,,,,,,,,,,,,,,,,,,,,,,,,,
skillnet:alfworld-object-picker,all,25,322,25,5,20,5,20,True,True,True,all_alfworld,29,7,7,7,0,22,7,True,False,,,True,0.018633822864497294,0.17652316536716658,-5.560080936566062e-05,1.0,0.5372670807453416,0.0,5.0,5.0,test,placebo,7.0,7.0,7.0,2.0,14.0,0.0,0.0,0.0,-0.21428571428571427,0.21428571428571427,uncertain,paired_game_cluster_bootstrap,False,0.14285714285714285,0.14285714285714285,0.2857142857142857,0.2857142857142857,0.14285714285714285,0.14285714285714285
skillnet:alfworld-object-picker,initial,0,0,0,0,0,0,0,False,False,False,all_alfworld,0,0,0,0,0,0,0,False,False,no_first_invocation_in_registered_U0_source_phase,no_actual_U0_training_loss_token,False,,,,,,,,,,,,,,,,,,,,,,,,,,,,,
skillnet:alfworld-object-picker,early,21,269,21,4,19,4,19,True,True,True,all_alfworld,8,4,4,4,0,4,4,True,False,,,True,0.03142828382910867,0.16549109153629474,-7.399475387382334e-05,1.0,0.516728624535316,0.0,5.0,5.0,test,placebo,4.0,4.0,4.0,2.0,8.0,0.125,0.0,-0.125,-0.5,0.0,uncertain,paired_game_cluster_bootstrap,True,0.125,0.0,0.0,0.0,-0.125,0.0
skillnet:alfworld-object-picker,middle,1,13,1,1,1,1,1,True,True,False,all_alfworld,9,3,3,1,0,8,1,True,False,,,True,0.565629847705831,0.0019318339412878391,0.000607520294877153,1.0,0.46153846153846156,0.0,5.0,5.0,test,placebo,1.0,1.0,1.0,2.0,2.0,-0.5,0.0,0.5,,,uncertain,single_game_interval_undefined,False,0.5,1.0,1.0,1.0,0.5,0.0
skillnet:alfworld-object-picker,late,3,40,3,2,3,2,3,True,True,False,all_alfworld,12,6,6,2,0,10,2,True,False,,,True,-0.24518263519594768,0.30745604459319015,-0.00014741589142718096,1.0,0.7,0.0,5.0,5.0,test,placebo,2.0,2.0,2.0,2.0,4.0,0.0,0.0,0.0,0.0,0.0,stable,paired_game_cluster_bootstrap,False,0.0,0.0,0.5,0.5,0.5,0.5
skillnet:alfworld-object-placer,all,1136,16612,1136,7,46,7,46,True,True,True,all_alfworld,403,23,23,23,0,380,23,True,False,,,True,-0.18927435533053577,0.27719667848634855,-2.0957442878733445e-05,1.0,0.6273176017336864,0.0,5.0,5.0,test,placebo,23.0,23.0,23.0,2.0,46.0,-0.15217391304347827,0.0,0.15217391304347827,-0.043478260869565216,0.34782608695652173,uncertain,paired_game_cluster_bootstrap,False,0.32608695652173914,0.4782608695652174,0.5,0.5,0.17391304347826086,0.021739130434782594
skillnet:alfworld-object-placer,initial,16,185,16,2,16,2,16,True,True,False,all_alfworld,3,3,3,3,0,0,3,True,False,,,True,-0.17422569813728445,0.15194601705862032,-0.00025114307613288505,1.0,0.5351351351351351,0.0,5.0,5.0,test,placebo,3.0,3.0,3.0,2.0,6.0,0.16666666666666666,0.0,-0.16666666666666666,-0.6666666666666666,0.0,uncertain,paired_game_cluster_bootstrap,True,0.16666666666666666,0.0,0.0,0.0,-0.16666666666666666,0.0
skillnet:alfworld-object-placer,early,63,863,63,4,30,4,30,True,True,True,all_alfworld,7,5,5,4,0,3,4,True,False,,,True,-0.03966340350298936,0.2088231050887053,-4.7530481819658445e-05,1.0,0.5770567786790266,0.0,5.0,5.0,test,placebo,4.0,4.0,4.0,2.0,8.0,-0.5,-0.125,0.375,0.0,0.875,uncertain,paired_game_cluster_bootstrap,False,0.0,0.5,0.625,0.75,0.625,0.25
skillnet:alfworld-object-placer,middle,258,3756,258,7,37,7,37,True,True,True,all_alfworld,84,17,17,10,0,74,10,True,False,,,True,-0.10390472212913551,0.25247606155995095,-5.489725136530916e-06,1.0,0.5942492012779552,0.0,5.0,5.0,test,placebo,10.0,10.0,10.0,2.0,20.0,-0.1,0.05,0.15,-0.2,0.5,uncertain,paired_game_cluster_bootstrap,False,0.6,0.7,0.75,0.7,0.15000000000000002,0.0
skillnet:alfworld-object-placer,late,799,11808,799,7,37,7,37,True,True,True,all_alfworld,309,18,18,6,0,303,6,True,False,,,True,-0.2275997783752837,0.29201954462641,-2.0329044596355083e-05,1.0,0.6429539295392954,0.0,5.0,5.0,test,placebo,6.0,6.0,6.0,2.0,12.0,-0.16666666666666666,0.0,0.16666666666666666,0.0,0.4166666666666667,uncertain,paired_game_cluster_bootstrap,False,0.16666666666666666,0.3333333333333333,0.25,0.25,0.08333333333333334,-0.08333333333333331
skillnet:alfworld-object-retriever,all,0,0,0,0,0,0,0,False,False,False,all_alfworld,16,15,15,15,0,1,15,True,False,,no_actual_U0_training_loss_token,False,,,,,,0.0,5.0,5.0,test,placebo,15.0,15.0,15.0,2.0,30.0,-0.03333333333333333,-0.03333333333333333,0.0,-0.16666666666666666,0.2,uncertain,paired_game_cluster_bootstrap,False,0.3333333333333333,0.36666666666666664,0.3,0.3333333333333333,-0.033333333333333326,-0.033333333333333326
skillnet:alfworld-object-retriever,initial,0,0,0,0,0,0,0,False,False,False,all_alfworld,2,2,2,2,0,0,2,True,False,,no_actual_U0_training_loss_token,False,,,,,,0.0,5.0,5.0,test,placebo,2.0,2.0,2.0,2.0,4.0,0.0,0.0,0.0,0.0,0.0,stable,paired_game_cluster_bootstrap,False,0.0,0.0,0.5,0.5,0.5,0.5
skillnet:alfworld-object-retriever,early,0,0,0,0,0,0,0,False,False,False,all_alfworld,14,13,13,13,0,1,13,True,False,,no_actual_U0_training_loss_token,False,,,,,,0.0,5.0,5.0,test,placebo,13.0,13.0,13.0,2.0,26.0,-0.038461538461538464,-0.038461538461538464,0.0,-0.19230769230769232,0.23076923076923078,uncertain,paired_game_cluster_bootstrap,False,0.38461538461538464,0.4230769230769231,0.2692307692307692,0.3076923076923077,-0.11538461538461542,-0.11538461538461536
skillnet:alfworld-object-retriever,middle,0,0,0,0,0,0,0,False,False,False,all_alfworld,0,0,0,0,0,0,0,False,False,no_first_invocation_in_registered_U0_source_phase,no_actual_U0_training_loss_token,False,,,,,,,,,,,,,,,,,,,,,,,,,,,,,
skillnet:alfworld-object-retriever,late,0,0,0,0,0,0,0,False,False,False,all_alfworld,0,0,0,0,0,0,0,False,False,no_first_invocation_in_registered_U0_source_phase,no_actual_U0_training_loss_token,False,,,,,,,,,,,,,,,,,,,,,,,,,,,,,
skillnet:alfworld-object-state-inspector,all,399,4990,399,1,8,1,8,True,True,False,all_alfworld,684,18,18,18,0,666,18,True,False,,,True,0.07216030610634183,0.23405413687335308,-2.957203417729145e-05,1.0,0.633066132264529,0.0,5.0,5.0,test,placebo,18.0,18.0,18.0,2.0,36.0,0.05555555555555555,0.19444444444444445,0.1388888888888889,-0.1111111111111111,0.3888888888888889,uncertain,paired_game_cluster_bootstrap,False,0.3888888888888889,0.3333333333333333,0.4722222222222222,0.2777777777777778,0.08333333333333331,-0.055555555555555525
skillnet:alfworld-object-state-inspector,initial,8,84,8,1,8,1,8,True,True,False,all_alfworld,10,10,10,10,0,0,10,True,False,,,True,0.3720028164286487,0.07035070518855369,-9.009404439960203e-05,1.0,0.5357142857142857,0.0,5.0,5.0,test,placebo,10.0,10.0,10.0,2.0,20.0,0.1,0.05,-0.05,-0.3,0.25,uncertain,paired_game_cluster_bootstrap,False,0.2,0.1,0.3,0.25,0.09999999999999998,0.15
skillnet:alfworld-object-state-inspector,early,32,396,32,1,8,1,8,True,True,False,all_alfworld,62,17,17,7,0,55,7,True,False,,,True,0.12841378086427613,0.2337753424171923,3.60770081727943e-05,1.0,0.6338383838383839,0.0,5.0,5.0,test,placebo,7.0,7.0,7.0,2.0,14.0,0.0,0.42857142857142855,0.42857142857142855,0.07142857142857142,0.8571428571428571,positive,paired_game_cluster_bootstrap,False,0.5714285714285714,0.5714285714285714,0.6428571428571429,0.21428571428571427,0.07142857142857151,-0.3571428571428571
skillnet:alfworld-object-state-inspector,middle,80,984,80,1,8,1,8,True,True,False,all_alfworld,140,16,16,1,0,139,1,True,False,,,True,-0.030810315985575994,0.26560614044423586,-5.0996144519233316e-05,1.0,0.6280487804878049,0.0,5.0,5.0,test,placebo,1.0,1.0,1.0,2.0,2.0,0.0,0.0,0.0,,,uncertain,single_game_interval_undefined,False,1.0,1.0,1.0,1.0,0.0,0.0
skillnet:alfworld-object-state-inspector,late,279,3526,279,1,8,1,8,True,True,False,all_alfworld,472,16,16,0,0,472,0,False,False,no_first_invocation_in_registered_U0_source_phase,,True,0.08743538984633938,0.22918014916842228,-2.9524344822637184e-05,1.0,0.6366988088485536,,,,,,,,,,,,,,,,,,,,,,,,
skillnet:alfworld-object-state-modifier,all,0,0,0,0,0,0,0,False,False,False,all_alfworld,0,0,0,0,0,0,0,False,False,no_first_invocation_in_registered_U0_source_phase,no_actual_U0_training_loss_token,,,,,,,,,,,,,,,,,,,,,,,,,,,,,,
skillnet:alfworld-object-state-modifier,initial,0,0,0,0,0,0,0,False,False,False,all_alfworld,0,0,0,0,0,0,0,False,False,no_first_invocation_in_registered_U0_source_phase,no_actual_U0_training_loss_token,,,,,,,,,,,,,,,,,,,,,,,,,,,,,,
skillnet:alfworld-object-state-modifier,early,0,0,0,0,0,0,0,False,False,False,all_alfworld,0,0,0,0,0,0,0,False,False,no_first_invocation_in_registered_U0_source_phase,no_actual_U0_training_loss_token,,,,,,,,,,,,,,,,,,,,,,,,,,,,,,
skillnet:alfworld-object-state-modifier,middle,0,0,0,0,0,0,0,False,False,False,all_alfworld,0,0,0,0,0,0,0,False,False,no_first_invocation_in_registered_U0_source_phase,no_actual_U0_training_loss_token,,,,,,,,,,,,,,,,,,,,,,,,,,,,,,
skillnet:alfworld-object-state-modifier,late,0,0,0,0,0,0,0,False,False,False,all_alfworld,0,0,0,0,0,0,0,False,False,no_first_invocation_in_registered_U0_source_phase,no_actual_U0_training_loss_token,,,,,,,,,,,,,,,,,,,,,,,,,,,,,,
skillnet:alfworld-object-storer,all,97,1281,92,4,20,3,17,True,True,False,all_alfworld,267,18,18,18,0,249,18,True,False,,,True,0.16473118877418413,0.09384722665245915,3.2539762907676745e-05,0.9516003122560499,0.336455893832943,0.0,5.0,5.0,test,placebo,18.0,18.0,18.0,2.0,36.0,-0.05555555555555555,-0.05555555555555555,0.0,-0.16666666666666666,0.16666666666666666,uncertain,paired_game_cluster_bootstrap,False,0.1111111111111111,0.16666666666666666,0.25,0.3055555555555556,0.1388888888888889,0.13888888888888892
skillnet:alfworld-object-storer,initial,0,0,0,0,0,0,0,False,False,False,all_alfworld,0,0,0,0,0,0,0,False,False,no_first_invocation_in_registered_U0_source_phase,no_actual_U0_training_loss_token,False,,,,,,,,,,,,,,,,,,,,,,,,,,,,,
skillnet:alfworld-object-storer,early,7,88,7,2,6,2,6,True,True,False,all_alfworld,11,8,8,8,0,3,8,True,False,,,True,0.23126286223327408,0.10837197849910513,-0.000132040893357877,1.0,0.4659090909090909,0.0,5.0,5.0,test,placebo,8.0,8.0,8.0,2.0,16.0,-0.125,0.0625,0.1875,0.0,0.5,uncertain,paired_game_cluster_bootstrap,False,0.0,0.125,0.375,0.3125,0.375,0.1875
skillnet:alfworld-object-storer,middle,18,241,16,3,12,2,10,True,True,False,all_alfworld,56,14,14,6,0,50,6,True,False,,,True,-0.027823898942099894,0.12233567980433405,-5.087418613260254e-05,0.8962655601659751,0.3236514522821577,0.0,5.0,5.0,test,placebo,6.0,6.0,6.0,2.0,12.0,0.0,-0.16666666666666666,-0.16666666666666666,-0.5,0.0,uncertain,paired_game_cluster_bootstrap,True,0.16666666666666666,0.16666666666666666,0.16666666666666666,0.3333333333333333,0.0,0.16666666666666666
skillnet:alfworld-object-storer,late,72,952,69,3,14,2,11,True,True,False,all_alfworld,200,15,15,4,0,196,4,True,False,,,True,0.20732676532378974,0.08529271470696893,6.88694472249835e-05,0.9611344537815126,0.3277310924369748,0.0,5.0,5.0,test,placebo,4.0,4.0,4.0,2.0,8.0,0.0,-0.125,-0.125,-0.5,0.0,uncertain,paired_game_cluster_bootstrap,True,0.25,0.25,0.125,0.25,-0.125,0.0
skillnet:alfworld-object-transporter,all,0,0,0,0,0,0,0,False,False,False,all_alfworld,1,1,1,1,0,0,1,True,False,,no_actual_U0_training_loss_token,False,,,,,,0.0,5.0,5.0,test,placebo,1.0,1.0,1.0,2.0,2.0,0.0,0.0,0.0,,,uncertain,single_game_interval_undefined,False,1.0,1.0,1.0,1.0,0.0,0.0
skillnet:alfworld-object-transporter,initial,0,0,0,0,0,0,0,False,False,False,all_alfworld,0,0,0,0,0,0,0,False,False,no_first_invocation_in_registered_U0_source_phase,no_actual_U0_training_loss_token,False,,,,,,,,,,,,,,,,,,,,,,,,,,,,,
skillnet:alfworld-object-transporter,early,0,0,0,0,0,0,0,False,False,False,all_alfworld,0,0,0,0,0,0,0,False,False,no_first_invocation_in_registered_U0_source_phase,no_actual_U0_training_loss_token,False,,,,,,,,,,,,,,,,,,,,,,,,,,,,,
skillnet:alfworld-object-transporter,middle,0,0,0,0,0,0,0,False,False,False,all_alfworld,0,0,0,0,0,0,0,False,False,no_first_invocation_in_registered_U0_source_phase,no_actual_U0_training_loss_token,False,,,,,,,,,,,,,,,,,,,,,,,,,,,,,
skillnet:alfworld-object-transporter,late,0,0,0,0,0,0,0,False,False,False,all_alfworld,1,1,1,1,0,0,1,True,False,,no_actual_U0_training_loss_token,False,,,,,,0.0,5.0,5.0,test,placebo,1.0,1.0,1.0,2.0,2.0,0.0,0.0,0.0,,,uncertain,single_game_interval_undefined,False,1.0,1.0,1.0,1.0,0.0,0.0
skillnet:alfworld-open-receptacle,all,0,0,0,0,0,0,0,False,False,False,all_alfworld,0,0,0,0,0,0,0,False,False,no_first_invocation_in_registered_U0_source_phase,no_actual_U0_training_loss_token,,,,,,,,,,,,,,,,,,,,,,,,,,,,,,
skillnet:alfworld-open-receptacle,initial,0,0,0,0,0,0,0,False,False,False,all_alfworld,0,0,0,0,0,0,0,False,False,no_first_invocation_in_registered_U0_source_phase,no_actual_U0_training_loss_token,,,,,,,,,,,,,,,,,,,,,,,,,,,,,,
skillnet:alfworld-open-receptacle,early,0,0,0,0,0,0,0,False,False,False,all_alfworld,0,0,0,0,0,0,0,False,False,no_first_invocation_in_registered_U0_source_phase,no_actual_U0_training_loss_token,,,,,,,,,,,,,,,,,,,,,,,,,,,,,,
skillnet:alfworld-open-receptacle,middle,0,0,0,0,0,0,0,False,False,False,all_alfworld,0,0,0,0,0,0,0,False,False,no_first_invocation_in_registered_U0_source_phase,no_actual_U0_training_loss_token,,,,,,,,,,,,,,,,,,,,,,,,,,,,,,
skillnet:alfworld-open-receptacle,late,0,0,0,0,0,0,0,False,False,False,all_alfworld,0,0,0,0,0,0,0,False,False,no_first_invocation_in_registered_U0_source_phase,no_actual_U0_training_loss_token,,,,,,,,,,,,,,,,,,,,,,,,,,,,,,
skillnet:alfworld-receptacle-closer,all,1,11,1,1,1,1,1,True,True,False,all_alfworld,10,5,5,5,0,5,5,True,False,,,True,-0.26122362576178615,0.39665681368343364,-3.30418199990583e-05,1.0,0.6363636363636364,0.0,5.0,5.0,test,placebo,5.0,5.0,5.0,2.0,10.0,0.1,0.0,-0.1,-0.4,0.0,uncertain,paired_game_cluster_bootstrap,True,0.2,0.1,0.0,0.0,-0.2,-0.1
skillnet:alfworld-receptacle-closer,initial,0,0,0,0,0,0,0,False,False,False,all_alfworld,0,0,0,0,0,0,0,False,False,no_first_invocation_in_registered_U0_source_phase,no_actual_U0_training_loss_token,False,,,,,,,,,,,,,,,,,,,,,,,,,,,,,
skillnet:alfworld-receptacle-closer,early,0,0,0,0,0,0,0,False,False,False,all_alfworld,0,0,0,0,0,0,0,False,False,no_first_invocation_in_registered_U0_source_phase,no_actual_U0_training_loss_token,False,,,,,,,,,,,,,,,,,,,,,,,,,,,,,
skillnet:alfworld-receptacle-closer,middle,1,11,1,1,1,1,1,True,True,False,all_alfworld,4,4,4,4,0,0,4,True,False,,,True,-0.26122362576178615,0.39665681368343364,-3.30418199990583e-05,1.0,0.6363636363636364,0.0,5.0,5.0,test,placebo,4.0,4.0,4.0,2.0,8.0,0.125,0.0,-0.125,-0.5,0.0,uncertain,paired_game_cluster_bootstrap,True,0.25,0.125,0.0,0.0,-0.25,-0.125
skillnet:alfworld-receptacle-closer,late,0,0,0,0,0,0,0,False,False,False,all_alfworld,6,3,3,1,0,5,1,True,False,,no_actual_U0_training_loss_token,False,,,,,,0.0,5.0,5.0,test,placebo,1.0,1.0,1.0,2.0,2.0,0.0,0.0,0.0,,,uncertain,single_game_interval_undefined,False,0.0,0.0,0.0,0.0,0.0,0.0
skillnet:alfworld-receptacle-finder,all,291,4371,260,5,27,4,19,True,True,True,all_alfworld,155,10,10,10,0,145,10,True,False,,,True,0.3356402840419591,0.06596277731422154,0.0002948146758230877,0.9180965454129489,0.4044840997483413,0.0,5.0,5.0,test,placebo,10.0,10.0,10.0,2.0,20.0,-0.2,-0.1,0.1,-0.1,0.35,uncertain,paired_game_cluster_bootstrap,False,0.05,0.25,0.1,0.2,0.05,-0.04999999999999999
skillnet:alfworld-receptacle-finder,initial,16,324,16,2,16,2,16,True,True,False,all_alfworld,3,3,3,3,0,0,3,True,False,,,True,0.013157664938940964,0.1460681414001001,0.000414258117575514,1.0,0.6419753086419753,0.0,5.0,5.0,test,placebo,3.0,3.0,3.0,2.0,6.0,-0.3333333333333333,-0.16666666666666666,0.16666666666666666,0.0,0.6666666666666666,uncertain,paired_game_cluster_bootstrap,False,0.0,0.3333333333333333,0.0,0.16666666666666666,0.0,-0.16666666666666666
skillnet:alfworld-receptacle-finder,early,25,331,21,4,18,3,14,True,True,False,all_alfworld,10,4,4,1,0,9,1,True,False,,,True,0.0762967914080081,0.16338229632393753,0.0001225439393106673,0.8821752265861027,0.3867069486404834,0.0,5.0,5.0,test,placebo,1.0,1.0,1.0,2.0,2.0,-0.5,-0.5,0.0,,,uncertain,single_game_interval_undefined,False,0.5,1.0,0.0,0.5,-0.5,-0.5
skillnet:alfworld-receptacle-finder,middle,58,740,50,3,16,2,12,True,True,False,all_alfworld,29,5,5,1,0,28,1,True,False,,,True,0.44155413021131296,0.05436931823152345,0.0001772356876342704,0.8594594594594595,0.3054054054054054,0.0,5.0,5.0,test,placebo,1.0,1.0,1.0,2.0,2.0,0.0,0.0,0.0,,,uncertain,single_game_interval_undefined,False,0.0,0.0,1.0,1.0,1.0,1.0
skillnet:alfworld-receptacle-finder,late,192,2976,173,5,19,4,11,True,True,True,all_alfworld,113,9,9,5,0,108,5,True,False,,,True,0.373258166597703,0.04928910828369596,0.0003302079520050601,0.927755376344086,0.40524193548387094,0.0,5.0,5.0,test,placebo,5.0,5.0,5.0,2.0,10.0,-0.1,0.0,0.1,0.0,0.4,uncertain,paired_game_cluster_bootstrap,False,0.0,0.1,0.0,0.0,0.0,-0.1
skillnet:alfworld-receptacle-navigator,all,0,0,0,0,0,0,0,False,False,False,all_alfworld,2,2,2,2,0,0,2,True,False,,no_actual_U0_training_loss_token,False,,,,,,0.0,5.0,5.0,test,placebo,2.0,2.0,2.0,2.0,4.0,0.0,0.0,0.0,-0.5,0.5,uncertain,paired_game_cluster_bootstrap,False,0.0,0.0,0.25,0.25,0.25,0.25
skillnet:alfworld-receptacle-navigator,initial,0,0,0,0,0,0,0,False,False,False,all_alfworld,0,0,0,0,0,0,0,False,False,no_first_invocation_in_registered_U0_source_phase,no_actual_U0_training_loss_token,False,,,,,,,,,,,,,,,,,,,,,,,,,,,,,
skillnet:alfworld-receptacle-navigator,early,0,0,0,0,0,0,0,False,False,False,all_alfworld,2,2,2,2,0,0,2,True,False,,no_actual_U0_training_loss_token,False,,,,,,0.0,5.0,5.0,test,placebo,2.0,2.0,2.0,2.0,4.0,0.0,0.0,0.0,-0.5,0.5,uncertain,paired_game_cluster_bootstrap,False,0.0,0.0,0.25,0.25,0.25,0.25
skillnet:alfworld-receptacle-navigator,middle,0,0,0,0,0,0,0,False,False,False,all_alfworld,0,0,0,0,0,0,0,False,False,no_first_invocation_in_registered_U0_source_phase,no_actual_U0_training_loss_token,False,,,,,,,,,,,,,,,,,,,,,,,,,,,,,
skillnet:alfworld-receptacle-navigator,late,0,0,0,0,0,0,0,False,False,False,all_alfworld,0,0,0,0,0,0,0,False,False,no_first_invocation_in_registered_U0_source_phase,no_actual_U0_training_loss_token,False,,,,,,,,,,,,,,,,,,,,,,,,,,,,,
skillnet:alfworld-receptacle-opener,all,13,149,1,2,6,1,1,True,True,False,all_alfworld,26,8,8,8,0,18,8,True,False,,,True,-0.03863089154017158,0.018666250169437928,-2.1103690324260775e-05,0.0738255033557047,0.04697986577181208,0.0,5.0,5.0,test,placebo,8.0,8.0,8.0,2.0,16.0,0.0,0.0,0.0,0.0,0.0,stable,paired_game_cluster_bootstrap,False,0.0,0.0,0.0,0.0,0.0,0.0
skillnet:alfworld-receptacle-opener,initial,0,0,0,0,0,0,0,False,False,False,all_alfworld,0,0,0,0,0,0,0,False,False,no_first_invocation_in_registered_U0_source_phase,no_actual_U0_training_loss_token,False,,,,,,,,,,,,,,,,,,,,,,,,,,,,,
skillnet:alfworld-receptacle-opener,early,0,0,0,0,0,0,0,False,False,False,all_alfworld,1,1,1,1,0,0,1,True,False,,no_actual_U0_training_loss_token,False,,,,,,0.0,5.0,5.0,test,placebo,1.0,1.0,1.0,2.0,2.0,0.0,0.0,0.0,,,uncertain,single_game_interval_undefined,False,0.0,0.0,0.0,0.0,0.0,0.0
skillnet:alfworld-receptacle-opener,middle,2,22,0,1,2,0,0,True,False,False,all_alfworld,6,3,3,2,0,4,2,True,False,,,True,0.0,0.0,0.0,0.0,0.0,0.0,5.0,5.0,test,placebo,2.0,2.0,2.0,2.0,4.0,0.0,0.0,0.0,0.0,0.0,stable,paired_game_cluster_bootstrap,False,0.0,0.0,0.0,0.0,0.0,0.0
skillnet:alfworld-receptacle-opener,late,11,127,1,2,5,1,1,True,True,False,all_alfworld,19,6,6,5,0,14,5,True,False,,,True,-0.04532285700382335,0.021899773820836625,-2.475944770326657e-05,0.08661417322834646,0.05511811023622047,0.0,5.0,5.0,test,placebo,5.0,5.0,5.0,2.0,10.0,0.0,0.0,0.0,0.0,0.0,stable,paired_game_cluster_bootstrap,False,0.0,0.0,0.0,0.0,0.0,0.0
skillnet:alfworld-receptacle-operator,all,25,285,3,2,8,1,1,True,True,False,all_alfworld,24,7,7,7,0,17,7,True,False,,,True,-0.07242454416332023,0.04718486294826565,-6.137135035760918e-05,0.12280701754385964,0.06666666666666667,0.0,5.0,5.0,test,placebo,7.0,7.0,7.0,2.0,14.0,0.0,0.0,0.0,-0.2857142857142857,0.21607142857140257,uncertain,paired_game_cluster_bootstrap,False,0.2857142857142857,0.2857142857142857,0.14285714285714285,0.14285714285714285,-0.14285714285714285,-0.14285714285714285
skillnet:alfworld-receptacle-operator,initial,0,0,0,0,0,0,0,False,False,False,all_alfworld,0,0,0,0,0,0,0,False,False,no_first_invocation_in_registered_U0_source_phase,no_actual_U0_training_loss_token,False,,,,,,,,,,,,,,,,,,,,,,,,,,,,,
skillnet:alfworld-receptacle-operator,early,0,0,0,0,0,0,0,False,False,False,all_alfworld,2,2,2,2,0,0,2,True,False,,no_actual_U0_training_loss_token,False,,,,,,0.0,5.0,5.0,test,placebo,2.0,2.0,2.0,2.0,4.0,0.0,0.25,0.25,0.0,0.75,uncertain,paired_game_cluster_bootstrap,False,0.5,0.5,0.25,0.0,-0.25,-0.5
skillnet:alfworld-receptacle-operator,middle,6,69,0,1,4,0,0,True,False,False,all_alfworld,4,4,4,3,0,1,3,True,False,,,True,0.0,0.0,0.0,0.0,0.0,0.0,5.0,5.0,test,placebo,3.0,3.0,3.0,2.0,6.0,0.0,-0.16666666666666666,-0.16666666666666666,-0.6666666666666666,0.0,uncertain,paired_game_cluster_bootstrap,True,0.3333333333333333,0.3333333333333333,0.16666666666666666,0.3333333333333333,-0.16666666666666666,0.0
skillnet:alfworld-receptacle-operator,late,19,216,3,2,7,1,1,True,True,False,all_alfworld,18,5,5,2,0,16,2,True,False,,,True,-0.0955601624377142,0.06225780527896162,-8.0976087277401e-05,0.16203703703703703,0.08796296296296297,0.0,5.0,5.0,test,placebo,2.0,2.0,2.0,2.0,4.0,0.0,0.0,0.0,0.0,0.0,stable,paired_game_cluster_bootstrap,False,0.0,0.0,0.0,0.0,0.0,0.0
skillnet:alfworld-receptacle-preparer,all,0,0,0,0,0,0,0,False,False,False,all_alfworld,0,0,0,0,0,0,0,False,False,no_first_invocation_in_registered_U0_source_phase,no_actual_U0_training_loss_token,,,,,,,,,,,,,,,,,,,,,,,,,,,,,,
skillnet:alfworld-receptacle-preparer,initial,0,0,0,0,0,0,0,False,False,False,all_alfworld,0,0,0,0,0,0,0,False,False,no_first_invocation_in_registered_U0_source_phase,no_actual_U0_training_loss_token,,,,,,,,,,,,,,,,,,,,,,,,,,,,,,
skillnet:alfworld-receptacle-preparer,early,0,0,0,0,0,0,0,False,False,False,all_alfworld,0,0,0,0,0,0,0,False,False,no_first_invocation_in_registered_U0_source_phase,no_actual_U0_training_loss_token,,,,,,,,,,,,,,,,,,,,,,,,,,,,,,
skillnet:alfworld-receptacle-preparer,middle,0,0,0,0,0,0,0,False,False,False,all_alfworld,0,0,0,0,0,0,0,False,False,no_first_invocation_in_registered_U0_source_phase,no_actual_U0_training_loss_token,,,,,,,,,,,,,,,,,,,,,,,,,,,,,,
skillnet:alfworld-receptacle-preparer,late,0,0,0,0,0,0,0,False,False,False,all_alfworld,0,0,0,0,0,0,0,False,False,no_first_invocation_in_registered_U0_source_phase,no_actual_U0_training_loss_token,,,,,,,,,,,,,,,,,,,,,,,,,,,,,,
skillnet:alfworld-receptacle-searcher,all,0,0,0,0,0,0,0,False,False,False,all_alfworld,2,2,2,2,0,0,2,True,False,,no_actual_U0_training_loss_token,False,,,,,,0.0,5.0,5.0,test,placebo,2.0,2.0,2.0,2.0,4.0,0.25,0.0,-0.25,-0.75,0.0,uncertain,paired_game_cluster_bootstrap,True,1.0,0.75,0.0,0.0,-1.0,-0.75
skillnet:alfworld-receptacle-searcher,initial,0,0,0,0,0,0,0,False,False,False,all_alfworld,2,2,2,2,0,0,2,True,False,,no_actual_U0_training_loss_token,False,,,,,,0.0,5.0,5.0,test,placebo,2.0,2.0,2.0,2.0,4.0,0.25,0.0,-0.25,-0.75,0.0,uncertain,paired_game_cluster_bootstrap,True,1.0,0.75,0.0,0.0,-1.0,-0.75
skillnet:alfworld-receptacle-searcher,early,0,0,0,0,0,0,0,False,False,False,all_alfworld,0,0,0,0,0,0,0,False,False,no_first_invocation_in_registered_U0_source_phase,no_actual_U0_training_loss_token,False,,,,,,,,,,,,,,,,,,,,,,,,,,,,,
skillnet:alfworld-receptacle-searcher,middle,0,0,0,0,0,0,0,False,False,False,all_alfworld,0,0,0,0,0,0,0,False,False,no_first_invocation_in_registered_U0_source_phase,no_actual_U0_training_loss_token,False,,,,,,,,,,,,,,,,,,,,,,,,,,,,,
skillnet:alfworld-receptacle-searcher,late,0,0,0,0,0,0,0,False,False,False,all_alfworld,0,0,0,0,0,0,0,False,False,no_first_invocation_in_registered_U0_source_phase,no_actual_U0_training_loss_token,False,,,,,,,,,,,,,,,,,,,,,,,,,,,,,
skillnet:alfworld-search-pattern-executor,all,0,0,0,0,0,0,0,False,False,False,all_alfworld,0,0,0,0,0,0,0,False,False,no_first_invocation_in_registered_U0_source_phase,no_actual_U0_training_loss_token,,,,,,,,,,,,,,,,,,,,,,,,,,,,,,
skillnet:alfworld-search-pattern-executor,initial,0,0,0,0,0,0,0,False,False,False,all_alfworld,0,0,0,0,0,0,0,False,False,no_first_invocation_in_registered_U0_source_phase,no_actual_U0_training_loss_token,,,,,,,,,,,,,,,,,,,,,,,,,,,,,,
skillnet:alfworld-search-pattern-executor,early,0,0,0,0,0,0,0,False,False,False,all_alfworld,0,0,0,0,0,0,0,False,False,no_first_invocation_in_registered_U0_source_phase,no_actual_U0_training_loss_token,,,,,,,,,,,,,,,,,,,,,,,,,,,,,,
skillnet:alfworld-search-pattern-executor,middle,0,0,0,0,0,0,0,False,False,False,all_alfworld,0,0,0,0,0,0,0,False,False,no_first_invocation_in_registered_U0_source_phase,no_actual_U0_training_loss_token,,,,,,,,,,,,,,,,,,,,,,,,,,,,,,
skillnet:alfworld-search-pattern-executor,late,0,0,0,0,0,0,0,False,False,False,all_alfworld,0,0,0,0,0,0,0,False,False,no_first_invocation_in_registered_U0_source_phase,no_actual_U0_training_loss_token,,,,,,,,,,,,,,,,,,,,,,,,,,,,,,
skillnet:alfworld-search-verifier,all,0,0,0,0,0,0,0,False,False,False,all_alfworld,0,0,0,0,0,0,0,False,False,no_first_invocation_in_registered_U0_source_phase,no_actual_U0_training_loss_token,,,,,,,,,,,,,,,,,,,,,,,,,,,,,,
skillnet:alfworld-search-verifier,initial,0,0,0,0,0,0,0,False,False,False,all_alfworld,0,0,0,0,0,0,0,False,False,no_first_invocation_in_registered_U0_source_phase,no_actual_U0_training_loss_token,,,,,,,,,,,,,,,,,,,,,,,,,,,,,,
skillnet:alfworld-search-verifier,early,0,0,0,0,0,0,0,False,False,False,all_alfworld,0,0,0,0,0,0,0,False,False,no_first_invocation_in_registered_U0_source_phase,no_actual_U0_training_loss_token,,,,,,,,,,,,,,,,,,,,,,,,,,,,,,
skillnet:alfworld-search-verifier,middle,0,0,0,0,0,0,0,False,False,False,all_alfworld,0,0,0,0,0,0,0,False,False,no_first_invocation_in_registered_U0_source_phase,no_actual_U0_training_loss_token,,,,,,,,,,,,,,,,,,,,,,,,,,,,,,
skillnet:alfworld-search-verifier,late,0,0,0,0,0,0,0,False,False,False,all_alfworld,0,0,0,0,0,0,0,False,False,no_first_invocation_in_registered_U0_source_phase,no_actual_U0_training_loss_token,,,,,,,,,,,,,,,,,,,,,,,,,,,,,,
skillnet:alfworld-storage-explorer,all,786,9875,584,9,50,8,42,True,True,True,all_alfworld,657,44,44,44,0,613,44,True,False,,,True,-0.06668266337915234,0.1710428832906386,-4.18843906644092e-05,0.7399493670886076,0.253873417721519,0.0,5.0,5.0,test,placebo,44.0,44.0,44.0,2.0,88.0,-0.06818181818181818,-0.03409090909090909,0.03409090909090909,-0.09090909090909091,0.1590909090909091,uncertain,paired_game_cluster_bootstrap,False,0.2159090909090909,0.2840909090909091,0.3181818181818182,0.3522727272727273,0.10227272727272727,0.06818181818181818
skillnet:alfworld-storage-explorer,initial,16,172,16,2,16,2,16,True,True,False,all_alfworld,23,23,23,23,0,0,23,True,False,,,True,-0.06446846281796881,0.14765848449841645,0.00022727353320716598,1.0,0.38953488372093026,0.0,5.0,5.0,test,placebo,23.0,23.0,23.0,2.0,46.0,-0.13043478260869565,-0.021739130434782608,0.10869565217391304,-0.06521739130434782,0.2826086956521739,uncertain,paired_game_cluster_bootstrap,False,0.17391304347826086,0.30434782608695654,0.41304347826086957,0.43478260869565216,0.2391304347826087,0.13043478260869562
skillnet:alfworld-storage-explorer,early,104,1258,80,7,43,6,35,True,True,True,all_alfworld,95,36,36,18,0,77,18,True,False,,,True,0.05991887316925212,0.1764396963460026,8.735332601942063e-06,0.7591414944356121,0.31319554848966613,0.0,5.0,5.0,test,placebo,18.0,18.0,18.0,2.0,36.0,0.0,-0.05555555555555555,-0.05555555555555555,-0.25,0.1388888888888889,uncertain,paired_game_cluster_bootstrap,True,0.3055555555555556,0.3055555555555556,0.25,0.3055555555555556,-0.05555555555555558,0.0
skillnet:alfworld-storage-explorer,middle,178,2255,133,6,33,5,25,True,True,True,all_alfworld,147,34,34,1,0,146,1,True,False,,,True,-0.029547159453289045,0.1702399927726013,-2.0148710032970144e-05,0.7348115299334812,0.2709534368070953,0.0,5.0,5.0,test,placebo,1.0,1.0,1.0,2.0,2.0,0.0,0.0,0.0,,,uncertain,single_game_interval_undefined,False,0.0,0.0,0.0,0.0,0.0,0.0
skillnet:alfworld-storage-explorer,late,488,6190,355,7,33,6,25,True,True,True,all_alfworld,392,35,35,2,0,390,2,True,False,,,True,-0.10600191003944927,0.17088835080062054,-6.756916200509997e-05,0.7306946688206785,0.23182552504038773,0.0,5.0,5.0,test,placebo,2.0,2.0,2.0,2.0,4.0,0.0,0.0,0.0,0.0,0.0,stable,paired_game_cluster_bootstrap,False,0.0,0.0,0.0,0.0,0.0,0.0
skillnet:alfworld-task-verifier,all,0,0,0,0,0,0,0,False,False,False,all_alfworld,0,0,0,0,0,0,0,False,False,no_first_invocation_in_registered_U0_source_phase,no_actual_U0_training_loss_token,,,,,,,,,,,,,,,,,,,,,,,,,,,,,,
skillnet:alfworld-task-verifier,initial,0,0,0,0,0,0,0,False,False,False,all_alfworld,0,0,0,0,0,0,0,False,False,no_first_invocation_in_registered_U0_source_phase,no_actual_U0_training_loss_token,,,,,,,,,,,,,,,,,,,,,,,,,,,,,,
skillnet:alfworld-task-verifier,early,0,0,0,0,0,0,0,False,False,False,all_alfworld,0,0,0,0,0,0,0,False,False,no_first_invocation_in_registered_U0_source_phase,no_actual_U0_training_loss_token,,,,,,,,,,,,,,,,,,,,,,,,,,,,,,
skillnet:alfworld-task-verifier,middle,0,0,0,0,0,0,0,False,False,False,all_alfworld,0,0,0,0,0,0,0,False,False,no_first_invocation_in_registered_U0_source_phase,no_actual_U0_training_loss_token,,,,,,,,,,,,,,,,,,,,,,,,,,,,,,
skillnet:alfworld-task-verifier,late,0,0,0,0,0,0,0,False,False,False,all_alfworld,0,0,0,0,0,0,0,False,False,no_first_invocation_in_registered_U0_source_phase,no_actual_U0_training_loss_token,,,,,,,,,,,,,,,,,,,,,,,,,,,,,,
skillnet:alfworld-temperature-regulator,all,4,53,3,2,4,1,3,True,True,False,all_alfworld,36,6,6,6,0,30,6,True,False,,,True,0.33296458376921606,0.14996664584914252,0.00022934087408502858,0.7735849056603774,0.49056603773584906,0.0,5.0,5.0,test,placebo,6.0,6.0,6.0,2.0,12.0,0.08333333333333333,0.16666666666666666,0.08333333333333333,-0.25,0.5,uncertain,paired_game_cluster_bootstrap,False,0.08333333333333333,0.0,0.16666666666666666,0.0,0.08333333333333333,0.0
skillnet:alfworld-temperature-regulator,initial,0,0,0,0,0,0,0,False,False,False,all_alfworld,0,0,0,0,0,0,0,False,False,no_first_invocation_in_registered_U0_source_phase,no_actual_U0_training_loss_token,False,,,,,,,,,,,,,,,,,,,,,,,,,,,,,
skillnet:alfworld-temperature-regulator,early,0,0,0,0,0,0,0,False,False,False,all_alfworld,0,0,0,0,0,0,0,False,False,no_first_invocation_in_registered_U0_source_phase,no_actual_U0_training_loss_token,False,,,,,,,,,,,,,,,,,,,,,,,,,,,,,
skillnet:alfworld-temperature-regulator,middle,2,29,2,1,2,1,2,True,True,False,all_alfworld,6,2,2,2,0,4,2,True,False,,,True,0.8384453025300235,0.05602551533427627,0.000314617707765985,1.0,0.5862068965517241,0.0,5.0,5.0,test,placebo,2.0,2.0,2.0,2.0,4.0,0.25,0.0,-0.25,-0.75,0.0,uncertain,paired_game_cluster_bootstrap,True,0.25,0.0,0.0,0.0,-0.25,0.0
skillnet:alfworld-temperature-regulator,late,2,24,1,2,2,1,1,True,True,False,all_alfworld,30,5,5,4,0,26,4,True,False,,,True,-0.2778246180667597,0.2634788452212726,0.00012629803338720633,0.5,0.375,0.0,5.0,5.0,test,placebo,4.0,4.0,4.0,2.0,8.0,0.0,0.25,0.25,0.0,0.75,uncertain,paired_game_cluster_bootstrap,False,0.0,0.0,0.25,0.0,0.25,0.0
skillnet:alfworld-tool-locator,all,0,0,0,0,0,0,0,False,False,False,all_alfworld,4,4,4,4,0,0,4,True,False,,no_actual_U0_training_loss_token,False,,,,,,0.0,5.0,5.0,test,placebo,4.0,4.0,4.0,2.0,8.0,-0.125,-0.125,0.0,0.0,0.0,stable,paired_game_cluster_bootstrap,False,0.25,0.375,0.125,0.25,-0.125,-0.125
skillnet:alfworld-tool-locator,initial,0,0,0,0,0,0,0,False,False,False,all_alfworld,0,0,0,0,0,0,0,False,False,no_first_invocation_in_registered_U0_source_phase,no_actual_U0_training_loss_token,False,,,,,,,,,,,,,,,,,,,,,,,,,,,,,
skillnet:alfworld-tool-locator,early,0,0,0,0,0,0,0,False,False,False,all_alfworld,4,4,4,4,0,0,4,True,False,,no_actual_U0_training_loss_token,False,,,,,,0.0,5.0,5.0,test,placebo,4.0,4.0,4.0,2.0,8.0,-0.125,-0.125,0.0,0.0,0.0,stable,paired_game_cluster_bootstrap,False,0.25,0.375,0.125,0.25,-0.125,-0.125
skillnet:alfworld-tool-locator,middle,0,0,0,0,0,0,0,False,False,False,all_alfworld,0,0,0,0,0,0,0,False,False,no_first_invocation_in_registered_U0_source_phase,no_actual_U0_training_loss_token,False,,,,,,,,,,,,,,,,,,,,,,,,,,,,,
skillnet:alfworld-tool-locator,late,0,0,0,0,0,0,0,False,False,False,all_alfworld,0,0,0,0,0,0,0,False,False,no_first_invocation_in_registered_U0_source_phase,no_actual_U0_training_loss_token,False,,,,,,,,,,,,,,,,,,,,,,,,,,,,,
skillnet:alfworld-tool-user,all,0,0,0,0,0,0,0,False,False,False,all_alfworld,0,0,0,0,0,0,0,False,False,no_first_invocation_in_registered_U0_source_phase,no_actual_U0_training_loss_token,,,,,,,,,,,,,,,,,,,,,,,,,,,,,,
skillnet:alfworld-tool-user,initial,0,0,0,0,0,0,0,False,False,False,all_alfworld,0,0,0,0,0,0,0,False,False,no_first_invocation_in_registered_U0_source_phase,no_actual_U0_training_loss_token,,,,,,,,,,,,,,,,,,,,,,,,,,,,,,
skillnet:alfworld-tool-user,early,0,0,0,0,0,0,0,False,False,False,all_alfworld,0,0,0,0,0,0,0,False,False,no_first_invocation_in_registered_U0_source_phase,no_actual_U0_training_loss_token,,,,,,,,,,,,,,,,,,,,,,,,,,,,,,
skillnet:alfworld-tool-user,middle,0,0,0,0,0,0,0,False,False,False,all_alfworld,0,0,0,0,0,0,0,False,False,no_first_invocation_in_registered_U0_source_phase,no_actual_U0_training_loss_token,,,,,,,,,,,,,,,,,,,,,,,,,,,,,,
skillnet:alfworld-tool-user,late,0,0,0,0,0,0,0,False,False,False,all_alfworld,0,0,0,0,0,0,0,False,False,no_first_invocation_in_registered_U0_source_phase,no_actual_U0_training_loss_token,,,,,,,,,,,,,,,,,,,,,,,,,,,,,,
