skill_id,context_id,phase,supported,C_upd,D_contribution,D_ungated_contribution,P_int,activation_l16_norm,activation_l24_norm,activation_l32_norm,activation_l8_norm,delta_centered_norm,delta_norm,forward_kl_original,js_original,old_margin,random_expected,u_control_norm,u_original_norm,delta_utility
skillnet:alfworld-appliance-navigator,all_alfworld,all,True,-6.215087175749392e-05,0.16707732600363337,0.3115911048507583,0.07318017578472405,2.718395915384646,6.278978604210748,42.58581498887804,0.595750957859887,260.55708684586176,495.3099841747971,0.097157742542708,0.01862500870998007,0.016129032258064516,0.0,1694.0999506949372,1606.480708629744,0.08064516129032258
skillnet:alfworld-appliance-navigator,all_alfworld,initial,True,-8.758542079578817e-05,0.09720778279025447,0.25630484672665615,-0.07485735787921723,2.4332920660575232,6.3009451031684875,45.66288057963053,0.5954777325193087,279.9763405378871,528.2396694514587,0.0945995173417442,0.014691135148062329,0.023809523809523808,0.0,1549.2471622257417,1626.6928848017294,0.10714285714285714
skillnet:alfworld-appliance-navigator,all_alfworld,early,True,-4.4006032198095934e-05,0.13715412590762474,0.32023566124553465,0.03942088355232927,2.739885843252834,6.223794846595088,41.81015893477428,0.5933595601516434,260.4884875599268,482.1390176945663,0.10201955138403872,0.01678836367532973,-0.0,0.0,1772.395445955762,1681.2551831919639,0.0625
skillnet:alfworld-appliance-navigator,all_alfworld,middle,True,-0.00016178376692568987,0.1940286663652213,0.35081877900308994,0.11739307734411744,2.7785461804338993,6.33829533962803,42.88419141114213,0.6019375715546935,267.0374931258773,524.2246336823601,0.09858812347539316,0.018412159190775216,-0.0,0.0,1787.158085471948,1668.8391615092348,0.0
skillnet:alfworld-appliance-navigator,all_alfworld,late,True,-3.458354341024548e-05,0.17060841281018488,0.30391183035639624,0.0793901608603738,2.7282462648922303,6.268270289011711,42.28483265938519,0.5942919382946097,256.9998533164295,486.3553806949838,0.09616867928900603,0.019341090499998763,-0.0,0.0,1667.4755733210152,1574.4998036541638,0.0
skillnet:alfworld-appliance-preparer,all_alfworld,all,True,0.00016039114691830593,0.10720050059385383,0.20466217252057906,-0.38017266720596266,3.2911821954390583,7.669396091909969,54.30135053746841,0.7323826411191154,330.39382876861816,673.2433905185105,0.03287987824180655,0.007651534437379984,-0.0,0.0,1899.1185272059743,1751.673243286972,0.0
skillnet:alfworld-appliance-preparer,all_alfworld,initial,False,,,,,,,,,,,,,,0.0,,,
skillnet:alfworld-appliance-preparer,all_alfworld,early,False,,,,,,,,,,,,,,0.0,,,
skillnet:alfworld-appliance-preparer,all_alfworld,middle,True,0.00012199667044149261,0.09670429157694696,0.18481196316660983,-0.5094082875166679,3.249025276729039,7.585177557809012,54.08465249197824,0.7226742250578744,329.6291164940203,700.2255612957915,0.0389351598529605,0.00876224809112107,-0.0,0.0,1948.6771620074414,1722.7403945252524,0.0
skillnet:alfworld-appliance-preparer,all_alfworld,late,True,0.00018969219475587396,0.11521076536991437,0.21981101650123983,-0.2815454832846349,3.320692038536072,7.728349065780639,54.45303916931152,0.7391785323619843,330.9774249781797,652.6517338726909,0.028258742275399585,0.006803884543735472,-0.0,0.0,1861.2974638048543,1773.7535752367057,0.0
skillnet:alfworld-clean-object,all_alfworld,all,True,1.3512271670810574e-07,0.1333257930255979,0.3871207530862052,-0.10676582665971551,3.6711786604251992,8.018924080595678,52.20239469307621,0.9155140391417912,322.4283598464729,608.7968827262906,0.07121514893423835,0.011852040909679073,0.10810810810810811,0.0,1702.2678491404731,1738.083589513849,-0.013513513513513514
skillnet:alfworld-clean-object,all_alfworld,initial,True,-0.00021358897205962042,0.02450028487091206,0.9000307502960913,0.625798741545742,3.6202134490013123,7.711020350456238,54.707900047302246,1.0481933504343033,336.3651674261141,717.9555982785539,0.058205485851025376,0.006440151971377308,0.28,0.0,1612.4417730094785,2067.4275107834064,0.04
skillnet:alfworld-clean-object,all_alfworld,early,True,0.00014925167285004146,0.1323091569702433,0.46565875673764895,-0.07016175740539755,3.5408251166343687,8.005582559108735,52.819896125793456,0.8672680556774139,326.8265520014591,604.203702714673,0.10248623211532733,0.014857201107377383,-0.2222222222222222,0.0,1613.6292680940526,1630.8899921833508,-0.16666666666666666
skillnet:alfworld-clean-object,all_alfworld,middle,True,4.987605151820365e-05,0.09227525504936518,0.3122398037446798,-0.2565446130117496,3.7632883629166938,8.118556459266019,52.33927099388766,0.9324673083891352,323.2212747089155,629.9940332090272,0.06287560389218978,0.010988774710069094,-0.0,0.0,1759.557410872039,1766.9714504545434,0.0
skillnet:alfworld-clean-object,all_alfworld,late,True,-5.257868754836562e-05,0.16024291183531245,0.38432511049939616,-0.06978935773449063,3.6587661336536055,7.986576861399083,51.85819326295443,0.9122090299436652,320.30804406528273,593.7252692868816,0.06863973292047995,0.011826845340841654,-0.5,0.0,1697.5412667074195,1733.7800793091667,0.0
skillnet:alfworld-device-operator,all_alfworld,all,True,0.00026340333261835484,0.12375216001683916,0.2756067145156541,-0.17197406116975625,3.033315625249969,6.742650468897375,46.815169861598044,0.8044025987756919,277.67480453383047,498.9822420607902,0.12827087310448557,0.021666235937800465,-0.0,0.0,1469.668832410384,1362.8393869706342,-0.03389830508474576
skillnet:alfworld-device-operator,all_alfworld,initial,True,0.00013041666686946197,0.24721393701663955,0.5108678541569686,0.06983936854489221,2.8622719794511795,7.10386461019516,53.90188384056091,0.798004861921072,331.05913148931603,535.4526646203861,0.2126417937196557,0.015438155014071487,-0.09090909090909091,0.0,1545.835792896669,1635.4978037025946,-0.045454545454545456
skillnet:alfworld-device-operator,all_alfworld,early,True,0.0001364993652207944,0.163979289584911,0.3660965196330514,-0.07398253833898992,2.9531469316367644,6.718546183712511,47.83147981942418,0.7827007389930357,295.89447348604426,513.7825521497539,0.1337986375651269,0.017804703346267138,-0.0,0.0,1742.851996623318,1592.1183881055247,0.0
skillnet:alfworld-device-operator,all_alfworld,middle,True,0.0004365279549807873,0.10213147457496255,0.2515139381811839,-0.22470987061055347,3.0641231801058795,6.721195164242307,46.45241064123205,0.8098275067032994,277.7840939764915,515.1636003222516,0.12373617335164454,0.022640968526549506,0.2857142857142857,0.0,1288.9643961565414,1251.4394236563255,-0.14285714285714285
skillnet:alfworld-device-operator,all_alfworld,late,True,0.0002168918179861128,0.1255270339776862,0.27179628043797904,-0.16661016618206834,3.0387280918985518,6.742929736889702,46.623629253980354,0.8057222618035906,275.078762299591,491.39565545778527,0.12789601915226562,0.021781674143546422,-0.0,0.0,1506.65124804942,1376.2755093247895,0.0
skillnet:alfworld-heat-object-with-appliance,all_alfworld,all,True,-1.6075953560311154e-05,0.23099763096521225,0.37217976131179076,0.01377081802153609,2.921028867159804,6.888789222665029,47.512492088422384,0.6988809312859626,294.1447714304502,547.7051827541817,0.06817217870357982,0.014930160773896011,-0.09375,0.0,1747.2347072311175,1741.6137055570402,-0.015625
skillnet:alfworld-heat-object-with-appliance,all_alfworld,initial,False,,,,,,,,,,,,,,0.0,,,
skillnet:alfworld-heat-object-with-appliance,all_alfworld,early,True,-7.767680502759695e-05,0.4260789614231707,0.5902857058141341,0.3144978141151853,2.8940375910864935,7.061058521270752,49.27049891153971,0.6943680114216275,301.2835447794038,575.4844741010145,0.09614365821800049,0.02095522978467361,-0.07692307692307693,0.0,1996.3955888973985,1794.1922075097948,-0.07692307692307693
skillnet:alfworld-heat-object-with-appliance,all_alfworld,middle,True,-9.621680002260082e-05,0.23476582920332764,0.4209928979113117,0.10317562747952419,2.9835086119802376,6.976863723052175,47.77097541407535,0.6991747005989677,296.1942922936321,550.0775980042715,0.057503580645976375,0.012144679801778867,-0.16666666666666666,0.0,1723.53921825448,1668.2077223183883,0.0
skillnet:alfworld-heat-object-with-appliance,all_alfworld,late,True,2.087777146865357e-05,0.21226092429547028,0.3336983955673001,-0.047975966677848335,2.8995004952555954,6.839322003451261,47.253457464353005,0.6991784367898498,292.70762357130667,544.3154016030753,0.06989208638588303,0.015492260211612839,-0.0,0.0,1734.5110868288473,1765.8204162398047,0.07142857142857142
skillnet:alfworld-inventory-management,all_alfworld,all,False,,,,,,,,,,,,,-0.0,0.0,,,0.0
skillnet:alfworld-inventory-management,all_alfworld,initial,False,,,,,,,,,,,,,,0.0,,,
skillnet:alfworld-inventory-management,all_alfworld,early,False,,,,,,,,,,,,,-0.0,0.0,,,0.0
skillnet:alfworld-inventory-management,all_alfworld,middle,False,,,,,,,,,,,,,,0.0,,,
skillnet:alfworld-inventory-management,all_alfworld,late,False,,,,,,,,,,,,,,0.0,,,
skillnet:alfworld-locate-target-object,all_alfworld,all,True,-0.0001571164915468322,0.0,0.2901691559314728,0.0018210737336178302,2.4534151554107666,6.581350803375244,45.669437408447266,0.7029407620429993,282.13304150566177,551.3643653469798,0.18581453976250828,0.0416727950000908,-0.0,0.0,2042.1679247926193,1927.582079593907,0.0
skillnet:alfworld-locate-target-object,all_alfworld,initial,False,,,,,,,,,,,,,-0.0,0.0,,,0.0
skillnet:alfworld-locate-target-object,all_alfworld,early,True,-0.0001571164915468322,0.0,0.2901691559314728,0.0018210737336178302,2.4534151554107666,6.581350803375244,45.669437408447266,0.7029407620429993,282.13304150566177,551.3643653469798,0.18581453976250828,0.0416727950000908,,0.0,2042.1679247926193,1927.582079593907,
skillnet:alfworld-locate-target-object,all_alfworld,middle,False,,,,,,,,,,,,,,0.0,,,
skillnet:alfworld-locate-target-object,all_alfworld,late,False,,,,,,,,,,,,,,0.0,,,
skillnet:alfworld-object-cooler,all_alfworld,all,True,-7.293014688933112e-05,0.22215805108035508,0.4032055456719201,0.10438864650504043,3.0632247379302977,7.142370904541016,48.388478161621094,0.680766838645935,301.077978242567,510.61146133139835,0.0642068662721797,0.012738677848381607,-0.09523809523809523,0.0,1569.5983154939236,1563.2271279759084,0.07142857142857142
skillnet:alfworld-object-cooler,all_alfworld,initial,False,,,,,,,,,,,,,,0.0,,,
skillnet:alfworld-object-cooler,all_alfworld,early,True,9.623797919408456e-05,0.23871194231566037,0.4258018298514163,0.10105162809675236,3.053253280489068,7.085617943813927,47.950484125237715,0.6799931369329754,297.32487937263824,528.7512680748187,0.04181022047614567,0.009001167040280268,-0.2222222222222222,0.0,1657.0767901573747,1498.0430712352738,0.1111111111111111
skillnet:alfworld-object-cooler,all_alfworld,middle,True,-9.131032281582184e-05,0.19961480716179694,0.3960226980429229,0.07157133470189984,3.0533879343068824,7.094482487852469,48.56911353345187,0.6774475083411114,301.5697313966158,526.7904302728881,0.06039378059921137,0.011692723550453732,0.16666666666666666,0.0,1623.055106723981,1592.767763228871,0.08333333333333333
skillnet:alfworld-object-cooler,all_alfworld,late,True,-8.158742015259634e-05,0.22897108477937556,0.4037949421014114,0.11681144830724044,3.0677643808249,7.165200041833325,48.36026028606379,0.6820686474860271,301.2390355193139,502.9811133828103,0.06765961047387277,0.013466127036248289,-0.16666666666666666,0.0,1541.8723962271474,1558.2699654142186,0.0
skillnet:alfworld-object-disposer,all_alfworld,all,False,,,,,,,,,,,,,-0.0,0.0,,,0.0
skillnet:alfworld-object-disposer,all_alfworld,initial,False,,,,,,,,,,,,,,0.0,,,
skillnet:alfworld-object-disposer,all_alfworld,early,False,,,,,,,,,,,,,-0.0,0.0,,,0.0
skillnet:alfworld-object-disposer,all_alfworld,middle,False,,,,,,,,,,,,,,0.0,,,
skillnet:alfworld-object-disposer,all_alfworld,late,False,,,,,,,,,,,,,,0.0,,,
skillnet:alfworld-object-heater,all_alfworld,all,True,7.688575734752784e-05,0.10597108594327784,0.3117603189565895,-0.17401373518242574,3.1679961681365967,7.688256788253784,54.90476913452149,0.7720212996006012,336.75486231582545,669.0050938485064,0.04546601746450105,0.011840194978885301,0.1111111111111111,0.0,1696.565471483114,1882.6510794150206,-0.05555555555555555
skillnet:alfworld-object-heater,all_alfworld,initial,False,,,,,,,,,,,,,,0.0,,,
skillnet:alfworld-object-heater,all_alfworld,early,True,8.546187755732679e-05,0.09894224690466893,0.321309735886564,-0.10385459800001243,3.122577879163954,7.59540499581231,54.4348021613227,0.7692696253458658,334.10648625934954,640.5256489068729,0.043059808685956553,0.011195361606378783,-0.0,0.0,1707.3400086854979,1850.4436893409656,0.0
skillnet:alfworld-object-heater,all_alfworld,middle,True,-1.8586191242626251e-06,0.1705086080250505,0.2240793089631876,-0.8182021765845839,3.576760768890381,8.52392292022705,59.13447189331055,0.796786367893219,361.07176974346726,930.4981792216845,0.06755938897659153,0.017760937762808796,0.25,0.0,1597.6356298975893,2178.3734791858933,-0.125
skillnet:alfworld-object-heater,all_alfworld,late,False,,,,,,,,,,,,,-0.0,0.0,,,0.0
skillnet:alfworld-object-picker,all_alfworld,all,True,-5.560080936566062e-05,0.17652316536716658,0.2731982342418848,-0.018633822864497294,2.833518409729004,6.28835428237915,40.723801879882814,0.5667145490646363,254.53468994797723,456.4016574627202,0.06509554579761549,0.013662703741314886,-0.0,0.0,1743.6003523933678,1540.6624095376478,0.0
skillnet:alfworld-object-picker,all_alfworld,initial,False,,,,,,,,,,,,,,0.0,,,
skillnet:alfworld-object-picker,all_alfworld,early,True,-7.399475387382334e-05,0.16549109153629474,0.25554970215782574,-0.03142828382910867,2.794641767229353,6.139897573561895,39.92709659394764,0.5580608589308602,248.98469526924492,447.40257105592747,0.06502555384662483,0.013941554134079479,-0.0,0.0,1738.8492023545032,1522.5635178180098,-0.125
skillnet:alfworld-object-picker,all_alfworld,middle,True,0.000607520294877153,0.0019318339412878391,0.03061299926407107,-0.565629847705831,3.0382440090179443,6.133498191833496,37.20693588256836,0.6223112344741821,237.60974315425372,418.87836531348063,0.09424545729177505,0.01079659875828075,-0.0,0.0,1677.6302422086935,1453.361145156585,0.5
skillnet:alfworld-object-picker,all_alfworld,late,True,-0.00014741589142718096,0.30745604459319015,0.4707248138749712,0.24518263519594768,3.0374130407969155,7.379169940948486,47.47302754720052,0.6087581515312195,297.35901187041196,529.1155834969038,0.05609252043242583,0.0127189189694591,-0.0,0.0,1796.9921222147518,1690.75036727606,0.0
skillnet:alfworld-object-placer,all_alfworld,all,True,-2.0957442878733445e-05,0.27719667848634855,0.49522310556373134,0.18927435533053577,2.8657114467990232,6.773574245647645,44.50003891259852,0.6457673608469712,275.7972694599598,522.1876456874885,0.07154567425119833,0.015165558958181216,0.2608695652173913,0.0,1626.6312904227295,1562.0822707019615,0.15217391304347827
skillnet:alfworld-object-placer,all_alfworld,initial,True,-0.00025114307613288505,0.15194601705862032,0.6669537462939483,0.17422569813728445,2.7431280612945557,6.756764709949493,47.68264842033386,0.667751844972372,288.47039556175156,544.9696833340113,0.05676474349700377,0.011354840258621952,0.6666666666666666,0.0,1577.712104966046,1714.0657834298825,-0.16666666666666666
skillnet:alfworld-object-placer,all_alfworld,early,True,-4.7530481819658445e-05,0.2088231050887053,0.3926947906589387,0.03966340350298936,2.705492560825651,6.517259567502945,43.28134282430013,0.6509590442218478,268.3131377859812,538.3092444625411,0.05337531539796237,0.011149061076722222,0.25,0.0,1695.5545951317956,1664.648811723401,0.375
skillnet:alfworld-object-placer,all_alfworld,middle,True,-5.489725136530916e-06,0.25247606155995095,0.4595552950149799,0.10390472212913551,2.8539960227271384,6.768559378246929,44.54991206087807,0.6437643388676089,275.633648168589,539.7319602426705,0.07459092913033824,0.015645902867715285,0.3,0.0,1621.2202746841924,1565.7290974949067,0.15
skillnet:alfworld-object-placer,all_alfworld,late,True,-2.0329044596355083e-05,0.29201954462641,0.5113714849377876,0.2275997783752837,2.8845821644397494,6.795740219469512,44.516295269523305,0.6455645471699396,276.1977470070636,515.0717867633064,0.0721365884241166,0.015366020417099545,-0.0,0.0,1624.0815794182845,1551.0448929758038,0.16666666666666666
skillnet:alfworld-object-retriever,all_alfworld,all,False,,,,,,,,,,,,,0.06666666666666667,0.0,,,0.0
skillnet:alfworld-object-retriever,all_alfworld,initial,False,,,,,,,,,,,,,-0.0,0.0,,,0.0
skillnet:alfworld-object-retriever,all_alfworld,early,False,,,,,,,,,,,,,0.07692307692307693,0.0,,,0.0
skillnet:alfworld-object-retriever,all_alfworld,middle,False,,,,,,,,,,,,,,0.0,,,
skillnet:alfworld-object-retriever,all_alfworld,late,False,,,,,,,,,,,,,,0.0,,,
skillnet:alfworld-object-state-inspector,all_alfworld,all,True,-2.957203417729145e-05,0.23405413687335308,0.4041337429408119,-0.07216030610634183,3.251103425683234,7.100248185016756,47.37698718001669,0.7652043444769723,295.0402112981616,551.0921975167956,0.08896419793104762,0.01774240334391375,0.1111111111111111,0.0,1568.0217033989,1592.8713173256851,0.1388888888888889
skillnet:alfworld-object-state-inspector,all_alfworld,initial,True,-9.009404439960203e-05,0.07035070518855369,0.2587702397678787,-0.3720028164286487,3.0561098754405975,7.090212523937225,51.29889106750488,0.7813202887773514,310.80770021468743,601.5881667556864,0.03605401854430148,0.006375633090493769,-0.0,0.0,1301.9115587105002,1514.9641293026464,-0.05
skillnet:alfworld-object-state-inspector,all_alfworld,early,True,3.60770081727943e-05,0.2337753424171923,0.3754705037651627,-0.12841378086427613,3.2639463618397713,7.085951015353203,47.126047134399414,0.7679481953382492,291.99470001040174,558.4473724442167,0.0663210052771534,0.01202811116184441,0.2857142857142857,0.0,1604.6000600066525,1618.3112849727331,0.42857142857142855
skillnet:alfworld-object-state-inspector,all_alfworld,middle,True,-5.0996144519233316e-05,0.26560614044423586,0.44431427110568766,0.030810315985575994,3.242024156451225,7.202458214759827,48.01627960205078,0.7750907100737094,299.9852122929838,544.5301668526533,0.09865275015492937,0.018929072163716174,-0.0,0.0,1577.399408598105,1574.7830899685036,0.0
skillnet:alfworld-object-state-inspector,all_alfworld,late,True,-2.9524344822637184e-05,0.22918014916842228,0.39960269848983226,-0.08743538984633938,3.2578249883480823,7.072868229240499,47.11000315348307,0.7615927314672846,293.62661867821254,550.8944458112343,0.09006392112195209,0.018323794803556722,,0.0,1567.636156326052,1596.918053662943,
skillnet:alfworld-object-storer,all_alfworld,all,True,3.2539762907676745e-05,0.09384722665245915,0.27780085224341367,-0.16473118877418413,2.9152832252463114,7.046464457954328,45.57186779533465,0.6787891295767322,282.6803436454475,499.75966074284514,0.09490949278089425,0.022618632830433513,0.05555555555555555,0.0,1744.2813482745216,1655.6188497805458,0.0
skillnet:alfworld-object-storer,all_alfworld,initial,False,,,,,,,,,,,,,,0.0,,,
skillnet:alfworld-object-storer,all_alfworld,early,True,-0.000132040893357877,0.10837197849910513,0.22187598655713278,-0.23126286223327408,2.849617140633719,7.182104519435337,46.33236585344587,0.680793992110661,285.7775617359042,476.44883579777144,0.09785511844140776,0.02414154903816701,0.125,0.0,1690.7472026996852,1676.5123401387573,0.1875
skillnet:alfworld-object-storer,all_alfworld,middle,True,-5.087418613260254e-05,0.12233567980433405,0.3442925767624471,0.027823898942099894,2.900621109538608,7.120239999559191,45.41089757283529,0.6805130011505551,280.828163274126,488.4940170501376,0.09307052799622977,0.02253178895363342,-0.0,0.0,1709.3175862350581,1634.2735155983094,-0.16666666666666666
skillnet:alfworld-object-storer,all_alfworld,late,True,6.88694472249835e-05,0.08529271470696893,0.2661379137678944,-0.20732676532378974,2.925332956843906,7.01483334435357,45.538173039754234,0.6781632444924779,282.8629279705823,504.76635478182516,0.09510274430923348,0.022499843700211113,-0.0,0.0,1758.0810031716817,1659.0911169931467,-0.125
skillnet:alfworld-object-transporter,all_alfworld,all,False,,,,,,,,,,,,,-0.0,0.0,,,0.0
skillnet:alfworld-object-transporter,all_alfworld,initial,False,,,,,,,,,,,,,,0.0,,,
skillnet:alfworld-object-transporter,all_alfworld,early,False,,,,,,,,,,,,,,0.0,,,
skillnet:alfworld-object-transporter,all_alfworld,middle,False,,,,,,,,,,,,,,0.0,,,
skillnet:alfworld-object-transporter,all_alfworld,late,False,,,,,,,,,,,,,-0.0,0.0,,,0.0
skillnet:alfworld-receptacle-closer,all_alfworld,all,True,-3.30418199990583e-05,0.39665681368343364,0.5528957633034135,0.26122362576178615,3.240159034729004,8.477548599243164,58.82536315917969,0.7699556946754456,360.09228416782486,499.231818158204,0.0026059130789718877,0.0006183626453819325,0.2,0.0,1826.229118414434,1808.7888067385938,-0.1
skillnet:alfworld-receptacle-closer,all_alfworld,initial,False,,,,,,,,,,,,,,0.0,,,
skillnet:alfworld-receptacle-closer,all_alfworld,early,False,,,,,,,,,,,,,,0.0,,,
skillnet:alfworld-receptacle-closer,all_alfworld,middle,True,-3.30418199990583e-05,0.39665681368343364,0.5528957633034135,0.26122362576178615,3.240159034729004,8.477548599243164,58.82536315917969,0.7699556946754456,360.09228416782486,499.231818158204,0.0026059130789718877,0.0006183626453819325,0.25,0.0,1826.229118414434,1808.7888067385938,-0.125
skillnet:alfworld-receptacle-closer,all_alfworld,late,False,,,,,,,,,,,,,-0.0,0.0,,,0.0
skillnet:alfworld-receptacle-finder,all_alfworld,all,True,0.0002948146758230877,0.06596277731422154,0.1727686585790601,-0.3356402840419591,2.9018454551696777,6.798250791543128,45.57755661010742,0.7105699137518906,267.91562297908996,475.3107807334803,0.15534791638046955,0.02494770383014171,0.1,0.0,1628.5238182494058,1518.018181875311,0.1
skillnet:alfworld-receptacle-finder,all_alfworld,initial,True,0.000414258117575514,0.1460681414001001,0.36047088793913773,-0.013157664938940964,2.9235552474856377,7.321061998605728,53.37484264373779,0.7413292434066534,288.1706142998837,488.46424061389285,0.11818675409653498,0.02471194056857106,0.3333333333333333,0.0,1167.4774146375964,1246.138234157755,0.16666666666666666
skillnet:alfworld-receptacle-finder,all_alfworld,early,True,0.0001225439393106673,0.16338229632393753,0.2780687378519115,-0.0762967914080081,2.7870430374145507,6.5834965133667,44.99175735473633,0.6808065485954284,275.3062703909495,513.4586503680152,0.09622034170847435,0.012508585673529991,-0.0,0.0,1942.3370680725975,1749.5652700415567,0.0
skillnet:alfworld-receptacle-finder,all_alfworld,middle,True,0.0001772356876342704,0.05436931823152345,0.1511020255737506,-0.44155413021131296,2.9274678929098723,6.742406055845064,45.272509081610316,0.7084552779279906,279.00405167953465,545.4989878401583,0.13575240047939333,0.01888331817787827,-0.0,0.0,1876.0979387555763,1683.835480060489,0.0
skillnet:alfworld-receptacle-finder,all_alfworld,late,True,0.0003302079520050601,0.04928910828369596,0.14600906848226908,-0.373258166597703,2.9072444258878627,6.799515751500924,45.09620849291483,0.7125208706905445,262.13122824804435,452.1831130220466,0.17084258222832624,0.027864834471694914,-0.0,0.0,1582.2543289698979,1480.6331738848633,0.1
skillnet:alfworld-receptacle-navigator,all_alfworld,all,False,,,,,,,,,,,,,-0.0,0.0,,,0.0
skillnet:alfworld-receptacle-navigator,all_alfworld,initial,False,,,,,,,,,,,,,,0.0,,,
skillnet:alfworld-receptacle-navigator,all_alfworld,early,False,,,,,,,,,,,,,-0.0,0.0,,,0.0
skillnet:alfworld-receptacle-navigator,all_alfworld,middle,False,,,,,,,,,,,,,,0.0,,,
skillnet:alfworld-receptacle-navigator,all_alfworld,late,False,,,,,,,,,,,,,,0.0,,,
skillnet:alfworld-receptacle-opener,all_alfworld,all,True,-2.1103690324260775e-05,0.018666250169437928,0.058303590357781106,0.03863089154017158,2.6703023543724647,6.112462483919584,45.543138650747444,0.5642546644577613,281.6305575982731,499.0071026074816,0.0700155004868674,0.014057662008398393,-0.0,0.0,1757.476907980198,1737.1769412565122,0.0
skillnet:alfworld-receptacle-opener,all_alfworld,initial,False,,,,,,,,,,,,,,0.0,,,
skillnet:alfworld-receptacle-opener,all_alfworld,early,False,,,,,,,,,,,,,-0.0,0.0,,,0.0
skillnet:alfworld-receptacle-opener,all_alfworld,middle,True,0.0,0.0,0.0,-0.0,2.8032593727111816,6.1570212841033936,48.31453323364258,0.5966669321060181,298.2361404558961,569.7446615467917,0.04540854477263984,0.006639612498983868,-0.0,0.0,2002.6794048072295,1744.5134630897528,0.0
skillnet:alfworld-receptacle-opener,all_alfworld,late,True,-2.475944770326657e-05,0.021899773820836625,0.06840342490794789,0.04532285700382335,2.6461283510381524,6.104360883886164,45.039248726584695,0.558361524885351,278.75399993789756,486.75335224004203,0.07427812273657611,0.015342678458848149,-0.0,0.0,1715.0008849077988,1735.9060477105963,0.0
skillnet:alfworld-receptacle-operator,all_alfworld,all,True,-6.137135035760918e-05,0.04718486294826565,0.09667565535682732,0.07242454416332023,2.893816614151001,6.672295989990235,48.25846893310547,0.6573175692558288,296.28375997870756,591.8865299058034,0.039501982179101044,0.008812615745986662,-0.14285714285714285,0.0,1726.621212284631,1718.4844204535202,0.0
skillnet:alfworld-receptacle-operator,all_alfworld,initial,False,,,,,,,,,,,,,,0.0,,,
skillnet:alfworld-receptacle-operator,all_alfworld,early,False,,,,,,,,,,,,,-0.0,0.0,,,0.25
skillnet:alfworld-receptacle-operator,all_alfworld,middle,True,0.0,0.0,0.0,-0.0,2.8712453842163086,6.694422245025635,47.566664377848305,0.6481095552444458,292.58750760874545,576.9380097138283,0.04802434456545164,0.010198024105269167,-0.3333333333333333,0.0,1579.6412851122427,1690.4190844855661,-0.16666666666666666
skillnet:alfworld-receptacle-operator,all_alfworld,late,True,-8.0976087277401e-05,0.06225780527896162,0.1275581563735916,0.0955601624377142,2.900944370972483,6.665308751558003,48.47693352950247,0.6602253631541604,297.4645072635566,596.6617516337955,0.03677956086123905,0.008370054742326972,-0.0,0.0,1773.5731334646994,1727.4497361099498,0.0
skillnet:alfworld-receptacle-searcher,all_alfworld,all,False,,,,,,,,,,,,,-0.0,0.0,,,-0.25
skillnet:alfworld-receptacle-searcher,all_alfworld,initial,False,,,,,,,,,,,,,-0.0,0.0,,,-0.25
skillnet:alfworld-receptacle-searcher,all_alfworld,early,False,,,,,,,,,,,,,,0.0,,,
skillnet:alfworld-receptacle-searcher,all_alfworld,middle,False,,,,,,,,,,,,,,0.0,,,
skillnet:alfworld-receptacle-searcher,all_alfworld,late,False,,,,,,,,,,,,,,0.0,,,
skillnet:alfworld-storage-explorer,all_alfworld,all,True,-4.18843906644092e-05,0.1710428832906386,0.35367682118794874,0.06668266337915234,2.7561340231931846,6.704238343784827,45.94196540405429,0.6307889509367882,285.6828914438974,589.4991065501141,0.08419749459136958,0.020465196733085785,0.045454545454545456,0.0,1674.7081524130688,1799.1909593633654,0.03409090909090909
skillnet:alfworld-storage-explorer,all_alfworld,initial,True,0.00022727353320716598,0.14765848449841645,0.3844966429991634,0.06446846281796881,2.4492636024951935,7.01558244228363,51.64298367500305,0.6404672563076019,316.00797570763984,593.933697677135,0.07778022253589435,0.017441402418547747,-0.0,0.0,1502.785091206031,1793.4441792380621,0.10869565217391304
skillnet:alfworld-storage-explorer,all_alfworld,early,True,8.735332601942063e-06,0.1764396963460026,0.29703399307236283,-0.05991887316925212,2.7059094607830048,6.7586546173462505,45.985938182243935,0.6111849875977406,285.35296551415166,568.1277478995842,0.09280072659284955,0.020545464634789696,0.1111111111111111,0.0,1719.786883746367,1730.5671014007671,-0.05555555555555555
skillnet:alfworld-storage-explorer,all_alfworld,middle,True,-2.0148710032970144e-05,0.1702399927726013,0.33385748876850696,0.029547159453289045,2.7878887479224903,6.728412692466478,46.20581620462825,0.6372189910224314,287.2032191575895,585.9433649198019,0.07848485186933292,0.01958315830740121,-0.0,0.0,1709.9406849441186,1815.84261973932,0.0
skillnet:alfworld-storage-explorer,all_alfworld,late,True,-6.756916200509997e-05,0.17088835080062054,0.37155214639371925,0.10600191003944927,2.765316277742386,6.673615737039535,45.6494348635439,0.6323041398017133,284.3534557947667,595.0145535428236,0.08470846620265755,0.02085422940702371,-0.0,0.0,1657.4888247317765,1807.2309860759221,0.0
skillnet:alfworld-temperature-regulator,all_alfworld,all,True,0.00022934087408502858,0.14996664584914252,0.2525143044853641,-0.33296458376921606,3.386264443397522,8.084832549095154,54.97857666015625,0.8169478178024292,345.8392578290242,686.1945754720311,0.11986613347959106,0.022733926478418858,-0.0,0.0,1373.3422681224804,1399.6737488672452,0.08333333333333333
skillnet:alfworld-temperature-regulator,all_alfworld,initial,False,,,,,,,,,,,,,,0.0,,,
skillnet:alfworld-temperature-regulator,all_alfworld,early,False,,,,,,,,,,,,,,0.0,,,
skillnet:alfworld-temperature-regulator,all_alfworld,middle,True,0.000314617707765985,0.05602551533427627,0.1599231325738884,-0.8384453025300235,3.380232095718384,8.52327585220337,58.90944480895996,0.7866685390472412,368.50485256427066,871.5576520426378,0.1406406373280819,0.02516145704765434,-0.0,0.0,1181.3943463392068,1341.065047532099,-0.25
skillnet:alfworld-temperature-regulator,all_alfworld,late,True,0.00012629803338720633,0.2634788452212726,0.3643953038783972,0.2778246180667597,3.39229679107666,7.6463892459869385,51.04770851135254,0.8472270965576172,318.45166419060143,462.2141912825482,0.09476360799599798,0.019800660373925968,-0.0,0.0,1605.2793402772688,1470.4925963138805,0.25
skillnet:alfworld-tool-locator,all_alfworld,all,False,,,,,,,,,,,,,0.25,0.0,,,0.0
skillnet:alfworld-tool-locator,all_alfworld,initial,False,,,,,,,,,,,,,,0.0,,,
skillnet:alfworld-tool-locator,all_alfworld,early,False,,,,,,,,,,,,,0.25,0.0,,,0.0
skillnet:alfworld-tool-locator,all_alfworld,middle,False,,,,,,,,,,,,,,0.0,,,
skillnet:alfworld-tool-locator,all_alfworld,late,False,,,,,,,,,,,,,,0.0,,,
