control,threshold,score,nonzero_change_skills,decline_skills,increase_skills,correct_declines,correct_increases,abstentions,accuracy_abstention_wrong,balanced_accuracy_abstention_wrong,always_increase_accuracy,always_decline_accuracy
placebo,0.0,D_signed::token::reward,12,5,7,2,3,0,0.4166666666666667,0.41428571428571426,0.5833333333333334,0.4166666666666667
placebo,0.0,D_signed::token::unsigned,12,5,7,1,5,0,0.5,0.4571428571428572,0.5833333333333334,0.4166666666666667
placebo,0.0,D_signed_gate::token::reward,12,5,7,2,3,0,0.4166666666666667,0.41428571428571426,0.5833333333333334,0.4166666666666667
placebo,0.0,D_signed_gate::token::unsigned,12,5,7,2,5,0,0.5833333333333334,0.5571428571428572,0.5833333333333334,0.4166666666666667
placebo,0.0,D_sign_balance::token::reward,12,5,7,2,3,0,0.4166666666666667,0.41428571428571426,0.5833333333333334,0.4166666666666667
placebo,0.0,D_sign_balance::token::unsigned,12,5,7,1,5,0,0.5,0.4571428571428572,0.5833333333333334,0.4166666666666667
placebo,0.0,D_adv::token::reward,12,5,7,2,4,0,0.5,0.4857142857142857,0.5833333333333334,0.4166666666666667
placebo,0.0,D_adv::token::unsigned,12,5,7,1,5,0,0.5,0.4571428571428572,0.5833333333333334,0.4166666666666667
placebo,0.0,D_adv_gate::token::reward,12,5,7,2,5,0,0.5833333333333334,0.5571428571428572,0.5833333333333334,0.4166666666666667
placebo,0.0,D_adv_gate::token::unsigned,12,5,7,2,5,0,0.5833333333333334,0.5571428571428572,0.5833333333333334,0.4166666666666667
placebo,0.0,D_sqrtadv::token::reward,12,5,7,2,3,0,0.4166666666666667,0.41428571428571426,0.5833333333333334,0.4166666666666667
placebo,0.0,D_sqrtadv::token::unsigned,12,5,7,1,5,0,0.5,0.4571428571428572,0.5833333333333334,0.4166666666666667
placebo,0.0,D_work::token::reward,12,5,7,0,6,0,0.5,0.42857142857142855,0.5833333333333334,0.4166666666666667
placebo,0.0,D_work::token::unsigned,12,5,7,2,6,0,0.6666666666666666,0.6285714285714286,0.5833333333333334,0.4166666666666667
placebo,0.0,D_work_gate::token::reward,12,5,7,1,7,0,0.6666666666666666,0.6,0.5833333333333334,0.4166666666666667
placebo,0.0,D_work_gate::token::unsigned,12,5,7,1,7,0,0.6666666666666666,0.6,0.5833333333333334,0.4166666666666667
placebo,0.0,D_cos_raw::token::reward,12,5,7,2,3,0,0.4166666666666667,0.41428571428571426,0.5833333333333334,0.4166666666666667
placebo,0.0,D_cos_raw::token::unsigned,12,5,7,1,7,0,0.6666666666666666,0.6,0.5833333333333334,0.4166666666666667
placebo,0.0,D_cos_centered::token::reward,12,5,7,2,3,0,0.4166666666666667,0.41428571428571426,0.5833333333333334,0.4166666666666667
placebo,0.0,D_cos_centered::token::unsigned,12,5,7,1,5,0,0.5,0.4571428571428572,0.5833333333333334,0.4166666666666667
placebo,0.0,D_cos_centered_gate::token::reward,12,5,7,2,3,0,0.4166666666666667,0.41428571428571426,0.5833333333333334,0.4166666666666667
placebo,0.0,D_cos_centered_gate::token::unsigned,12,5,7,2,6,0,0.6666666666666666,0.6285714285714286,0.5833333333333334,0.4166666666666667
placebo,0.0,D_cos_adv::token::reward,12,5,7,2,5,0,0.5833333333333334,0.5571428571428572,0.5833333333333334,0.4166666666666667
placebo,0.0,D_cos_adv::token::unsigned,12,5,7,1,5,0,0.5,0.4571428571428572,0.5833333333333334,0.4166666666666667
placebo,0.0,D_soft::token::reward,12,5,7,2,3,0,0.4166666666666667,0.41428571428571426,0.5833333333333334,0.4166666666666667
placebo,0.0,D_soft::token::unsigned,12,5,7,3,5,0,0.6666666666666666,0.6571428571428571,0.5833333333333334,0.4166666666666667
placebo,0.0,D_soft_cos::token::reward,12,5,7,2,3,0,0.4166666666666667,0.41428571428571426,0.5833333333333334,0.4166666666666667
placebo,0.0,D_soft_cos::token::unsigned,12,5,7,3,5,0,0.6666666666666666,0.6571428571428571,0.5833333333333334,0.4166666666666667
placebo,0.0,D_sigmoid::token::reward,12,5,7,2,3,0,0.4166666666666667,0.41428571428571426,0.5833333333333334,0.4166666666666667
placebo,0.0,D_sigmoid::token::unsigned,12,5,7,2,5,0,0.5833333333333334,0.5571428571428572,0.5833333333333334,0.4166666666666667
placebo,0.0,D_tauC_q25::token::reward,12,5,7,2,3,0,0.4166666666666667,0.41428571428571426,0.5833333333333334,0.4166666666666667
placebo,0.0,D_tauC_q25::token::unsigned,12,5,7,2,5,0,0.5833333333333334,0.5571428571428572,0.5833333333333334,0.4166666666666667
placebo,0.0,D_tauC_q50::token::reward,12,5,7,2,2,0,0.3333333333333333,0.34285714285714286,0.5833333333333334,0.4166666666666667
placebo,0.0,D_tauC_q50::token::unsigned,12,5,7,3,5,0,0.6666666666666666,0.6571428571428571,0.5833333333333334,0.4166666666666667
placebo,0.0,D_tauC_q75::token::reward,12,5,7,2,2,0,0.3333333333333333,0.34285714285714286,0.5833333333333334,0.4166666666666667
placebo,0.0,D_tauC_q75::token::unsigned,12,5,7,3,5,0,0.6666666666666666,0.6571428571428571,0.5833333333333334,0.4166666666666667
placebo,0.0,D_delta_q25::token::reward,12,5,7,2,3,0,0.4166666666666667,0.41428571428571426,0.5833333333333334,0.4166666666666667
placebo,0.0,D_delta_q25::token::unsigned,12,5,7,1,5,0,0.5,0.4571428571428572,0.5833333333333334,0.4166666666666667
placebo,0.0,D_delta_q50::token::reward,12,5,7,1,3,0,0.3333333333333333,0.3142857142857143,0.5833333333333334,0.4166666666666667
placebo,0.0,D_delta_q50::token::unsigned,12,5,7,2,5,0,0.5833333333333334,0.5571428571428572,0.5833333333333334,0.4166666666666667
placebo,0.0,D_delta_q75::token::reward,12,5,7,1,3,0,0.3333333333333333,0.3142857142857143,0.5833333333333334,0.4166666666666667
placebo,0.0,D_delta_q75::token::unsigned,12,5,7,2,5,0,0.5833333333333334,0.5571428571428572,0.5833333333333334,0.4166666666666667
placebo,0.0,D_winsor::token::reward,12,5,7,2,3,0,0.4166666666666667,0.41428571428571426,0.5833333333333334,0.4166666666666667
placebo,0.0,D_winsor::token::unsigned,12,5,7,1,5,0,0.5,0.4571428571428572,0.5833333333333334,0.4166666666666667
placebo,0.0,D_tanh::token::reward,12,5,7,2,3,0,0.4166666666666667,0.41428571428571426,0.5833333333333334,0.4166666666666667
placebo,0.0,D_tanh::token::unsigned,12,5,7,1,5,0,0.5,0.4571428571428572,0.5833333333333334,0.4166666666666667
placebo,0.0,D_action_sign::token::reward,12,5,7,1,6,0,0.5833333333333334,0.5285714285714286,0.5833333333333334,0.4166666666666667
placebo,0.0,D_action_sign::token::unsigned,12,5,7,5,0,0,0.4166666666666667,0.5,0.5833333333333334,0.4166666666666667
placebo,0.0,D_action_adv::token::reward,12,5,7,1,7,0,0.6666666666666666,0.6,0.5833333333333334,0.4166666666666667
placebo,0.0,D_action_adv::token::unsigned,12,5,7,5,0,0,0.4166666666666667,0.5,0.5833333333333334,0.4166666666666667
placebo,0.0,D_action_adv_clip::token::reward,12,5,7,1,7,0,0.6666666666666666,0.6,0.5833333333333334,0.4166666666666667
placebo,0.0,D_action_adv_clip::token::unsigned,12,5,7,5,0,0,0.4166666666666667,0.5,0.5833333333333334,0.4166666666666667
placebo,0.0,D_ratio_adv::token::reward,12,5,7,1,7,0,0.6666666666666666,0.6,0.5833333333333334,0.4166666666666667
placebo,0.0,D_ratio_adv::token::unsigned,12,5,7,5,0,0,0.4166666666666667,0.5,0.5833333333333334,0.4166666666666667
placebo,0.0,D_policy_action_adv::token::reward,12,5,7,0,7,0,0.5833333333333334,0.5,0.5833333333333334,0.4166666666666667
placebo,0.0,D_policy_action_adv::token::unsigned,12,5,7,4,0,0,0.3333333333333333,0.4,0.5833333333333334,0.4166666666666667
placebo,0.0,D_reward_only::token::reward,12,5,7,2,1,0,0.25,0.27142857142857146,0.5833333333333334,0.4166666666666667
placebo,0.0,D_reward_only::token::unsigned,12,5,7,0,7,0,0.5833333333333334,0.5,0.5833333333333334,0.4166666666666667
placebo,0.0,D_signed::decision::reward,12,5,7,2,3,0,0.4166666666666667,0.41428571428571426,0.5833333333333334,0.4166666666666667
placebo,0.0,D_signed::decision::unsigned,12,5,7,1,5,0,0.5,0.4571428571428572,0.5833333333333334,0.4166666666666667
placebo,0.0,D_signed_gate::decision::reward,12,5,7,2,3,0,0.4166666666666667,0.41428571428571426,0.5833333333333334,0.4166666666666667
placebo,0.0,D_signed_gate::decision::unsigned,12,5,7,2,5,0,0.5833333333333334,0.5571428571428572,0.5833333333333334,0.4166666666666667
placebo,0.0,D_sign_balance::decision::reward,12,5,7,2,3,0,0.4166666666666667,0.41428571428571426,0.5833333333333334,0.4166666666666667
placebo,0.0,D_sign_balance::decision::unsigned,12,5,7,1,5,0,0.5,0.4571428571428572,0.5833333333333334,0.4166666666666667
placebo,0.0,D_adv::decision::reward,12,5,7,2,5,0,0.5833333333333334,0.5571428571428572,0.5833333333333334,0.4166666666666667
placebo,0.0,D_adv::decision::unsigned,12,5,7,1,5,0,0.5,0.4571428571428572,0.5833333333333334,0.4166666666666667
placebo,0.0,D_adv_gate::decision::reward,12,5,7,2,5,0,0.5833333333333334,0.5571428571428572,0.5833333333333334,0.4166666666666667
placebo,0.0,D_adv_gate::decision::unsigned,12,5,7,2,5,0,0.5833333333333334,0.5571428571428572,0.5833333333333334,0.4166666666666667
placebo,0.0,D_sqrtadv::decision::reward,12,5,7,2,3,0,0.4166666666666667,0.41428571428571426,0.5833333333333334,0.4166666666666667
placebo,0.0,D_sqrtadv::decision::unsigned,12,5,7,1,5,0,0.5,0.4571428571428572,0.5833333333333334,0.4166666666666667
placebo,0.0,D_work::decision::reward,12,5,7,0,7,0,0.5833333333333334,0.5,0.5833333333333334,0.4166666666666667
placebo,0.0,D_work::decision::unsigned,12,5,7,2,6,0,0.6666666666666666,0.6285714285714286,0.5833333333333334,0.4166666666666667
placebo,0.0,D_work_gate::decision::reward,12,5,7,1,7,0,0.6666666666666666,0.6,0.5833333333333334,0.4166666666666667
placebo,0.0,D_work_gate::decision::unsigned,12,5,7,1,7,0,0.6666666666666666,0.6,0.5833333333333334,0.4166666666666667
placebo,0.0,D_cos_raw::decision::reward,12,5,7,2,3,0,0.4166666666666667,0.41428571428571426,0.5833333333333334,0.4166666666666667
placebo,0.0,D_cos_raw::decision::unsigned,12,5,7,1,7,0,0.6666666666666666,0.6,0.5833333333333334,0.4166666666666667
placebo,0.0,D_cos_centered::decision::reward,12,5,7,2,3,0,0.4166666666666667,0.41428571428571426,0.5833333333333334,0.4166666666666667
placebo,0.0,D_cos_centered::decision::unsigned,12,5,7,1,5,0,0.5,0.4571428571428572,0.5833333333333334,0.4166666666666667
placebo,0.0,D_cos_centered_gate::decision::reward,12,5,7,2,3,0,0.4166666666666667,0.41428571428571426,0.5833333333333334,0.4166666666666667
placebo,0.0,D_cos_centered_gate::decision::unsigned,12,5,7,2,6,0,0.6666666666666666,0.6285714285714286,0.5833333333333334,0.4166666666666667
placebo,0.0,D_cos_adv::decision::reward,12,5,7,2,5,0,0.5833333333333334,0.5571428571428572,0.5833333333333334,0.4166666666666667
placebo,0.0,D_cos_adv::decision::unsigned,12,5,7,1,5,0,0.5,0.4571428571428572,0.5833333333333334,0.4166666666666667
placebo,0.0,D_soft::decision::reward,12,5,7,2,3,0,0.4166666666666667,0.41428571428571426,0.5833333333333334,0.4166666666666667
placebo,0.0,D_soft::decision::unsigned,12,5,7,3,5,0,0.6666666666666666,0.6571428571428571,0.5833333333333334,0.4166666666666667
placebo,0.0,D_soft_cos::decision::reward,12,5,7,2,3,0,0.4166666666666667,0.41428571428571426,0.5833333333333334,0.4166666666666667
placebo,0.0,D_soft_cos::decision::unsigned,12,5,7,3,5,0,0.6666666666666666,0.6571428571428571,0.5833333333333334,0.4166666666666667
placebo,0.0,D_sigmoid::decision::reward,12,5,7,2,3,0,0.4166666666666667,0.41428571428571426,0.5833333333333334,0.4166666666666667
placebo,0.0,D_sigmoid::decision::unsigned,12,5,7,2,5,0,0.5833333333333334,0.5571428571428572,0.5833333333333334,0.4166666666666667
placebo,0.0,D_tauC_q25::decision::reward,12,5,7,2,3,0,0.4166666666666667,0.41428571428571426,0.5833333333333334,0.4166666666666667
placebo,0.0,D_tauC_q25::decision::unsigned,12,5,7,2,5,0,0.5833333333333334,0.5571428571428572,0.5833333333333334,0.4166666666666667
placebo,0.0,D_tauC_q50::decision::reward,12,5,7,2,2,0,0.3333333333333333,0.34285714285714286,0.5833333333333334,0.4166666666666667
placebo,0.0,D_tauC_q50::decision::unsigned,12,5,7,3,5,0,0.6666666666666666,0.6571428571428571,0.5833333333333334,0.4166666666666667
placebo,0.0,D_tauC_q75::decision::reward,12,5,7,2,2,0,0.3333333333333333,0.34285714285714286,0.5833333333333334,0.4166666666666667
placebo,0.0,D_tauC_q75::decision::unsigned,12,5,7,3,4,0,0.5833333333333334,0.5857142857142856,0.5833333333333334,0.4166666666666667
placebo,0.0,D_delta_q25::decision::reward,12,5,7,2,3,0,0.4166666666666667,0.41428571428571426,0.5833333333333334,0.4166666666666667
placebo,0.0,D_delta_q25::decision::unsigned,12,5,7,1,5,0,0.5,0.4571428571428572,0.5833333333333334,0.4166666666666667
placebo,0.0,D_delta_q50::decision::reward,12,5,7,1,3,0,0.3333333333333333,0.3142857142857143,0.5833333333333334,0.4166666666666667
placebo,0.0,D_delta_q50::decision::unsigned,12,5,7,2,5,0,0.5833333333333334,0.5571428571428572,0.5833333333333334,0.4166666666666667
placebo,0.0,D_delta_q75::decision::reward,12,5,7,1,3,0,0.3333333333333333,0.3142857142857143,0.5833333333333334,0.4166666666666667
placebo,0.0,D_delta_q75::decision::unsigned,12,5,7,2,5,0,0.5833333333333334,0.5571428571428572,0.5833333333333334,0.4166666666666667
placebo,0.0,D_winsor::decision::reward,12,5,7,2,3,0,0.4166666666666667,0.41428571428571426,0.5833333333333334,0.4166666666666667
placebo,0.0,D_winsor::decision::unsigned,12,5,7,1,5,0,0.5,0.4571428571428572,0.5833333333333334,0.4166666666666667
placebo,0.0,D_tanh::decision::reward,12,5,7,2,3,0,0.4166666666666667,0.41428571428571426,0.5833333333333334,0.4166666666666667
placebo,0.0,D_tanh::decision::unsigned,12,5,7,1,5,0,0.5,0.4571428571428572,0.5833333333333334,0.4166666666666667
placebo,0.0,D_action_sign::decision::reward,12,5,7,1,5,0,0.5,0.4571428571428572,0.5833333333333334,0.4166666666666667
placebo,0.0,D_action_sign::decision::unsigned,12,5,7,5,0,0,0.4166666666666667,0.5,0.5833333333333334,0.4166666666666667
placebo,0.0,D_action_adv::decision::reward,12,5,7,1,7,0,0.6666666666666666,0.6,0.5833333333333334,0.4166666666666667
placebo,0.0,D_action_adv::decision::unsigned,12,5,7,5,0,0,0.4166666666666667,0.5,0.5833333333333334,0.4166666666666667
placebo,0.0,D_action_adv_clip::decision::reward,12,5,7,1,7,0,0.6666666666666666,0.6,0.5833333333333334,0.4166666666666667
placebo,0.0,D_action_adv_clip::decision::unsigned,12,5,7,5,0,0,0.4166666666666667,0.5,0.5833333333333334,0.4166666666666667
placebo,0.0,D_ratio_adv::decision::reward,12,5,7,1,7,0,0.6666666666666666,0.6,0.5833333333333334,0.4166666666666667
placebo,0.0,D_ratio_adv::decision::unsigned,12,5,7,5,1,0,0.5,0.5714285714285714,0.5833333333333334,0.4166666666666667
placebo,0.0,D_policy_action_adv::decision::reward,12,5,7,0,7,0,0.5833333333333334,0.5,0.5833333333333334,0.4166666666666667
placebo,0.0,D_policy_action_adv::decision::unsigned,12,5,7,5,0,0,0.4166666666666667,0.5,0.5833333333333334,0.4166666666666667
placebo,0.0,D_reward_only::decision::reward,12,5,7,2,2,0,0.3333333333333333,0.34285714285714286,0.5833333333333334,0.4166666666666667
placebo,0.0,D_reward_only::decision::unsigned,12,5,7,0,7,0,0.5833333333333334,0.5,0.5833333333333334,0.4166666666666667
placebo,0.0,D_signed::game::reward,12,5,7,2,6,0,0.6666666666666666,0.6285714285714286,0.5833333333333334,0.4166666666666667
placebo,0.0,D_signed::game::unsigned,12,5,7,1,5,0,0.5,0.4571428571428572,0.5833333333333334,0.4166666666666667
placebo,0.0,D_signed_gate::game::reward,12,5,7,3,5,0,0.6666666666666666,0.6571428571428571,0.5833333333333334,0.4166666666666667
placebo,0.0,D_signed_gate::game::unsigned,12,5,7,3,5,0,0.6666666666666666,0.6571428571428571,0.5833333333333334,0.4166666666666667
placebo,0.0,D_sign_balance::game::reward,12,5,7,2,4,0,0.5,0.4857142857142857,0.5833333333333334,0.4166666666666667
placebo,0.0,D_sign_balance::game::unsigned,12,5,7,1,5,0,0.5,0.4571428571428572,0.5833333333333334,0.4166666666666667
placebo,0.0,D_adv::game::reward,12,5,7,2,6,0,0.6666666666666666,0.6285714285714286,0.5833333333333334,0.4166666666666667
placebo,0.0,D_adv::game::unsigned,12,5,7,1,5,0,0.5,0.4571428571428572,0.5833333333333334,0.4166666666666667
placebo,0.0,D_adv_gate::game::reward,12,5,7,2,6,0,0.6666666666666666,0.6285714285714286,0.5833333333333334,0.4166666666666667
placebo,0.0,D_adv_gate::game::unsigned,12,5,7,3,5,0,0.6666666666666666,0.6571428571428571,0.5833333333333334,0.4166666666666667
placebo,0.0,D_sqrtadv::game::reward,12,5,7,3,6,0,0.75,0.7285714285714285,0.5833333333333334,0.4166666666666667
placebo,0.0,D_sqrtadv::game::unsigned,12,5,7,1,5,0,0.5,0.4571428571428572,0.5833333333333334,0.4166666666666667
placebo,0.0,D_work::game::reward,12,5,7,1,6,0,0.5833333333333334,0.5285714285714286,0.5833333333333334,0.4166666666666667
placebo,0.0,D_work::game::unsigned,12,5,7,2,6,0,0.6666666666666666,0.6285714285714286,0.5833333333333334,0.4166666666666667
placebo,0.0,D_work_gate::game::reward,12,5,7,1,7,0,0.6666666666666666,0.6,0.5833333333333334,0.4166666666666667
placebo,0.0,D_work_gate::game::unsigned,12,5,7,1,7,0,0.6666666666666666,0.6,0.5833333333333334,0.4166666666666667
placebo,0.0,D_cos_raw::game::reward,12,5,7,3,4,0,0.5833333333333334,0.5857142857142856,0.5833333333333334,0.4166666666666667
placebo,0.0,D_cos_raw::game::unsigned,12,5,7,1,7,0,0.6666666666666666,0.6,0.5833333333333334,0.4166666666666667
placebo,0.0,D_cos_centered::game::reward,12,5,7,2,6,0,0.6666666666666666,0.6285714285714286,0.5833333333333334,0.4166666666666667
placebo,0.0,D_cos_centered::game::unsigned,12,5,7,1,5,0,0.5,0.4571428571428572,0.5833333333333334,0.4166666666666667
placebo,0.0,D_cos_centered_gate::game::reward,12,5,7,3,5,0,0.6666666666666666,0.6571428571428571,0.5833333333333334,0.4166666666666667
placebo,0.0,D_cos_centered_gate::game::unsigned,12,5,7,2,6,0,0.6666666666666666,0.6285714285714286,0.5833333333333334,0.4166666666666667
placebo,0.0,D_cos_adv::game::reward,12,5,7,2,6,0,0.6666666666666666,0.6285714285714286,0.5833333333333334,0.4166666666666667
placebo,0.0,D_cos_adv::game::unsigned,12,5,7,1,5,0,0.5,0.4571428571428572,0.5833333333333334,0.4166666666666667
placebo,0.0,D_soft::game::reward,12,5,7,2,4,0,0.5,0.4857142857142857,0.5833333333333334,0.4166666666666667
placebo,0.0,D_soft::game::unsigned,12,5,7,3,5,0,0.6666666666666666,0.6571428571428571,0.5833333333333334,0.4166666666666667
placebo,0.0,D_soft_cos::game::reward,12,5,7,3,5,0,0.6666666666666666,0.6571428571428571,0.5833333333333334,0.4166666666666667
placebo,0.0,D_soft_cos::game::unsigned,12,5,7,3,5,0,0.6666666666666666,0.6571428571428571,0.5833333333333334,0.4166666666666667
placebo,0.0,D_sigmoid::game::reward,12,5,7,3,4,0,0.5833333333333334,0.5857142857142856,0.5833333333333334,0.4166666666666667
placebo,0.0,D_sigmoid::game::unsigned,12,5,7,3,5,0,0.6666666666666666,0.6571428571428571,0.5833333333333334,0.4166666666666667
placebo,0.0,D_tauC_q25::game::reward,12,5,7,3,6,0,0.75,0.7285714285714285,0.5833333333333334,0.4166666666666667
placebo,0.0,D_tauC_q25::game::unsigned,12,5,7,3,5,0,0.6666666666666666,0.6571428571428571,0.5833333333333334,0.4166666666666667
placebo,0.0,D_tauC_q50::game::reward,12,5,7,3,3,0,0.5,0.5142857142857142,0.5833333333333334,0.4166666666666667
placebo,0.0,D_tauC_q50::game::unsigned,12,5,7,3,5,0,0.6666666666666666,0.6571428571428571,0.5833333333333334,0.4166666666666667
placebo,0.0,D_tauC_q75::game::reward,12,5,7,2,3,0,0.4166666666666667,0.41428571428571426,0.5833333333333334,0.4166666666666667
placebo,0.0,D_tauC_q75::game::unsigned,12,5,7,3,4,0,0.5833333333333334,0.5857142857142856,0.5833333333333334,0.4166666666666667
placebo,0.0,D_delta_q25::game::reward,12,5,7,2,4,0,0.5,0.4857142857142857,0.5833333333333334,0.4166666666666667
placebo,0.0,D_delta_q25::game::unsigned,12,5,7,1,5,0,0.5,0.4571428571428572,0.5833333333333334,0.4166666666666667
placebo,0.0,D_delta_q50::game::reward,12,5,7,3,5,0,0.6666666666666666,0.6571428571428571,0.5833333333333334,0.4166666666666667
placebo,0.0,D_delta_q50::game::unsigned,12,5,7,2,5,0,0.5833333333333334,0.5571428571428572,0.5833333333333334,0.4166666666666667
placebo,0.0,D_delta_q75::game::reward,12,5,7,2,4,0,0.5,0.4857142857142857,0.5833333333333334,0.4166666666666667
placebo,0.0,D_delta_q75::game::unsigned,12,5,7,2,5,0,0.5833333333333334,0.5571428571428572,0.5833333333333334,0.4166666666666667
placebo,0.0,D_winsor::game::reward,12,5,7,3,6,0,0.75,0.7285714285714285,0.5833333333333334,0.4166666666666667
placebo,0.0,D_winsor::game::unsigned,12,5,7,1,5,0,0.5,0.4571428571428572,0.5833333333333334,0.4166666666666667
placebo,0.0,D_tanh::game::reward,12,5,7,3,4,0,0.5833333333333334,0.5857142857142856,0.5833333333333334,0.4166666666666667
placebo,0.0,D_tanh::game::unsigned,12,5,7,1,5,0,0.5,0.4571428571428572,0.5833333333333334,0.4166666666666667
placebo,0.0,D_action_sign::game::reward,12,5,7,0,7,0,0.5833333333333334,0.5,0.5833333333333334,0.4166666666666667
placebo,0.0,D_action_sign::game::unsigned,12,5,7,5,0,0,0.4166666666666667,0.5,0.5833333333333334,0.4166666666666667
placebo,0.0,D_action_adv::game::reward,12,5,7,1,6,0,0.5833333333333334,0.5285714285714286,0.5833333333333334,0.4166666666666667
placebo,0.0,D_action_adv::game::unsigned,12,5,7,5,0,0,0.4166666666666667,0.5,0.5833333333333334,0.4166666666666667
placebo,0.0,D_action_adv_clip::game::reward,12,5,7,1,6,0,0.5833333333333334,0.5285714285714286,0.5833333333333334,0.4166666666666667
placebo,0.0,D_action_adv_clip::game::unsigned,12,5,7,5,0,0,0.4166666666666667,0.5,0.5833333333333334,0.4166666666666667
placebo,0.0,D_ratio_adv::game::reward,12,5,7,1,5,0,0.5,0.4571428571428572,0.5833333333333334,0.4166666666666667
placebo,0.0,D_ratio_adv::game::unsigned,12,5,7,5,1,0,0.5,0.5714285714285714,0.5833333333333334,0.4166666666666667
placebo,0.0,D_policy_action_adv::game::reward,12,5,7,1,6,0,0.5833333333333334,0.5285714285714286,0.5833333333333334,0.4166666666666667
placebo,0.0,D_policy_action_adv::game::unsigned,12,5,7,5,0,0,0.4166666666666667,0.5,0.5833333333333334,0.4166666666666667
placebo,0.0,D_reward_only::game::reward,12,5,7,1,6,0,0.5833333333333334,0.5285714285714286,0.5833333333333334,0.4166666666666667
placebo,0.0,D_reward_only::game::unsigned,12,5,7,0,7,0,0.5833333333333334,0.5,0.5833333333333334,0.4166666666666667
placebo,0.05,D_signed::token::reward,8,2,6,1,3,0,0.5,0.5,0.75,0.25
placebo,0.05,D_signed::token::unsigned,8,2,6,1,5,0,0.75,0.6666666666666667,0.75,0.25
placebo,0.05,D_signed_gate::token::reward,8,2,6,1,3,0,0.5,0.5,0.75,0.25
placebo,0.05,D_signed_gate::token::unsigned,8,2,6,2,5,0,0.875,0.9166666666666667,0.75,0.25
placebo,0.05,D_sign_balance::token::reward,8,2,6,1,3,0,0.5,0.5,0.75,0.25
placebo,0.05,D_sign_balance::token::unsigned,8,2,6,1,5,0,0.75,0.6666666666666667,0.75,0.25
placebo,0.05,D_adv::token::reward,8,2,6,2,4,0,0.75,0.8333333333333333,0.75,0.25
placebo,0.05,D_adv::token::unsigned,8,2,6,1,5,0,0.75,0.6666666666666667,0.75,0.25
placebo,0.05,D_adv_gate::token::reward,8,2,6,1,5,0,0.75,0.6666666666666667,0.75,0.25
placebo,0.05,D_adv_gate::token::unsigned,8,2,6,2,5,0,0.875,0.9166666666666667,0.75,0.25
placebo,0.05,D_sqrtadv::token::reward,8,2,6,2,3,0,0.625,0.75,0.75,0.25
placebo,0.05,D_sqrtadv::token::unsigned,8,2,6,1,5,0,0.75,0.6666666666666667,0.75,0.25
placebo,0.05,D_work::token::reward,8,2,6,0,5,0,0.625,0.4166666666666667,0.75,0.25
placebo,0.05,D_work::token::unsigned,8,2,6,1,5,0,0.75,0.6666666666666667,0.75,0.25
placebo,0.05,D_work_gate::token::reward,8,2,6,1,6,0,0.875,0.75,0.75,0.25
placebo,0.05,D_work_gate::token::unsigned,8,2,6,1,6,0,0.875,0.75,0.75,0.25
placebo,0.05,D_cos_raw::token::reward,8,2,6,1,2,0,0.375,0.41666666666666663,0.75,0.25
placebo,0.05,D_cos_raw::token::unsigned,8,2,6,1,6,0,0.875,0.75,0.75,0.25
placebo,0.05,D_cos_centered::token::reward,8,2,6,1,3,0,0.5,0.5,0.75,0.25
placebo,0.05,D_cos_centered::token::unsigned,8,2,6,1,5,0,0.75,0.6666666666666667,0.75,0.25
placebo,0.05,D_cos_centered_gate::token::reward,8,2,6,1,3,0,0.5,0.5,0.75,0.25
placebo,0.05,D_cos_centered_gate::token::unsigned,8,2,6,2,6,0,1.0,1.0,0.75,0.25
placebo,0.05,D_cos_adv::token::reward,8,2,6,2,4,0,0.75,0.8333333333333333,0.75,0.25
placebo,0.05,D_cos_adv::token::unsigned,8,2,6,1,5,0,0.75,0.6666666666666667,0.75,0.25
placebo,0.05,D_soft::token::reward,8,2,6,1,3,0,0.5,0.5,0.75,0.25
placebo,0.05,D_soft::token::unsigned,8,2,6,2,5,0,0.875,0.9166666666666667,0.75,0.25
placebo,0.05,D_soft_cos::token::reward,8,2,6,1,3,0,0.5,0.5,0.75,0.25
placebo,0.05,D_soft_cos::token::unsigned,8,2,6,2,5,0,0.875,0.9166666666666667,0.75,0.25
placebo,0.05,D_sigmoid::token::reward,8,2,6,1,3,0,0.5,0.5,0.75,0.25
placebo,0.05,D_sigmoid::token::unsigned,8,2,6,2,5,0,0.875,0.9166666666666667,0.75,0.25
placebo,0.05,D_tauC_q25::token::reward,8,2,6,1,3,0,0.5,0.5,0.75,0.25
placebo,0.05,D_tauC_q25::token::unsigned,8,2,6,2,5,0,0.875,0.9166666666666667,0.75,0.25
placebo,0.05,D_tauC_q50::token::reward,8,2,6,1,2,0,0.375,0.41666666666666663,0.75,0.25
placebo,0.05,D_tauC_q50::token::unsigned,8,2,6,2,5,0,0.875,0.9166666666666667,0.75,0.25
placebo,0.05,D_tauC_q75::token::reward,8,2,6,1,2,0,0.375,0.41666666666666663,0.75,0.25
placebo,0.05,D_tauC_q75::token::unsigned,8,2,6,2,5,0,0.875,0.9166666666666667,0.75,0.25
placebo,0.05,D_delta_q25::token::reward,8,2,6,1,3,0,0.5,0.5,0.75,0.25
placebo,0.05,D_delta_q25::token::unsigned,8,2,6,1,5,0,0.75,0.6666666666666667,0.75,0.25
placebo,0.05,D_delta_q50::token::reward,8,2,6,1,3,0,0.5,0.5,0.75,0.25
placebo,0.05,D_delta_q50::token::unsigned,8,2,6,1,5,0,0.75,0.6666666666666667,0.75,0.25
placebo,0.05,D_delta_q75::token::reward,8,2,6,1,3,0,0.5,0.5,0.75,0.25
placebo,0.05,D_delta_q75::token::unsigned,8,2,6,1,5,0,0.75,0.6666666666666667,0.75,0.25
placebo,0.05,D_winsor::token::reward,8,2,6,1,3,0,0.5,0.5,0.75,0.25
placebo,0.05,D_winsor::token::unsigned,8,2,6,1,5,0,0.75,0.6666666666666667,0.75,0.25
placebo,0.05,D_tanh::token::reward,8,2,6,1,3,0,0.5,0.5,0.75,0.25
placebo,0.05,D_tanh::token::unsigned,8,2,6,1,5,0,0.75,0.6666666666666667,0.75,0.25
placebo,0.05,D_action_sign::token::reward,8,2,6,0,6,0,0.75,0.5,0.75,0.25
placebo,0.05,D_action_sign::token::unsigned,8,2,6,2,0,0,0.25,0.5,0.75,0.25
placebo,0.05,D_action_adv::token::reward,8,2,6,1,6,0,0.875,0.75,0.75,0.25
placebo,0.05,D_action_adv::token::unsigned,8,2,6,2,0,0,0.25,0.5,0.75,0.25
placebo,0.05,D_action_adv_clip::token::reward,8,2,6,1,6,0,0.875,0.75,0.75,0.25
placebo,0.05,D_action_adv_clip::token::unsigned,8,2,6,2,0,0,0.25,0.5,0.75,0.25
placebo,0.05,D_ratio_adv::token::reward,8,2,6,1,6,0,0.875,0.75,0.75,0.25
placebo,0.05,D_ratio_adv::token::unsigned,8,2,6,2,0,0,0.25,0.5,0.75,0.25
placebo,0.05,D_policy_action_adv::token::reward,8,2,6,0,6,0,0.75,0.5,0.75,0.25
placebo,0.05,D_policy_action_adv::token::unsigned,8,2,6,1,0,0,0.125,0.25,0.75,0.25
placebo,0.05,D_reward_only::token::reward,8,2,6,1,0,0,0.125,0.25,0.75,0.25
placebo,0.05,D_reward_only::token::unsigned,8,2,6,0,6,0,0.75,0.5,0.75,0.25
placebo,0.05,D_signed::decision::reward,8,2,6,1,3,0,0.5,0.5,0.75,0.25
placebo,0.05,D_signed::decision::unsigned,8,2,6,1,5,0,0.75,0.6666666666666667,0.75,0.25
placebo,0.05,D_signed_gate::decision::reward,8,2,6,1,3,0,0.5,0.5,0.75,0.25
placebo,0.05,D_signed_gate::decision::unsigned,8,2,6,2,5,0,0.875,0.9166666666666667,0.75,0.25
placebo,0.05,D_sign_balance::decision::reward,8,2,6,1,3,0,0.5,0.5,0.75,0.25
placebo,0.05,D_sign_balance::decision::unsigned,8,2,6,1,5,0,0.75,0.6666666666666667,0.75,0.25
placebo,0.05,D_adv::decision::reward,8,2,6,2,4,0,0.75,0.8333333333333333,0.75,0.25
placebo,0.05,D_adv::decision::unsigned,8,2,6,1,5,0,0.75,0.6666666666666667,0.75,0.25
placebo,0.05,D_adv_gate::decision::reward,8,2,6,1,5,0,0.75,0.6666666666666667,0.75,0.25
placebo,0.05,D_adv_gate::decision::unsigned,8,2,6,2,5,0,0.875,0.9166666666666667,0.75,0.25
placebo,0.05,D_sqrtadv::decision::reward,8,2,6,2,3,0,0.625,0.75,0.75,0.25
placebo,0.05,D_sqrtadv::decision::unsigned,8,2,6,1,5,0,0.75,0.6666666666666667,0.75,0.25
placebo,0.05,D_work::decision::reward,8,2,6,0,6,0,0.75,0.5,0.75,0.25
placebo,0.05,D_work::decision::unsigned,8,2,6,1,5,0,0.75,0.6666666666666667,0.75,0.25
placebo,0.05,D_work_gate::decision::reward,8,2,6,1,6,0,0.875,0.75,0.75,0.25
placebo,0.05,D_work_gate::decision::unsigned,8,2,6,1,6,0,0.875,0.75,0.75,0.25
placebo,0.05,D_cos_raw::decision::reward,8,2,6,1,2,0,0.375,0.41666666666666663,0.75,0.25
placebo,0.05,D_cos_raw::decision::unsigned,8,2,6,1,6,0,0.875,0.75,0.75,0.25
placebo,0.05,D_cos_centered::decision::reward,8,2,6,1,3,0,0.5,0.5,0.75,0.25
placebo,0.05,D_cos_centered::decision::unsigned,8,2,6,1,5,0,0.75,0.6666666666666667,0.75,0.25
placebo,0.05,D_cos_centered_gate::decision::reward,8,2,6,1,3,0,0.5,0.5,0.75,0.25
placebo,0.05,D_cos_centered_gate::decision::unsigned,8,2,6,2,6,0,1.0,1.0,0.75,0.25
placebo,0.05,D_cos_adv::decision::reward,8,2,6,2,4,0,0.75,0.8333333333333333,0.75,0.25
placebo,0.05,D_cos_adv::decision::unsigned,8,2,6,1,5,0,0.75,0.6666666666666667,0.75,0.25
placebo,0.05,D_soft::decision::reward,8,2,6,1,3,0,0.5,0.5,0.75,0.25
placebo,0.05,D_soft::decision::unsigned,8,2,6,2,5,0,0.875,0.9166666666666667,0.75,0.25
placebo,0.05,D_soft_cos::decision::reward,8,2,6,1,3,0,0.5,0.5,0.75,0.25
placebo,0.05,D_soft_cos::decision::unsigned,8,2,6,2,5,0,0.875,0.9166666666666667,0.75,0.25
placebo,0.05,D_sigmoid::decision::reward,8,2,6,1,3,0,0.5,0.5,0.75,0.25
placebo,0.05,D_sigmoid::decision::unsigned,8,2,6,2,5,0,0.875,0.9166666666666667,0.75,0.25
placebo,0.05,D_tauC_q25::decision::reward,8,2,6,1,3,0,0.5,0.5,0.75,0.25
placebo,0.05,D_tauC_q25::decision::unsigned,8,2,6,2,5,0,0.875,0.9166666666666667,0.75,0.25
placebo,0.05,D_tauC_q50::decision::reward,8,2,6,1,2,0,0.375,0.41666666666666663,0.75,0.25
placebo,0.05,D_tauC_q50::decision::unsigned,8,2,6,2,5,0,0.875,0.9166666666666667,0.75,0.25
placebo,0.05,D_tauC_q75::decision::reward,8,2,6,1,2,0,0.375,0.41666666666666663,0.75,0.25
placebo,0.05,D_tauC_q75::decision::unsigned,8,2,6,2,4,0,0.75,0.8333333333333333,0.75,0.25
placebo,0.05,D_delta_q25::decision::reward,8,2,6,1,3,0,0.5,0.5,0.75,0.25
placebo,0.05,D_delta_q25::decision::unsigned,8,2,6,1,5,0,0.75,0.6666666666666667,0.75,0.25
placebo,0.05,D_delta_q50::decision::reward,8,2,6,1,3,0,0.5,0.5,0.75,0.25
placebo,0.05,D_delta_q50::decision::unsigned,8,2,6,1,5,0,0.75,0.6666666666666667,0.75,0.25
placebo,0.05,D_delta_q75::decision::reward,8,2,6,1,3,0,0.5,0.5,0.75,0.25
placebo,0.05,D_delta_q75::decision::unsigned,8,2,6,1,5,0,0.75,0.6666666666666667,0.75,0.25
placebo,0.05,D_winsor::decision::reward,8,2,6,1,3,0,0.5,0.5,0.75,0.25
placebo,0.05,D_winsor::decision::unsigned,8,2,6,1,5,0,0.75,0.6666666666666667,0.75,0.25
placebo,0.05,D_tanh::decision::reward,8,2,6,1,3,0,0.5,0.5,0.75,0.25
placebo,0.05,D_tanh::decision::unsigned,8,2,6,1,5,0,0.75,0.6666666666666667,0.75,0.25
placebo,0.05,D_action_sign::decision::reward,8,2,6,0,5,0,0.625,0.4166666666666667,0.75,0.25
placebo,0.05,D_action_sign::decision::unsigned,8,2,6,2,0,0,0.25,0.5,0.75,0.25
placebo,0.05,D_action_adv::decision::reward,8,2,6,1,6,0,0.875,0.75,0.75,0.25
placebo,0.05,D_action_adv::decision::unsigned,8,2,6,2,0,0,0.25,0.5,0.75,0.25
placebo,0.05,D_action_adv_clip::decision::reward,8,2,6,1,6,0,0.875,0.75,0.75,0.25
placebo,0.05,D_action_adv_clip::decision::unsigned,8,2,6,2,0,0,0.25,0.5,0.75,0.25
placebo,0.05,D_ratio_adv::decision::reward,8,2,6,1,6,0,0.875,0.75,0.75,0.25
placebo,0.05,D_ratio_adv::decision::unsigned,8,2,6,2,1,0,0.375,0.5833333333333334,0.75,0.25
placebo,0.05,D_policy_action_adv::decision::reward,8,2,6,0,6,0,0.75,0.5,0.75,0.25
placebo,0.05,D_policy_action_adv::decision::unsigned,8,2,6,2,0,0,0.25,0.5,0.75,0.25
placebo,0.05,D_reward_only::decision::reward,8,2,6,1,1,0,0.25,0.3333333333333333,0.75,0.25
placebo,0.05,D_reward_only::decision::unsigned,8,2,6,0,6,0,0.75,0.5,0.75,0.25
placebo,0.05,D_signed::game::reward,8,2,6,1,5,0,0.75,0.6666666666666667,0.75,0.25
placebo,0.05,D_signed::game::unsigned,8,2,6,1,5,0,0.75,0.6666666666666667,0.75,0.25
placebo,0.05,D_signed_gate::game::reward,8,2,6,1,5,0,0.75,0.6666666666666667,0.75,0.25
placebo,0.05,D_signed_gate::game::unsigned,8,2,6,2,5,0,0.875,0.9166666666666667,0.75,0.25
placebo,0.05,D_sign_balance::game::reward,8,2,6,1,3,0,0.5,0.5,0.75,0.25
placebo,0.05,D_sign_balance::game::unsigned,8,2,6,1,5,0,0.75,0.6666666666666667,0.75,0.25
placebo,0.05,D_adv::game::reward,8,2,6,2,5,0,0.875,0.9166666666666667,0.75,0.25
placebo,0.05,D_adv::game::unsigned,8,2,6,1,5,0,0.75,0.6666666666666667,0.75,0.25
placebo,0.05,D_adv_gate::game::reward,8,2,6,1,6,0,0.875,0.75,0.75,0.25
placebo,0.05,D_adv_gate::game::unsigned,8,2,6,2,5,0,0.875,0.9166666666666667,0.75,0.25
placebo,0.05,D_sqrtadv::game::reward,8,2,6,2,5,0,0.875,0.9166666666666667,0.75,0.25
placebo,0.05,D_sqrtadv::game::unsigned,8,2,6,1,5,0,0.75,0.6666666666666667,0.75,0.25
placebo,0.05,D_work::game::reward,8,2,6,0,5,0,0.625,0.4166666666666667,0.75,0.25
placebo,0.05,D_work::game::unsigned,8,2,6,1,5,0,0.75,0.6666666666666667,0.75,0.25
placebo,0.05,D_work_gate::game::reward,8,2,6,1,6,0,0.875,0.75,0.75,0.25
placebo,0.05,D_work_gate::game::unsigned,8,2,6,1,6,0,0.875,0.75,0.75,0.25
placebo,0.05,D_cos_raw::game::reward,8,2,6,1,3,0,0.5,0.5,0.75,0.25
placebo,0.05,D_cos_raw::game::unsigned,8,2,6,1,6,0,0.875,0.75,0.75,0.25
placebo,0.05,D_cos_centered::game::reward,8,2,6,1,5,0,0.75,0.6666666666666667,0.75,0.25
placebo,0.05,D_cos_centered::game::unsigned,8,2,6,1,5,0,0.75,0.6666666666666667,0.75,0.25
placebo,0.05,D_cos_centered_gate::game::reward,8,2,6,1,4,0,0.625,0.5833333333333333,0.75,0.25
placebo,0.05,D_cos_centered_gate::game::unsigned,8,2,6,2,6,0,1.0,1.0,0.75,0.25
placebo,0.05,D_cos_adv::game::reward,8,2,6,2,5,0,0.875,0.9166666666666667,0.75,0.25
placebo,0.05,D_cos_adv::game::unsigned,8,2,6,1,5,0,0.75,0.6666666666666667,0.75,0.25
placebo,0.05,D_soft::game::reward,8,2,6,1,4,0,0.625,0.5833333333333333,0.75,0.25
placebo,0.05,D_soft::game::unsigned,8,2,6,2,5,0,0.875,0.9166666666666667,0.75,0.25
placebo,0.05,D_soft_cos::game::reward,8,2,6,1,4,0,0.625,0.5833333333333333,0.75,0.25
placebo,0.05,D_soft_cos::game::unsigned,8,2,6,2,5,0,0.875,0.9166666666666667,0.75,0.25
placebo,0.05,D_sigmoid::game::reward,8,2,6,1,4,0,0.625,0.5833333333333333,0.75,0.25
placebo,0.05,D_sigmoid::game::unsigned,8,2,6,2,5,0,0.875,0.9166666666666667,0.75,0.25
placebo,0.05,D_tauC_q25::game::reward,8,2,6,1,6,0,0.875,0.75,0.75,0.25
placebo,0.05,D_tauC_q25::game::unsigned,8,2,6,2,5,0,0.875,0.9166666666666667,0.75,0.25
placebo,0.05,D_tauC_q50::game::reward,8,2,6,1,3,0,0.5,0.5,0.75,0.25
placebo,0.05,D_tauC_q50::game::unsigned,8,2,6,2,5,0,0.875,0.9166666666666667,0.75,0.25
placebo,0.05,D_tauC_q75::game::reward,8,2,6,1,3,0,0.5,0.5,0.75,0.25
placebo,0.05,D_tauC_q75::game::unsigned,8,2,6,2,4,0,0.75,0.8333333333333333,0.75,0.25
placebo,0.05,D_delta_q25::game::reward,8,2,6,1,3,0,0.5,0.5,0.75,0.25
placebo,0.05,D_delta_q25::game::unsigned,8,2,6,1,5,0,0.75,0.6666666666666667,0.75,0.25
placebo,0.05,D_delta_q50::game::reward,8,2,6,1,4,0,0.625,0.5833333333333333,0.75,0.25
placebo,0.05,D_delta_q50::game::unsigned,8,2,6,1,5,0,0.75,0.6666666666666667,0.75,0.25
placebo,0.05,D_delta_q75::game::reward,8,2,6,1,4,0,0.625,0.5833333333333333,0.75,0.25
placebo,0.05,D_delta_q75::game::unsigned,8,2,6,1,5,0,0.75,0.6666666666666667,0.75,0.25
placebo,0.05,D_winsor::game::reward,8,2,6,1,5,0,0.75,0.6666666666666667,0.75,0.25
placebo,0.05,D_winsor::game::unsigned,8,2,6,1,5,0,0.75,0.6666666666666667,0.75,0.25
placebo,0.05,D_tanh::game::reward,8,2,6,1,3,0,0.5,0.5,0.75,0.25
placebo,0.05,D_tanh::game::unsigned,8,2,6,1,5,0,0.75,0.6666666666666667,0.75,0.25
placebo,0.05,D_action_sign::game::reward,8,2,6,0,6,0,0.75,0.5,0.75,0.25
placebo,0.05,D_action_sign::game::unsigned,8,2,6,2,0,0,0.25,0.5,0.75,0.25
placebo,0.05,D_action_adv::game::reward,8,2,6,1,5,0,0.75,0.6666666666666667,0.75,0.25
placebo,0.05,D_action_adv::game::unsigned,8,2,6,2,0,0,0.25,0.5,0.75,0.25
placebo,0.05,D_action_adv_clip::game::reward,8,2,6,1,5,0,0.75,0.6666666666666667,0.75,0.25
placebo,0.05,D_action_adv_clip::game::unsigned,8,2,6,2,0,0,0.25,0.5,0.75,0.25
placebo,0.05,D_ratio_adv::game::reward,8,2,6,1,4,0,0.625,0.5833333333333333,0.75,0.25
placebo,0.05,D_ratio_adv::game::unsigned,8,2,6,2,1,0,0.375,0.5833333333333334,0.75,0.25
placebo,0.05,D_policy_action_adv::game::reward,8,2,6,0,5,0,0.625,0.4166666666666667,0.75,0.25
placebo,0.05,D_policy_action_adv::game::unsigned,8,2,6,2,0,0,0.25,0.5,0.75,0.25
placebo,0.05,D_reward_only::game::reward,8,2,6,1,5,0,0.75,0.6666666666666667,0.75,0.25
placebo,0.05,D_reward_only::game::unsigned,8,2,6,0,6,0,0.75,0.5,0.75,0.25
null,0.0,D_signed::token::reward,12,5,7,2,3,0,0.4166666666666667,0.41428571428571426,0.5833333333333334,0.4166666666666667
null,0.0,D_signed::token::unsigned,12,5,7,1,5,0,0.5,0.4571428571428572,0.5833333333333334,0.4166666666666667
null,0.0,D_signed_gate::token::reward,12,5,7,2,5,0,0.5833333333333334,0.5571428571428572,0.5833333333333334,0.4166666666666667
null,0.0,D_signed_gate::token::unsigned,12,5,7,1,6,0,0.5833333333333334,0.5285714285714286,0.5833333333333334,0.4166666666666667
null,0.0,D_sign_balance::token::reward,12,5,7,2,3,0,0.4166666666666667,0.41428571428571426,0.5833333333333334,0.4166666666666667
null,0.0,D_sign_balance::token::unsigned,12,5,7,1,5,0,0.5,0.4571428571428572,0.5833333333333334,0.4166666666666667
null,0.0,D_adv::token::reward,12,5,7,3,5,0,0.6666666666666666,0.6571428571428571,0.5833333333333334,0.4166666666666667
null,0.0,D_adv::token::unsigned,12,5,7,1,5,0,0.5,0.4571428571428572,0.5833333333333334,0.4166666666666667
null,0.0,D_adv_gate::token::reward,12,5,7,2,7,0,0.75,0.7,0.5833333333333334,0.4166666666666667
null,0.0,D_adv_gate::token::unsigned,12,5,7,1,6,0,0.5833333333333334,0.5285714285714286,0.5833333333333334,0.4166666666666667
null,0.0,D_sqrtadv::token::reward,12,5,7,3,3,0,0.5,0.5142857142857142,0.5833333333333334,0.4166666666666667
null,0.0,D_sqrtadv::token::unsigned,12,5,7,1,5,0,0.5,0.4571428571428572,0.5833333333333334,0.4166666666666667
null,0.0,D_work::token::reward,12,5,7,1,7,0,0.6666666666666666,0.6,0.5833333333333334,0.4166666666666667
null,0.0,D_work::token::unsigned,12,5,7,2,5,0,0.5833333333333334,0.5571428571428572,0.5833333333333334,0.4166666666666667
null,0.0,D_work_gate::token::reward,12,5,7,1,7,0,0.6666666666666666,0.6,0.5833333333333334,0.4166666666666667
null,0.0,D_work_gate::token::unsigned,12,5,7,2,7,0,0.75,0.7,0.5833333333333334,0.4166666666666667
null,0.0,D_cos_raw::token::reward,12,5,7,2,4,0,0.5,0.4857142857142857,0.5833333333333334,0.4166666666666667
null,0.0,D_cos_raw::token::unsigned,12,5,7,1,6,0,0.5833333333333334,0.5285714285714286,0.5833333333333334,0.4166666666666667
null,0.0,D_cos_centered::token::reward,12,5,7,2,3,0,0.4166666666666667,0.41428571428571426,0.5833333333333334,0.4166666666666667
null,0.0,D_cos_centered::token::unsigned,12,5,7,1,5,0,0.5,0.4571428571428572,0.5833333333333334,0.4166666666666667
null,0.0,D_cos_centered_gate::token::reward,12,5,7,2,5,0,0.5833333333333334,0.5571428571428572,0.5833333333333334,0.4166666666666667
null,0.0,D_cos_centered_gate::token::unsigned,12,5,7,1,6,0,0.5833333333333334,0.5285714285714286,0.5833333333333334,0.4166666666666667
null,0.0,D_cos_adv::token::reward,12,5,7,3,6,0,0.75,0.7285714285714285,0.5833333333333334,0.4166666666666667
null,0.0,D_cos_adv::token::unsigned,12,5,7,1,5,0,0.5,0.4571428571428572,0.5833333333333334,0.4166666666666667
null,0.0,D_soft::token::reward,12,5,7,2,5,0,0.5833333333333334,0.5571428571428572,0.5833333333333334,0.4166666666666667
null,0.0,D_soft::token::unsigned,12,5,7,1,5,0,0.5,0.4571428571428572,0.5833333333333334,0.4166666666666667
null,0.0,D_soft_cos::token::reward,12,5,7,2,5,0,0.5833333333333334,0.5571428571428572,0.5833333333333334,0.4166666666666667
null,0.0,D_soft_cos::token::unsigned,12,5,7,1,6,0,0.5833333333333334,0.5285714285714286,0.5833333333333334,0.4166666666666667
null,0.0,D_sigmoid::token::reward,12,5,7,2,5,0,0.5833333333333334,0.5571428571428572,0.5833333333333334,0.4166666666666667
null,0.0,D_sigmoid::token::unsigned,12,5,7,2,5,0,0.5833333333333334,0.5571428571428572,0.5833333333333334,0.4166666666666667
null,0.0,D_tauC_q25::token::reward,12,5,7,2,6,0,0.6666666666666666,0.6285714285714286,0.5833333333333334,0.4166666666666667
null,0.0,D_tauC_q25::token::unsigned,12,5,7,1,6,0,0.5833333333333334,0.5285714285714286,0.5833333333333334,0.4166666666666667
null,0.0,D_tauC_q50::token::reward,12,5,7,3,5,0,0.6666666666666666,0.6571428571428571,0.5833333333333334,0.4166666666666667
null,0.0,D_tauC_q50::token::unsigned,12,5,7,1,6,0,0.5833333333333334,0.5285714285714286,0.5833333333333334,0.4166666666666667
null,0.0,D_tauC_q75::token::reward,12,5,7,3,5,0,0.6666666666666666,0.6571428571428571,0.5833333333333334,0.4166666666666667
null,0.0,D_tauC_q75::token::unsigned,12,5,7,2,5,0,0.5833333333333334,0.5571428571428572,0.5833333333333334,0.4166666666666667
null,0.0,D_delta_q25::token::reward,12,5,7,2,3,0,0.4166666666666667,0.41428571428571426,0.5833333333333334,0.4166666666666667
null,0.0,D_delta_q25::token::unsigned,12,5,7,1,5,0,0.5,0.4571428571428572,0.5833333333333334,0.4166666666666667
null,0.0,D_delta_q50::token::reward,12,5,7,2,3,0,0.4166666666666667,0.41428571428571426,0.5833333333333334,0.4166666666666667
null,0.0,D_delta_q50::token::unsigned,12,5,7,1,5,0,0.5,0.4571428571428572,0.5833333333333334,0.4166666666666667
null,0.0,D_delta_q75::token::reward,12,5,7,4,3,0,0.5833333333333334,0.6142857142857143,0.5833333333333334,0.4166666666666667
null,0.0,D_delta_q75::token::unsigned,12,5,7,2,5,0,0.5833333333333334,0.5571428571428572,0.5833333333333334,0.4166666666666667
null,0.0,D_winsor::token::reward,12,5,7,2,3,0,0.4166666666666667,0.41428571428571426,0.5833333333333334,0.4166666666666667
null,0.0,D_winsor::token::unsigned,12,5,7,1,5,0,0.5,0.4571428571428572,0.5833333333333334,0.4166666666666667
null,0.0,D_tanh::token::reward,12,5,7,2,3,0,0.4166666666666667,0.41428571428571426,0.5833333333333334,0.4166666666666667
null,0.0,D_tanh::token::unsigned,12,5,7,1,5,0,0.5,0.4571428571428572,0.5833333333333334,0.4166666666666667
null,0.0,D_action_sign::token::reward,12,5,7,1,5,0,0.5,0.4571428571428572,0.5833333333333334,0.4166666666666667
null,0.0,D_action_sign::token::unsigned,12,5,7,4,0,0,0.3333333333333333,0.4,0.5833333333333334,0.4166666666666667
null,0.0,D_action_adv::token::reward,12,5,7,1,7,0,0.6666666666666666,0.6,0.5833333333333334,0.4166666666666667
null,0.0,D_action_adv::token::unsigned,12,5,7,4,0,0,0.3333333333333333,0.4,0.5833333333333334,0.4166666666666667
null,0.0,D_action_adv_clip::token::reward,12,5,7,1,7,0,0.6666666666666666,0.6,0.5833333333333334,0.4166666666666667
null,0.0,D_action_adv_clip::token::unsigned,12,5,7,4,0,0,0.3333333333333333,0.4,0.5833333333333334,0.4166666666666667
null,0.0,D_ratio_adv::token::reward,12,5,7,2,6,0,0.6666666666666666,0.6285714285714286,0.5833333333333334,0.4166666666666667
null,0.0,D_ratio_adv::token::unsigned,12,5,7,4,0,0,0.3333333333333333,0.4,0.5833333333333334,0.4166666666666667
null,0.0,D_policy_action_adv::token::reward,12,5,7,2,7,0,0.75,0.7,0.5833333333333334,0.4166666666666667
null,0.0,D_policy_action_adv::token::unsigned,12,5,7,4,0,0,0.3333333333333333,0.4,0.5833333333333334,0.4166666666666667
null,0.0,D_reward_only::token::reward,12,5,7,2,1,0,0.25,0.27142857142857146,0.5833333333333334,0.4166666666666667
null,0.0,D_reward_only::token::unsigned,12,5,7,0,7,0,0.5833333333333334,0.5,0.5833333333333334,0.4166666666666667
null,0.0,D_signed::decision::reward,12,5,7,2,3,0,0.4166666666666667,0.41428571428571426,0.5833333333333334,0.4166666666666667
null,0.0,D_signed::decision::unsigned,12,5,7,1,5,0,0.5,0.4571428571428572,0.5833333333333334,0.4166666666666667
null,0.0,D_signed_gate::decision::reward,12,5,7,2,5,0,0.5833333333333334,0.5571428571428572,0.5833333333333334,0.4166666666666667
null,0.0,D_signed_gate::decision::unsigned,12,5,7,1,6,0,0.5833333333333334,0.5285714285714286,0.5833333333333334,0.4166666666666667
null,0.0,D_sign_balance::decision::reward,12,5,7,2,3,0,0.4166666666666667,0.41428571428571426,0.5833333333333334,0.4166666666666667
null,0.0,D_sign_balance::decision::unsigned,12,5,7,1,5,0,0.5,0.4571428571428572,0.5833333333333334,0.4166666666666667
null,0.0,D_adv::decision::reward,12,5,7,3,5,0,0.6666666666666666,0.6571428571428571,0.5833333333333334,0.4166666666666667
null,0.0,D_adv::decision::unsigned,12,5,7,1,5,0,0.5,0.4571428571428572,0.5833333333333334,0.4166666666666667
null,0.0,D_adv_gate::decision::reward,12,5,7,2,7,0,0.75,0.7,0.5833333333333334,0.4166666666666667
null,0.0,D_adv_gate::decision::unsigned,12,5,7,1,6,0,0.5833333333333334,0.5285714285714286,0.5833333333333334,0.4166666666666667
null,0.0,D_sqrtadv::decision::reward,12,5,7,2,3,0,0.4166666666666667,0.41428571428571426,0.5833333333333334,0.4166666666666667
null,0.0,D_sqrtadv::decision::unsigned,12,5,7,1,5,0,0.5,0.4571428571428572,0.5833333333333334,0.4166666666666667
null,0.0,D_work::decision::reward,12,5,7,1,7,0,0.6666666666666666,0.6,0.5833333333333334,0.4166666666666667
null,0.0,D_work::decision::unsigned,12,5,7,2,5,0,0.5833333333333334,0.5571428571428572,0.5833333333333334,0.4166666666666667
null,0.0,D_work_gate::decision::reward,12,5,7,1,7,0,0.6666666666666666,0.6,0.5833333333333334,0.4166666666666667
null,0.0,D_work_gate::decision::unsigned,12,5,7,2,7,0,0.75,0.7,0.5833333333333334,0.4166666666666667
null,0.0,D_cos_raw::decision::reward,12,5,7,2,4,0,0.5,0.4857142857142857,0.5833333333333334,0.4166666666666667
null,0.0,D_cos_raw::decision::unsigned,12,5,7,1,6,0,0.5833333333333334,0.5285714285714286,0.5833333333333334,0.4166666666666667
null,0.0,D_cos_centered::decision::reward,12,5,7,2,3,0,0.4166666666666667,0.41428571428571426,0.5833333333333334,0.4166666666666667
null,0.0,D_cos_centered::decision::unsigned,12,5,7,1,5,0,0.5,0.4571428571428572,0.5833333333333334,0.4166666666666667
null,0.0,D_cos_centered_gate::decision::reward,12,5,7,2,5,0,0.5833333333333334,0.5571428571428572,0.5833333333333334,0.4166666666666667
null,0.0,D_cos_centered_gate::decision::unsigned,12,5,7,1,6,0,0.5833333333333334,0.5285714285714286,0.5833333333333334,0.4166666666666667
null,0.0,D_cos_adv::decision::reward,12,5,7,3,5,0,0.6666666666666666,0.6571428571428571,0.5833333333333334,0.4166666666666667
null,0.0,D_cos_adv::decision::unsigned,12,5,7,1,5,0,0.5,0.4571428571428572,0.5833333333333334,0.4166666666666667
null,0.0,D_soft::decision::reward,12,5,7,3,5,0,0.6666666666666666,0.6571428571428571,0.5833333333333334,0.4166666666666667
null,0.0,D_soft::decision::unsigned,12,5,7,1,5,0,0.5,0.4571428571428572,0.5833333333333334,0.4166666666666667
null,0.0,D_soft_cos::decision::reward,12,5,7,2,5,0,0.5833333333333334,0.5571428571428572,0.5833333333333334,0.4166666666666667
null,0.0,D_soft_cos::decision::unsigned,12,5,7,1,6,0,0.5833333333333334,0.5285714285714286,0.5833333333333334,0.4166666666666667
null,0.0,D_sigmoid::decision::reward,12,5,7,2,5,0,0.5833333333333334,0.5571428571428572,0.5833333333333334,0.4166666666666667
null,0.0,D_sigmoid::decision::unsigned,12,5,7,2,5,0,0.5833333333333334,0.5571428571428572,0.5833333333333334,0.4166666666666667
null,0.0,D_tauC_q25::decision::reward,12,5,7,2,6,0,0.6666666666666666,0.6285714285714286,0.5833333333333334,0.4166666666666667
null,0.0,D_tauC_q25::decision::unsigned,12,5,7,2,6,0,0.6666666666666666,0.6285714285714286,0.5833333333333334,0.4166666666666667
null,0.0,D_tauC_q50::decision::reward,12,5,7,3,5,0,0.6666666666666666,0.6571428571428571,0.5833333333333334,0.4166666666666667
null,0.0,D_tauC_q50::decision::unsigned,12,5,7,1,5,0,0.5,0.4571428571428572,0.5833333333333334,0.4166666666666667
null,0.0,D_tauC_q75::decision::reward,12,5,7,3,5,0,0.6666666666666666,0.6571428571428571,0.5833333333333334,0.4166666666666667
null,0.0,D_tauC_q75::decision::unsigned,12,5,7,2,5,0,0.5833333333333334,0.5571428571428572,0.5833333333333334,0.4166666666666667
null,0.0,D_delta_q25::decision::reward,12,5,7,2,3,0,0.4166666666666667,0.41428571428571426,0.5833333333333334,0.4166666666666667
null,0.0,D_delta_q25::decision::unsigned,12,5,7,1,5,0,0.5,0.4571428571428572,0.5833333333333334,0.4166666666666667
null,0.0,D_delta_q50::decision::reward,12,5,7,2,3,0,0.4166666666666667,0.41428571428571426,0.5833333333333334,0.4166666666666667
null,0.0,D_delta_q50::decision::unsigned,12,5,7,1,5,0,0.5,0.4571428571428572,0.5833333333333334,0.4166666666666667
null,0.0,D_delta_q75::decision::reward,12,5,7,4,3,0,0.5833333333333334,0.6142857142857143,0.5833333333333334,0.4166666666666667
null,0.0,D_delta_q75::decision::unsigned,12,5,7,2,5,0,0.5833333333333334,0.5571428571428572,0.5833333333333334,0.4166666666666667
null,0.0,D_winsor::decision::reward,12,5,7,2,3,0,0.4166666666666667,0.41428571428571426,0.5833333333333334,0.4166666666666667
null,0.0,D_winsor::decision::unsigned,12,5,7,1,5,0,0.5,0.4571428571428572,0.5833333333333334,0.4166666666666667
null,0.0,D_tanh::decision::reward,12,5,7,2,3,0,0.4166666666666667,0.41428571428571426,0.5833333333333334,0.4166666666666667
null,0.0,D_tanh::decision::unsigned,12,5,7,1,5,0,0.5,0.4571428571428572,0.5833333333333334,0.4166666666666667
null,0.0,D_action_sign::decision::reward,12,5,7,1,5,0,0.5,0.4571428571428572,0.5833333333333334,0.4166666666666667
null,0.0,D_action_sign::decision::unsigned,12,5,7,4,0,0,0.3333333333333333,0.4,0.5833333333333334,0.4166666666666667
null,0.0,D_action_adv::decision::reward,12,5,7,1,7,0,0.6666666666666666,0.6,0.5833333333333334,0.4166666666666667
null,0.0,D_action_adv::decision::unsigned,12,5,7,4,0,0,0.3333333333333333,0.4,0.5833333333333334,0.4166666666666667
null,0.0,D_action_adv_clip::decision::reward,12,5,7,1,7,0,0.6666666666666666,0.6,0.5833333333333334,0.4166666666666667
null,0.0,D_action_adv_clip::decision::unsigned,12,5,7,4,0,0,0.3333333333333333,0.4,0.5833333333333334,0.4166666666666667
null,0.0,D_ratio_adv::decision::reward,12,5,7,2,6,0,0.6666666666666666,0.6285714285714286,0.5833333333333334,0.4166666666666667
null,0.0,D_ratio_adv::decision::unsigned,12,5,7,4,0,0,0.3333333333333333,0.4,0.5833333333333334,0.4166666666666667
null,0.0,D_policy_action_adv::decision::reward,12,5,7,2,7,0,0.75,0.7,0.5833333333333334,0.4166666666666667
null,0.0,D_policy_action_adv::decision::unsigned,12,5,7,5,0,0,0.4166666666666667,0.5,0.5833333333333334,0.4166666666666667
null,0.0,D_reward_only::decision::reward,12,5,7,2,2,0,0.3333333333333333,0.34285714285714286,0.5833333333333334,0.4166666666666667
null,0.0,D_reward_only::decision::unsigned,12,5,7,0,7,0,0.5833333333333334,0.5,0.5833333333333334,0.4166666666666667
null,0.0,D_signed::game::reward,12,5,7,2,5,0,0.5833333333333334,0.5571428571428572,0.5833333333333334,0.4166666666666667
null,0.0,D_signed::game::unsigned,12,5,7,1,5,0,0.5,0.4571428571428572,0.5833333333333334,0.4166666666666667
null,0.0,D_signed_gate::game::reward,12,5,7,2,7,0,0.75,0.7,0.5833333333333334,0.4166666666666667
null,0.0,D_signed_gate::game::unsigned,12,5,7,1,6,0,0.5833333333333334,0.5285714285714286,0.5833333333333334,0.4166666666666667
null,0.0,D_sign_balance::game::reward,12,5,7,2,4,0,0.5,0.4857142857142857,0.5833333333333334,0.4166666666666667
null,0.0,D_sign_balance::game::unsigned,12,5,7,2,5,0,0.5833333333333334,0.5571428571428572,0.5833333333333334,0.4166666666666667
null,0.0,D_adv::game::reward,12,5,7,3,5,0,0.6666666666666666,0.6571428571428571,0.5833333333333334,0.4166666666666667
null,0.0,D_adv::game::unsigned,12,5,7,1,5,0,0.5,0.4571428571428572,0.5833333333333334,0.4166666666666667
null,0.0,D_adv_gate::game::reward,12,5,7,2,7,0,0.75,0.7,0.5833333333333334,0.4166666666666667
null,0.0,D_adv_gate::game::unsigned,12,5,7,1,6,0,0.5833333333333334,0.5285714285714286,0.5833333333333334,0.4166666666666667
null,0.0,D_sqrtadv::game::reward,12,5,7,2,5,0,0.5833333333333334,0.5571428571428572,0.5833333333333334,0.4166666666666667
null,0.0,D_sqrtadv::game::unsigned,12,5,7,1,5,0,0.5,0.4571428571428572,0.5833333333333334,0.4166666666666667
null,0.0,D_work::game::reward,12,5,7,1,7,0,0.6666666666666666,0.6,0.5833333333333334,0.4166666666666667
null,0.0,D_work::game::unsigned,12,5,7,2,5,0,0.5833333333333334,0.5571428571428572,0.5833333333333334,0.4166666666666667
null,0.0,D_work_gate::game::reward,12,5,7,1,7,0,0.6666666666666666,0.6,0.5833333333333334,0.4166666666666667
null,0.0,D_work_gate::game::unsigned,12,5,7,2,7,0,0.75,0.7,0.5833333333333334,0.4166666666666667
null,0.0,D_cos_raw::game::reward,12,5,7,2,5,0,0.5833333333333334,0.5571428571428572,0.5833333333333334,0.4166666666666667
null,0.0,D_cos_raw::game::unsigned,12,5,7,1,6,0,0.5833333333333334,0.5285714285714286,0.5833333333333334,0.4166666666666667
null,0.0,D_cos_centered::game::reward,12,5,7,2,5,0,0.5833333333333334,0.5571428571428572,0.5833333333333334,0.4166666666666667
null,0.0,D_cos_centered::game::unsigned,12,5,7,1,5,0,0.5,0.4571428571428572,0.5833333333333334,0.4166666666666667
null,0.0,D_cos_centered_gate::game::reward,12,5,7,2,6,0,0.6666666666666666,0.6285714285714286,0.5833333333333334,0.4166666666666667
null,0.0,D_cos_centered_gate::game::unsigned,12,5,7,1,6,0,0.5833333333333334,0.5285714285714286,0.5833333333333334,0.4166666666666667
null,0.0,D_cos_adv::game::reward,12,5,7,3,6,0,0.75,0.7285714285714285,0.5833333333333334,0.4166666666666667
null,0.0,D_cos_adv::game::unsigned,12,5,7,1,5,0,0.5,0.4571428571428572,0.5833333333333334,0.4166666666666667
null,0.0,D_soft::game::reward,12,5,7,2,7,0,0.75,0.7,0.5833333333333334,0.4166666666666667
null,0.0,D_soft::game::unsigned,12,5,7,2,5,0,0.5833333333333334,0.5571428571428572,0.5833333333333334,0.4166666666666667
null,0.0,D_soft_cos::game::reward,12,5,7,2,6,0,0.6666666666666666,0.6285714285714286,0.5833333333333334,0.4166666666666667
null,0.0,D_soft_cos::game::unsigned,12,5,7,2,6,0,0.6666666666666666,0.6285714285714286,0.5833333333333334,0.4166666666666667
null,0.0,D_sigmoid::game::reward,12,5,7,2,7,0,0.75,0.7,0.5833333333333334,0.4166666666666667
null,0.0,D_sigmoid::game::unsigned,12,5,7,2,5,0,0.5833333333333334,0.5571428571428572,0.5833333333333334,0.4166666666666667
null,0.0,D_tauC_q25::game::reward,12,5,7,2,7,0,0.75,0.7,0.5833333333333334,0.4166666666666667
null,0.0,D_tauC_q25::game::unsigned,12,5,7,2,6,0,0.6666666666666666,0.6285714285714286,0.5833333333333334,0.4166666666666667
null,0.0,D_tauC_q50::game::reward,12,5,7,2,6,0,0.6666666666666666,0.6285714285714286,0.5833333333333334,0.4166666666666667
null,0.0,D_tauC_q50::game::unsigned,12,5,7,2,6,0,0.6666666666666666,0.6285714285714286,0.5833333333333334,0.4166666666666667
null,0.0,D_tauC_q75::game::reward,12,5,7,3,6,0,0.75,0.7285714285714285,0.5833333333333334,0.4166666666666667
null,0.0,D_tauC_q75::game::unsigned,12,5,7,3,5,0,0.6666666666666666,0.6571428571428571,0.5833333333333334,0.4166666666666667
null,0.0,D_delta_q25::game::reward,12,5,7,3,5,0,0.6666666666666666,0.6571428571428571,0.5833333333333334,0.4166666666666667
null,0.0,D_delta_q25::game::unsigned,12,5,7,1,5,0,0.5,0.4571428571428572,0.5833333333333334,0.4166666666666667
null,0.0,D_delta_q50::game::reward,12,5,7,3,5,0,0.6666666666666666,0.6571428571428571,0.5833333333333334,0.4166666666666667
null,0.0,D_delta_q50::game::unsigned,12,5,7,2,5,0,0.5833333333333334,0.5571428571428572,0.5833333333333334,0.4166666666666667
null,0.0,D_delta_q75::game::reward,12,5,7,3,4,0,0.5833333333333334,0.5857142857142856,0.5833333333333334,0.4166666666666667
null,0.0,D_delta_q75::game::unsigned,12,5,7,1,5,0,0.5,0.4571428571428572,0.5833333333333334,0.4166666666666667
null,0.0,D_winsor::game::reward,12,5,7,2,5,0,0.5833333333333334,0.5571428571428572,0.5833333333333334,0.4166666666666667
null,0.0,D_winsor::game::unsigned,12,5,7,1,5,0,0.5,0.4571428571428572,0.5833333333333334,0.4166666666666667
null,0.0,D_tanh::game::reward,12,5,7,2,5,0,0.5833333333333334,0.5571428571428572,0.5833333333333334,0.4166666666666667
null,0.0,D_tanh::game::unsigned,12,5,7,1,5,0,0.5,0.4571428571428572,0.5833333333333334,0.4166666666666667
null,0.0,D_action_sign::game::reward,12,5,7,1,6,0,0.5833333333333334,0.5285714285714286,0.5833333333333334,0.4166666666666667
null,0.0,D_action_sign::game::unsigned,12,5,7,4,0,0,0.3333333333333333,0.4,0.5833333333333334,0.4166666666666667
null,0.0,D_action_adv::game::reward,12,5,7,1,5,0,0.5,0.4571428571428572,0.5833333333333334,0.4166666666666667
null,0.0,D_action_adv::game::unsigned,12,5,7,4,0,0,0.3333333333333333,0.4,0.5833333333333334,0.4166666666666667
null,0.0,D_action_adv_clip::game::reward,12,5,7,1,6,0,0.5833333333333334,0.5285714285714286,0.5833333333333334,0.4166666666666667
null,0.0,D_action_adv_clip::game::unsigned,12,5,7,4,0,0,0.3333333333333333,0.4,0.5833333333333334,0.4166666666666667
null,0.0,D_ratio_adv::game::reward,12,5,7,1,4,0,0.4166666666666667,0.3857142857142857,0.5833333333333334,0.4166666666666667
null,0.0,D_ratio_adv::game::unsigned,12,5,7,3,2,0,0.4166666666666667,0.44285714285714284,0.5833333333333334,0.4166666666666667
null,0.0,D_policy_action_adv::game::reward,12,5,7,2,7,0,0.75,0.7,0.5833333333333334,0.4166666666666667
null,0.0,D_policy_action_adv::game::unsigned,12,5,7,5,0,0,0.4166666666666667,0.5,0.5833333333333334,0.4166666666666667
null,0.0,D_reward_only::game::reward,12,5,7,2,6,0,0.6666666666666666,0.6285714285714286,0.5833333333333334,0.4166666666666667
null,0.0,D_reward_only::game::unsigned,12,5,7,0,7,0,0.5833333333333334,0.5,0.5833333333333334,0.4166666666666667
null,0.05,D_signed::token::reward,9,5,4,2,2,0,0.4444444444444444,0.45,0.4444444444444444,0.5555555555555556
null,0.05,D_signed::token::unsigned,9,5,4,1,3,0,0.4444444444444444,0.475,0.4444444444444444,0.5555555555555556
null,0.05,D_signed_gate::token::reward,9,5,4,2,3,0,0.5555555555555556,0.575,0.4444444444444444,0.5555555555555556
null,0.05,D_signed_gate::token::unsigned,9,5,4,1,4,0,0.5555555555555556,0.6,0.4444444444444444,0.5555555555555556
null,0.05,D_sign_balance::token::reward,9,5,4,2,2,0,0.4444444444444444,0.45,0.4444444444444444,0.5555555555555556
null,0.05,D_sign_balance::token::unsigned,9,5,4,1,3,0,0.4444444444444444,0.475,0.4444444444444444,0.5555555555555556
null,0.05,D_adv::token::reward,9,5,4,3,3,0,0.6666666666666666,0.675,0.4444444444444444,0.5555555555555556
null,0.05,D_adv::token::unsigned,9,5,4,1,3,0,0.4444444444444444,0.475,0.4444444444444444,0.5555555555555556
null,0.05,D_adv_gate::token::reward,9,5,4,2,4,0,0.6666666666666666,0.7,0.4444444444444444,0.5555555555555556
null,0.05,D_adv_gate::token::unsigned,9,5,4,1,4,0,0.5555555555555556,0.6,0.4444444444444444,0.5555555555555556
null,0.05,D_sqrtadv::token::reward,9,5,4,3,2,0,0.5555555555555556,0.55,0.4444444444444444,0.5555555555555556
null,0.05,D_sqrtadv::token::unsigned,9,5,4,1,3,0,0.4444444444444444,0.475,0.4444444444444444,0.5555555555555556
null,0.05,D_work::token::reward,9,5,4,1,4,0,0.5555555555555556,0.6,0.4444444444444444,0.5555555555555556
null,0.05,D_work::token::unsigned,9,5,4,2,2,0,0.4444444444444444,0.45,0.4444444444444444,0.5555555555555556
null,0.05,D_work_gate::token::reward,9,5,4,1,4,0,0.5555555555555556,0.6,0.4444444444444444,0.5555555555555556
null,0.05,D_work_gate::token::unsigned,9,5,4,2,4,0,0.6666666666666666,0.7,0.4444444444444444,0.5555555555555556
null,0.05,D_cos_raw::token::reward,9,5,4,2,2,0,0.4444444444444444,0.45,0.4444444444444444,0.5555555555555556
null,0.05,D_cos_raw::token::unsigned,9,5,4,1,3,0,0.4444444444444444,0.475,0.4444444444444444,0.5555555555555556
null,0.05,D_cos_centered::token::reward,9,5,4,2,2,0,0.4444444444444444,0.45,0.4444444444444444,0.5555555555555556
null,0.05,D_cos_centered::token::unsigned,9,5,4,1,3,0,0.4444444444444444,0.475,0.4444444444444444,0.5555555555555556
null,0.05,D_cos_centered_gate::token::reward,9,5,4,2,3,0,0.5555555555555556,0.575,0.4444444444444444,0.5555555555555556
null,0.05,D_cos_centered_gate::token::unsigned,9,5,4,1,4,0,0.5555555555555556,0.6,0.4444444444444444,0.5555555555555556
null,0.05,D_cos_adv::token::reward,9,5,4,3,3,0,0.6666666666666666,0.675,0.4444444444444444,0.5555555555555556
null,0.05,D_cos_adv::token::unsigned,9,5,4,1,3,0,0.4444444444444444,0.475,0.4444444444444444,0.5555555555555556
null,0.05,D_soft::token::reward,9,5,4,2,3,0,0.5555555555555556,0.575,0.4444444444444444,0.5555555555555556
null,0.05,D_soft::token::unsigned,9,5,4,1,3,0,0.4444444444444444,0.475,0.4444444444444444,0.5555555555555556
null,0.05,D_soft_cos::token::reward,9,5,4,2,3,0,0.5555555555555556,0.575,0.4444444444444444,0.5555555555555556
null,0.05,D_soft_cos::token::unsigned,9,5,4,1,4,0,0.5555555555555556,0.6,0.4444444444444444,0.5555555555555556
null,0.05,D_sigmoid::token::reward,9,5,4,2,3,0,0.5555555555555556,0.575,0.4444444444444444,0.5555555555555556
null,0.05,D_sigmoid::token::unsigned,9,5,4,2,3,0,0.5555555555555556,0.575,0.4444444444444444,0.5555555555555556
null,0.05,D_tauC_q25::token::reward,9,5,4,2,4,0,0.6666666666666666,0.7,0.4444444444444444,0.5555555555555556
null,0.05,D_tauC_q25::token::unsigned,9,5,4,1,4,0,0.5555555555555556,0.6,0.4444444444444444,0.5555555555555556
null,0.05,D_tauC_q50::token::reward,9,5,4,3,3,0,0.6666666666666666,0.675,0.4444444444444444,0.5555555555555556
null,0.05,D_tauC_q50::token::unsigned,9,5,4,1,4,0,0.5555555555555556,0.6,0.4444444444444444,0.5555555555555556
null,0.05,D_tauC_q75::token::reward,9,5,4,3,3,0,0.6666666666666666,0.675,0.4444444444444444,0.5555555555555556
null,0.05,D_tauC_q75::token::unsigned,9,5,4,2,3,0,0.5555555555555556,0.575,0.4444444444444444,0.5555555555555556
null,0.05,D_delta_q25::token::reward,9,5,4,2,2,0,0.4444444444444444,0.45,0.4444444444444444,0.5555555555555556
null,0.05,D_delta_q25::token::unsigned,9,5,4,1,3,0,0.4444444444444444,0.475,0.4444444444444444,0.5555555555555556
null,0.05,D_delta_q50::token::reward,9,5,4,2,2,0,0.4444444444444444,0.45,0.4444444444444444,0.5555555555555556
null,0.05,D_delta_q50::token::unsigned,9,5,4,1,3,0,0.4444444444444444,0.475,0.4444444444444444,0.5555555555555556
null,0.05,D_delta_q75::token::reward,9,5,4,4,2,0,0.6666666666666666,0.65,0.4444444444444444,0.5555555555555556
null,0.05,D_delta_q75::token::unsigned,9,5,4,2,3,0,0.5555555555555556,0.575,0.4444444444444444,0.5555555555555556
null,0.05,D_winsor::token::reward,9,5,4,2,2,0,0.4444444444444444,0.45,0.4444444444444444,0.5555555555555556
null,0.05,D_winsor::token::unsigned,9,5,4,1,3,0,0.4444444444444444,0.475,0.4444444444444444,0.5555555555555556
null,0.05,D_tanh::token::reward,9,5,4,2,2,0,0.4444444444444444,0.45,0.4444444444444444,0.5555555555555556
null,0.05,D_tanh::token::unsigned,9,5,4,1,3,0,0.4444444444444444,0.475,0.4444444444444444,0.5555555555555556
null,0.05,D_action_sign::token::reward,9,5,4,1,4,0,0.5555555555555556,0.6,0.4444444444444444,0.5555555555555556
null,0.05,D_action_sign::token::unsigned,9,5,4,4,0,0,0.4444444444444444,0.4,0.4444444444444444,0.5555555555555556
null,0.05,D_action_adv::token::reward,9,5,4,1,4,0,0.5555555555555556,0.6,0.4444444444444444,0.5555555555555556
null,0.05,D_action_adv::token::unsigned,9,5,4,4,0,0,0.4444444444444444,0.4,0.4444444444444444,0.5555555555555556
null,0.05,D_action_adv_clip::token::reward,9,5,4,1,4,0,0.5555555555555556,0.6,0.4444444444444444,0.5555555555555556
null,0.05,D_action_adv_clip::token::unsigned,9,5,4,4,0,0,0.4444444444444444,0.4,0.4444444444444444,0.5555555555555556
null,0.05,D_ratio_adv::token::reward,9,5,4,2,4,0,0.6666666666666666,0.7,0.4444444444444444,0.5555555555555556
null,0.05,D_ratio_adv::token::unsigned,9,5,4,4,0,0,0.4444444444444444,0.4,0.4444444444444444,0.5555555555555556
null,0.05,D_policy_action_adv::token::reward,9,5,4,2,4,0,0.6666666666666666,0.7,0.4444444444444444,0.5555555555555556
null,0.05,D_policy_action_adv::token::unsigned,9,5,4,4,0,0,0.4444444444444444,0.4,0.4444444444444444,0.5555555555555556
null,0.05,D_reward_only::token::reward,9,5,4,2,0,0,0.2222222222222222,0.2,0.4444444444444444,0.5555555555555556
null,0.05,D_reward_only::token::unsigned,9,5,4,0,4,0,0.4444444444444444,0.5,0.4444444444444444,0.5555555555555556
null,0.05,D_signed::decision::reward,9,5,4,2,2,0,0.4444444444444444,0.45,0.4444444444444444,0.5555555555555556
null,0.05,D_signed::decision::unsigned,9,5,4,1,3,0,0.4444444444444444,0.475,0.4444444444444444,0.5555555555555556
null,0.05,D_signed_gate::decision::reward,9,5,4,2,3,0,0.5555555555555556,0.575,0.4444444444444444,0.5555555555555556
null,0.05,D_signed_gate::decision::unsigned,9,5,4,1,4,0,0.5555555555555556,0.6,0.4444444444444444,0.5555555555555556
null,0.05,D_sign_balance::decision::reward,9,5,4,2,2,0,0.4444444444444444,0.45,0.4444444444444444,0.5555555555555556
null,0.05,D_sign_balance::decision::unsigned,9,5,4,1,3,0,0.4444444444444444,0.475,0.4444444444444444,0.5555555555555556
null,0.05,D_adv::decision::reward,9,5,4,3,3,0,0.6666666666666666,0.675,0.4444444444444444,0.5555555555555556
null,0.05,D_adv::decision::unsigned,9,5,4,1,3,0,0.4444444444444444,0.475,0.4444444444444444,0.5555555555555556
null,0.05,D_adv_gate::decision::reward,9,5,4,2,4,0,0.6666666666666666,0.7,0.4444444444444444,0.5555555555555556
null,0.05,D_adv_gate::decision::unsigned,9,5,4,1,4,0,0.5555555555555556,0.6,0.4444444444444444,0.5555555555555556
null,0.05,D_sqrtadv::decision::reward,9,5,4,2,2,0,0.4444444444444444,0.45,0.4444444444444444,0.5555555555555556
null,0.05,D_sqrtadv::decision::unsigned,9,5,4,1,3,0,0.4444444444444444,0.475,0.4444444444444444,0.5555555555555556
null,0.05,D_work::decision::reward,9,5,4,1,4,0,0.5555555555555556,0.6,0.4444444444444444,0.5555555555555556
null,0.05,D_work::decision::unsigned,9,5,4,2,2,0,0.4444444444444444,0.45,0.4444444444444444,0.5555555555555556
null,0.05,D_work_gate::decision::reward,9,5,4,1,4,0,0.5555555555555556,0.6,0.4444444444444444,0.5555555555555556
null,0.05,D_work_gate::decision::unsigned,9,5,4,2,4,0,0.6666666666666666,0.7,0.4444444444444444,0.5555555555555556
null,0.05,D_cos_raw::decision::reward,9,5,4,2,2,0,0.4444444444444444,0.45,0.4444444444444444,0.5555555555555556
null,0.05,D_cos_raw::decision::unsigned,9,5,4,1,3,0,0.4444444444444444,0.475,0.4444444444444444,0.5555555555555556
null,0.05,D_cos_centered::decision::reward,9,5,4,2,2,0,0.4444444444444444,0.45,0.4444444444444444,0.5555555555555556
null,0.05,D_cos_centered::decision::unsigned,9,5,4,1,3,0,0.4444444444444444,0.475,0.4444444444444444,0.5555555555555556
null,0.05,D_cos_centered_gate::decision::reward,9,5,4,2,3,0,0.5555555555555556,0.575,0.4444444444444444,0.5555555555555556
null,0.05,D_cos_centered_gate::decision::unsigned,9,5,4,1,4,0,0.5555555555555556,0.6,0.4444444444444444,0.5555555555555556
null,0.05,D_cos_adv::decision::reward,9,5,4,3,3,0,0.6666666666666666,0.675,0.4444444444444444,0.5555555555555556
null,0.05,D_cos_adv::decision::unsigned,9,5,4,1,3,0,0.4444444444444444,0.475,0.4444444444444444,0.5555555555555556
null,0.05,D_soft::decision::reward,9,5,4,3,3,0,0.6666666666666666,0.675,0.4444444444444444,0.5555555555555556
null,0.05,D_soft::decision::unsigned,9,5,4,1,3,0,0.4444444444444444,0.475,0.4444444444444444,0.5555555555555556
null,0.05,D_soft_cos::decision::reward,9,5,4,2,3,0,0.5555555555555556,0.575,0.4444444444444444,0.5555555555555556
null,0.05,D_soft_cos::decision::unsigned,9,5,4,1,4,0,0.5555555555555556,0.6,0.4444444444444444,0.5555555555555556
null,0.05,D_sigmoid::decision::reward,9,5,4,2,3,0,0.5555555555555556,0.575,0.4444444444444444,0.5555555555555556
null,0.05,D_sigmoid::decision::unsigned,9,5,4,2,3,0,0.5555555555555556,0.575,0.4444444444444444,0.5555555555555556
null,0.05,D_tauC_q25::decision::reward,9,5,4,2,4,0,0.6666666666666666,0.7,0.4444444444444444,0.5555555555555556
null,0.05,D_tauC_q25::decision::unsigned,9,5,4,2,4,0,0.6666666666666666,0.7,0.4444444444444444,0.5555555555555556
null,0.05,D_tauC_q50::decision::reward,9,5,4,3,3,0,0.6666666666666666,0.675,0.4444444444444444,0.5555555555555556
null,0.05,D_tauC_q50::decision::unsigned,9,5,4,1,3,0,0.4444444444444444,0.475,0.4444444444444444,0.5555555555555556
null,0.05,D_tauC_q75::decision::reward,9,5,4,3,3,0,0.6666666666666666,0.675,0.4444444444444444,0.5555555555555556
null,0.05,D_tauC_q75::decision::unsigned,9,5,4,2,3,0,0.5555555555555556,0.575,0.4444444444444444,0.5555555555555556
null,0.05,D_delta_q25::decision::reward,9,5,4,2,2,0,0.4444444444444444,0.45,0.4444444444444444,0.5555555555555556
null,0.05,D_delta_q25::decision::unsigned,9,5,4,1,3,0,0.4444444444444444,0.475,0.4444444444444444,0.5555555555555556
null,0.05,D_delta_q50::decision::reward,9,5,4,2,2,0,0.4444444444444444,0.45,0.4444444444444444,0.5555555555555556
null,0.05,D_delta_q50::decision::unsigned,9,5,4,1,3,0,0.4444444444444444,0.475,0.4444444444444444,0.5555555555555556
null,0.05,D_delta_q75::decision::reward,9,5,4,4,2,0,0.6666666666666666,0.65,0.4444444444444444,0.5555555555555556
null,0.05,D_delta_q75::decision::unsigned,9,5,4,2,3,0,0.5555555555555556,0.575,0.4444444444444444,0.5555555555555556
null,0.05,D_winsor::decision::reward,9,5,4,2,2,0,0.4444444444444444,0.45,0.4444444444444444,0.5555555555555556
null,0.05,D_winsor::decision::unsigned,9,5,4,1,3,0,0.4444444444444444,0.475,0.4444444444444444,0.5555555555555556
null,0.05,D_tanh::decision::reward,9,5,4,2,2,0,0.4444444444444444,0.45,0.4444444444444444,0.5555555555555556
null,0.05,D_tanh::decision::unsigned,9,5,4,1,3,0,0.4444444444444444,0.475,0.4444444444444444,0.5555555555555556
null,0.05,D_action_sign::decision::reward,9,5,4,1,4,0,0.5555555555555556,0.6,0.4444444444444444,0.5555555555555556
null,0.05,D_action_sign::decision::unsigned,9,5,4,4,0,0,0.4444444444444444,0.4,0.4444444444444444,0.5555555555555556
null,0.05,D_action_adv::decision::reward,9,5,4,1,4,0,0.5555555555555556,0.6,0.4444444444444444,0.5555555555555556
null,0.05,D_action_adv::decision::unsigned,9,5,4,4,0,0,0.4444444444444444,0.4,0.4444444444444444,0.5555555555555556
null,0.05,D_action_adv_clip::decision::reward,9,5,4,1,4,0,0.5555555555555556,0.6,0.4444444444444444,0.5555555555555556
null,0.05,D_action_adv_clip::decision::unsigned,9,5,4,4,0,0,0.4444444444444444,0.4,0.4444444444444444,0.5555555555555556
null,0.05,D_ratio_adv::decision::reward,9,5,4,2,4,0,0.6666666666666666,0.7,0.4444444444444444,0.5555555555555556
null,0.05,D_ratio_adv::decision::unsigned,9,5,4,4,0,0,0.4444444444444444,0.4,0.4444444444444444,0.5555555555555556
null,0.05,D_policy_action_adv::decision::reward,9,5,4,2,4,0,0.6666666666666666,0.7,0.4444444444444444,0.5555555555555556
null,0.05,D_policy_action_adv::decision::unsigned,9,5,4,5,0,0,0.5555555555555556,0.5,0.4444444444444444,0.5555555555555556
null,0.05,D_reward_only::decision::reward,9,5,4,2,1,0,0.3333333333333333,0.325,0.4444444444444444,0.5555555555555556
null,0.05,D_reward_only::decision::unsigned,9,5,4,0,4,0,0.4444444444444444,0.5,0.4444444444444444,0.5555555555555556
null,0.05,D_signed::game::reward,9,5,4,2,2,0,0.4444444444444444,0.45,0.4444444444444444,0.5555555555555556
null,0.05,D_signed::game::unsigned,9,5,4,1,3,0,0.4444444444444444,0.475,0.4444444444444444,0.5555555555555556
null,0.05,D_signed_gate::game::reward,9,5,4,2,4,0,0.6666666666666666,0.7,0.4444444444444444,0.5555555555555556
null,0.05,D_signed_gate::game::unsigned,9,5,4,1,4,0,0.5555555555555556,0.6,0.4444444444444444,0.5555555555555556
null,0.05,D_sign_balance::game::reward,9,5,4,2,2,0,0.4444444444444444,0.45,0.4444444444444444,0.5555555555555556
null,0.05,D_sign_balance::game::unsigned,9,5,4,2,3,0,0.5555555555555556,0.575,0.4444444444444444,0.5555555555555556
null,0.05,D_adv::game::reward,9,5,4,3,3,0,0.6666666666666666,0.675,0.4444444444444444,0.5555555555555556
null,0.05,D_adv::game::unsigned,9,5,4,1,3,0,0.4444444444444444,0.475,0.4444444444444444,0.5555555555555556
null,0.05,D_adv_gate::game::reward,9,5,4,2,4,0,0.6666666666666666,0.7,0.4444444444444444,0.5555555555555556
null,0.05,D_adv_gate::game::unsigned,9,5,4,1,4,0,0.5555555555555556,0.6,0.4444444444444444,0.5555555555555556
null,0.05,D_sqrtadv::game::reward,9,5,4,2,3,0,0.5555555555555556,0.575,0.4444444444444444,0.5555555555555556
null,0.05,D_sqrtadv::game::unsigned,9,5,4,1,3,0,0.4444444444444444,0.475,0.4444444444444444,0.5555555555555556
null,0.05,D_work::game::reward,9,5,4,1,4,0,0.5555555555555556,0.6,0.4444444444444444,0.5555555555555556
null,0.05,D_work::game::unsigned,9,5,4,2,2,0,0.4444444444444444,0.45,0.4444444444444444,0.5555555555555556
null,0.05,D_work_gate::game::reward,9,5,4,1,4,0,0.5555555555555556,0.6,0.4444444444444444,0.5555555555555556
null,0.05,D_work_gate::game::unsigned,9,5,4,2,4,0,0.6666666666666666,0.7,0.4444444444444444,0.5555555555555556
null,0.05,D_cos_raw::game::reward,9,5,4,2,3,0,0.5555555555555556,0.575,0.4444444444444444,0.5555555555555556
null,0.05,D_cos_raw::game::unsigned,9,5,4,1,3,0,0.4444444444444444,0.475,0.4444444444444444,0.5555555555555556
null,0.05,D_cos_centered::game::reward,9,5,4,2,3,0,0.5555555555555556,0.575,0.4444444444444444,0.5555555555555556
null,0.05,D_cos_centered::game::unsigned,9,5,4,1,3,0,0.4444444444444444,0.475,0.4444444444444444,0.5555555555555556
null,0.05,D_cos_centered_gate::game::reward,9,5,4,2,4,0,0.6666666666666666,0.7,0.4444444444444444,0.5555555555555556
null,0.05,D_cos_centered_gate::game::unsigned,9,5,4,1,4,0,0.5555555555555556,0.6,0.4444444444444444,0.5555555555555556
null,0.05,D_cos_adv::game::reward,9,5,4,3,4,0,0.7777777777777778,0.8,0.4444444444444444,0.5555555555555556
null,0.05,D_cos_adv::game::unsigned,9,5,4,1,3,0,0.4444444444444444,0.475,0.4444444444444444,0.5555555555555556
null,0.05,D_soft::game::reward,9,5,4,2,4,0,0.6666666666666666,0.7,0.4444444444444444,0.5555555555555556
null,0.05,D_soft::game::unsigned,9,5,4,2,3,0,0.5555555555555556,0.575,0.4444444444444444,0.5555555555555556
null,0.05,D_soft_cos::game::reward,9,5,4,2,3,0,0.5555555555555556,0.575,0.4444444444444444,0.5555555555555556
null,0.05,D_soft_cos::game::unsigned,9,5,4,2,4,0,0.6666666666666666,0.7,0.4444444444444444,0.5555555555555556
null,0.05,D_sigmoid::game::reward,9,5,4,2,4,0,0.6666666666666666,0.7,0.4444444444444444,0.5555555555555556
null,0.05,D_sigmoid::game::unsigned,9,5,4,2,3,0,0.5555555555555556,0.575,0.4444444444444444,0.5555555555555556
null,0.05,D_tauC_q25::game::reward,9,5,4,2,4,0,0.6666666666666666,0.7,0.4444444444444444,0.5555555555555556
null,0.05,D_tauC_q25::game::unsigned,9,5,4,2,4,0,0.6666666666666666,0.7,0.4444444444444444,0.5555555555555556
null,0.05,D_tauC_q50::game::reward,9,5,4,2,3,0,0.5555555555555556,0.575,0.4444444444444444,0.5555555555555556
null,0.05,D_tauC_q50::game::unsigned,9,5,4,2,4,0,0.6666666666666666,0.7,0.4444444444444444,0.5555555555555556
null,0.05,D_tauC_q75::game::reward,9,5,4,3,3,0,0.6666666666666666,0.675,0.4444444444444444,0.5555555555555556
null,0.05,D_tauC_q75::game::unsigned,9,5,4,3,3,0,0.6666666666666666,0.675,0.4444444444444444,0.5555555555555556
null,0.05,D_delta_q25::game::reward,9,5,4,3,2,0,0.5555555555555556,0.55,0.4444444444444444,0.5555555555555556
null,0.05,D_delta_q25::game::unsigned,9,5,4,1,3,0,0.4444444444444444,0.475,0.4444444444444444,0.5555555555555556
null,0.05,D_delta_q50::game::reward,9,5,4,3,2,0,0.5555555555555556,0.55,0.4444444444444444,0.5555555555555556
null,0.05,D_delta_q50::game::unsigned,9,5,4,2,3,0,0.5555555555555556,0.575,0.4444444444444444,0.5555555555555556
null,0.05,D_delta_q75::game::reward,9,5,4,3,2,0,0.5555555555555556,0.55,0.4444444444444444,0.5555555555555556
null,0.05,D_delta_q75::game::unsigned,9,5,4,1,3,0,0.4444444444444444,0.475,0.4444444444444444,0.5555555555555556
null,0.05,D_winsor::game::reward,9,5,4,2,2,0,0.4444444444444444,0.45,0.4444444444444444,0.5555555555555556
null,0.05,D_winsor::game::unsigned,9,5,4,1,3,0,0.4444444444444444,0.475,0.4444444444444444,0.5555555555555556
null,0.05,D_tanh::game::reward,9,5,4,2,3,0,0.5555555555555556,0.575,0.4444444444444444,0.5555555555555556
null,0.05,D_tanh::game::unsigned,9,5,4,1,3,0,0.4444444444444444,0.475,0.4444444444444444,0.5555555555555556
null,0.05,D_action_sign::game::reward,9,5,4,1,3,0,0.4444444444444444,0.475,0.4444444444444444,0.5555555555555556
null,0.05,D_action_sign::game::unsigned,9,5,4,4,0,0,0.4444444444444444,0.4,0.4444444444444444,0.5555555555555556
null,0.05,D_action_adv::game::reward,9,5,4,1,3,0,0.4444444444444444,0.475,0.4444444444444444,0.5555555555555556
null,0.05,D_action_adv::game::unsigned,9,5,4,4,0,0,0.4444444444444444,0.4,0.4444444444444444,0.5555555555555556
null,0.05,D_action_adv_clip::game::reward,9,5,4,1,3,0,0.4444444444444444,0.475,0.4444444444444444,0.5555555555555556
null,0.05,D_action_adv_clip::game::unsigned,9,5,4,4,0,0,0.4444444444444444,0.4,0.4444444444444444,0.5555555555555556
null,0.05,D_ratio_adv::game::reward,9,5,4,1,3,0,0.4444444444444444,0.475,0.4444444444444444,0.5555555555555556
null,0.05,D_ratio_adv::game::unsigned,9,5,4,3,1,0,0.4444444444444444,0.425,0.4444444444444444,0.5555555555555556
null,0.05,D_policy_action_adv::game::reward,9,5,4,2,4,0,0.6666666666666666,0.7,0.4444444444444444,0.5555555555555556
null,0.05,D_policy_action_adv::game::unsigned,9,5,4,5,0,0,0.5555555555555556,0.5,0.4444444444444444,0.5555555555555556
null,0.05,D_reward_only::game::reward,9,5,4,2,3,0,0.5555555555555556,0.575,0.4444444444444444,0.5555555555555556
null,0.05,D_reward_only::game::unsigned,9,5,4,0,4,0,0.4444444444444444,0.5,0.4444444444444444,0.5555555555555556
