purpose,skill_id,context_id,phase,control,anchor_count,game_count,continuation_repeats,original_success,control_success,semantic_or_total_margin,ci_low,ci_high
evidence,cle_003,clean,all,placebo,50,31,2,0.5161290322580645,0.0,0.5161290322580645,0.3548387096774194,0.6693548387096774
evidence,cle_003,clean,all,null,50,31,2,0.5161290322580645,0.0,0.5161290322580645,0.3548387096774194,0.6693548387096774
evidence,cle_003,clean,early,placebo,20,18,2,0.4444444444444444,0.0,0.4444444444444444,0.2222222222222222,0.6666666666666666
evidence,cle_003,clean,early,null,20,18,2,0.4444444444444444,0.0,0.4444444444444444,0.2222222222222222,0.6666666666666666
evidence,cle_003,clean,middle,placebo,30,22,2,0.4318181818181818,0.0,0.4318181818181818,0.25,0.625
evidence,cle_003,clean,middle,null,30,22,2,0.4318181818181818,0.0,0.4318181818181818,0.25,0.625
evidence,cle_004,clean,all,placebo,50,31,2,0.3225806451612903,0.27419354838709675,0.04838709677419355,0.0,0.11290322580645161
evidence,cle_004,clean,all,null,50,31,2,0.3225806451612903,0.2903225806451613,0.03225806451612903,-0.03225806451612903,0.10483870967741936
evidence,cle_004,clean,early,placebo,50,31,2,0.3225806451612903,0.27419354838709675,0.04838709677419355,0.0,0.12096774193548387
evidence,cle_004,clean,early,null,50,31,2,0.3225806451612903,0.2903225806451613,0.03225806451612903,-0.04032258064516129,0.10483870967741936
evidence,cle_006,clean,all,placebo,50,31,2,0.3064516129032258,0.3064516129032258,0.0,0.0,0.0
evidence,cle_006,clean,all,null,50,31,2,0.3064516129032258,0.3064516129032258,0.0,0.0,0.0
evidence,cle_006,clean,initial,placebo,50,31,2,0.3064516129032258,0.3064516129032258,0.0,0.0,0.0
evidence,cle_006,clean,initial,null,50,31,2,0.3064516129032258,0.3064516129032258,0.0,0.0,0.0
evidence,gen_002,clean,all,placebo,50,29,2,0.5689655172413793,0.5603448275862069,0.008620689655172414,0.0,0.034482758620689655
evidence,gen_002,clean,all,null,50,29,2,0.5689655172413793,0.5689655172413793,0.0,-0.034482758620689655,0.034482758620689655
evidence,gen_002,clean,early,placebo,26,18,2,0.5972222222222222,0.5694444444444444,0.027777777777777776,0.0,0.1111111111111111
evidence,gen_002,clean,early,null,26,18,2,0.5972222222222222,0.5972222222222222,0.0,-0.08333333333333333,0.1111111111111111
evidence,gen_002,clean,middle,placebo,23,17,2,0.47058823529411764,0.47058823529411764,0.0,0.0,0.0
evidence,gen_002,clean,middle,null,23,17,2,0.47058823529411764,0.47058823529411764,0.0,0.0,0.0
evidence,gen_002,clean,late,placebo,1,1,2,0.0,0.0,0.0,0.0,0.0
evidence,gen_002,clean,late,null,1,1,2,0.0,0.0,0.0,0.0,0.0
gold,cle_003,clean,all,placebo,50,31,4,0.532258064516129,0.06854838709677419,0.4637096774193548,0.31048387096774194,0.6129032258064516
gold,cle_003,clean,all,null,50,31,4,0.532258064516129,0.056451612903225805,0.47580645161290325,0.3225806451612903,0.625
gold,cle_003,clean,early,placebo,20,18,4,0.4722222222222222,0.125,0.3472222222222222,0.1527777777777778,0.5555555555555556
gold,cle_003,clean,early,null,20,18,4,0.4722222222222222,0.09722222222222222,0.375,0.18055555555555555,0.5833333333333334
gold,cle_003,clean,middle,placebo,30,22,4,0.4431818181818182,0.0,0.4431818181818182,0.2556818181818182,0.6363636363636364
gold,cle_003,clean,middle,null,30,22,4,0.4431818181818182,0.0,0.4431818181818182,0.2556818181818182,0.6306818181818182
gold,cle_004,clean,all,placebo,50,31,4,0.3387096774193548,0.27419354838709675,0.06451612903225806,-0.012096774193548387,0.14919354838709678
gold,cle_004,clean,all,null,50,31,4,0.3387096774193548,0.3387096774193548,0.0,-0.06048387096774194,0.06048387096774194
gold,cle_004,clean,early,placebo,50,31,4,0.3387096774193548,0.27419354838709675,0.06451612903225806,-0.012096774193548387,0.14919354838709678
gold,cle_004,clean,early,null,50,31,4,0.3387096774193548,0.3387096774193548,0.0,-0.06048387096774194,0.06048387096774194
gold,cle_006,clean,all,placebo,50,31,4,0.4596774193548387,0.4435483870967742,0.016129032258064516,-0.020161290322580645,0.056451612903225805
gold,cle_006,clean,all,null,50,31,4,0.4596774193548387,0.45161290322580644,0.008064516129032258,-0.024193548387096774,0.04435483870967742
gold,cle_006,clean,initial,placebo,50,31,4,0.4596774193548387,0.4435483870967742,0.016129032258064516,-0.020161290322580645,0.056451612903225805
gold,cle_006,clean,initial,null,50,31,4,0.4596774193548387,0.45161290322580644,0.008064516129032258,-0.024193548387096774,0.04032258064516129
gold,gen_002,clean,all,placebo,50,29,4,0.6077586206896551,0.5775862068965517,0.03017241379310345,0.0,0.07758620689655173
gold,gen_002,clean,all,null,50,29,4,0.6077586206896551,0.5818965517241379,0.02586206896551724,0.0,0.07327586206896551
gold,gen_002,clean,early,placebo,26,18,4,0.6527777777777778,0.6527777777777778,0.0,0.0,0.0
gold,gen_002,clean,early,null,26,18,4,0.6527777777777778,0.6527777777777778,0.0,0.0,0.0
gold,gen_002,clean,middle,placebo,23,17,4,0.5441176470588235,0.47058823529411764,0.07352941176470588,0.0,0.17647058823529413
gold,gen_002,clean,middle,null,23,17,4,0.5441176470588235,0.4852941176470588,0.058823529411764705,0.0,0.14705882352941177
gold,gen_002,clean,late,placebo,1,1,4,0.0,0.0,0.0,0.0,0.0
gold,gen_002,clean,late,null,1,1,4,0.0,0.0,0.0,0.0,0.0
