control,phase,threshold,score,metric,point,low,high,mean,valid_draws,complete_pool_draws,missing_any_skill_draws
placebo,all,0.0,D_factor::token::reward,average_precision,0.29494949494949496,0.11805555555555555,0.5204466965496377,0.3149826742920754,1671,1674,326
placebo,all,0.0,D_factor::token::reward,auroc_decline_vs_rest,0.46153846153846156,0.2,0.7538461538461538,0.4802529308973583,1671,1674,326
placebo,all,0.0,D_factor::token::reward,auroc_decline_vs_increase,0.6,0.16666666666666666,0.8888888888888888,0.5411399806493634,1671,1674,326
placebo,all,0.0,D_factor::token::reward,spearman,0.10196154500320459,-0.32561615203288735,0.4327982989556358,0.06403356008464399,1674,1674,326
placebo,all,0.0,D_factor::token::reward,sign_accuracy_called,0.6666666666666666,0.4166666666666667,0.8571428571428571,0.6481204511670461,1674,1674,326
placebo,all,0.0,D_factor::token::reward,sign_coverage,1.0,1.0,1.0,1.0,1674,1674,326
placebo,all,0.0,D_factor::token::reward,sign_accuracy_abstention_wrong,0.6666666666666666,0.4166666666666667,0.8571428571428571,0.6481204511670461,1674,1674,326
placebo,all,0.0,D_factor::token::reward,balanced_accuracy_abstention_wrong,0.6,0.375,0.7909090909090909,0.5802579892346499,1671,1674,326
placebo,all,0.0,D_orientation::token::reward,average_precision,0.29494949494949496,0.11437908496732026,0.5169110981610981,0.313551265483597,1671,1674,326
placebo,all,0.0,D_orientation::token::reward,auroc_decline_vs_rest,0.46153846153846156,0.19642857142857142,0.75,0.47721376062373294,1671,1674,326
placebo,all,0.0,D_orientation::token::reward,auroc_decline_vs_increase,0.6,0.16666666666666666,0.8888888888888888,0.537091027973733,1671,1674,326
placebo,all,0.0,D_orientation::token::reward,spearman,0.097756945209258,-0.33316592009963003,0.42202336965907206,0.0604094701344041,1674,1674,326
placebo,all,0.0,D_orientation::token::reward,sign_accuracy_called,0.6666666666666666,0.4166666666666667,0.8571428571428571,0.6481204511670461,1674,1674,326
placebo,all,0.0,D_orientation::token::reward,sign_coverage,1.0,1.0,1.0,1.0,1674,1674,326
placebo,all,0.0,D_orientation::token::reward,sign_accuracy_abstention_wrong,0.6666666666666666,0.4166666666666667,0.8571428571428571,0.6481204511670461,1674,1674,326
placebo,all,0.0,D_orientation::token::reward,balanced_accuracy_abstention_wrong,0.6,0.375,0.7909090909090909,0.5802579892346499,1671,1674,326
placebo,all,0.0,D_factor_A1::token::reward_free,average_precision,0.43501400560224085,0.1213235294117647,0.6927281746031746,0.4102943875500176,1671,1674,326
placebo,all,0.0,D_factor_A1::token::reward_free,auroc_decline_vs_rest,0.4307692307692308,0.20819805194805197,0.84375,0.5091348946345807,1671,1674,326
placebo,all,0.0,D_factor_A1::token::reward_free,auroc_decline_vs_increase,0.42857142857142855,0.16666666666666666,0.8928571428571429,0.5144318245042789,1671,1674,326
placebo,all,0.0,D_factor_A1::token::reward_free,spearman,-0.02627874871216613,-0.3076863397283302,0.345201816064959,0.010614357341697201,1674,1674,326
placebo,all,0.0,D_orientation_A1::token::reward_free,average_precision,0.39612511671335204,0.11805555555555555,0.6666666666666666,0.396541545830915,1671,1674,326
placebo,all,0.0,D_orientation_A1::token::reward_free,auroc_decline_vs_rest,0.35384615384615387,0.17857142857142858,0.8253393665158371,0.4868534188476603,1671,1674,326
placebo,all,0.0,D_orientation_A1::token::reward_free,auroc_decline_vs_increase,0.34285714285714286,0.1356060606060606,0.8625,0.47963177947190944,1671,1674,326
placebo,all,0.0,D_orientation_A1::token::reward_free,spearman,-0.11037074459109775,-0.3527356244839741,0.3326765447934777,-0.030526198739407217,1674,1674,326
placebo,all,0.0,D_factor::decision::reward,average_precision,0.2822222222222222,0.11805555555555555,0.5096602182539682,0.3079421490517981,1671,1674,326
placebo,all,0.0,D_factor::decision::reward,auroc_decline_vs_rest,0.4307692307692308,0.18677884615384616,0.75,0.46164932337853326,1671,1674,326
placebo,all,0.0,D_factor::decision::reward,auroc_decline_vs_increase,0.5428571428571428,0.14285714285714285,0.8611111111111112,0.5119905855577396,1671,1674,326
placebo,all,0.0,D_factor::decision::reward,spearman,0.0536086473728189,-0.3353400624589409,0.39761529025037107,0.03769801702456843,1674,1674,326
placebo,all,0.0,D_factor::decision::reward,sign_accuracy_called,0.6666666666666666,0.4166666666666667,0.8571428571428571,0.6481204511670461,1674,1674,326
placebo,all,0.0,D_factor::decision::reward,sign_coverage,1.0,1.0,1.0,1.0,1674,1674,326
placebo,all,0.0,D_factor::decision::reward,sign_accuracy_abstention_wrong,0.6666666666666666,0.4166666666666667,0.8571428571428571,0.6481204511670461,1674,1674,326
placebo,all,0.0,D_factor::decision::reward,balanced_accuracy_abstention_wrong,0.6,0.375,0.7909090909090909,0.5802579892346499,1671,1674,326
placebo,all,0.0,D_orientation::decision::reward,average_precision,0.2822222222222222,0.11805555555555555,0.5103789031638296,0.3083846328169288,1671,1674,326
placebo,all,0.0,D_orientation::decision::reward,auroc_decline_vs_rest,0.4307692307692308,0.1875,0.75,0.4632333133912117,1671,1674,326
placebo,all,0.0,D_orientation::decision::reward,auroc_decline_vs_increase,0.5428571428571428,0.14285714285714285,0.8611111111111112,0.5148208751247991,1671,1674,326
placebo,all,0.0,D_orientation::decision::reward,spearman,0.06201784696071207,-0.33520024344013166,0.39965848078342614,0.04229431758638663,1674,1674,326
placebo,all,0.0,D_orientation::decision::reward,sign_accuracy_called,0.6666666666666666,0.4166666666666667,0.8571428571428571,0.6481204511670461,1674,1674,326
placebo,all,0.0,D_orientation::decision::reward,sign_coverage,1.0,1.0,1.0,1.0,1674,1674,326
placebo,all,0.0,D_orientation::decision::reward,sign_accuracy_abstention_wrong,0.6666666666666666,0.4166666666666667,0.8571428571428571,0.6481204511670461,1674,1674,326
placebo,all,0.0,D_orientation::decision::reward,balanced_accuracy_abstention_wrong,0.6,0.375,0.7909090909090909,0.5802579892346499,1671,1674,326
placebo,all,0.0,D_factor_A1::decision::reward_free,average_precision,0.44596638655462184,0.12878787878787878,0.6984126984126983,0.4196937871592289,1671,1674,326
placebo,all,0.0,D_factor_A1::decision::reward_free,auroc_decline_vs_rest,0.47692307692307695,0.2586538461538462,0.8444444444444444,0.5450694055711451,1671,1674,326
placebo,all,0.0,D_factor_A1::decision::reward_free,auroc_decline_vs_increase,0.45714285714285713,0.18692129629629628,0.9011904761904762,0.5402591992524239,1671,1674,326
placebo,all,0.0,D_factor_A1::decision::reward_free,spearman,0.03153449845459935,-0.26977870995301606,0.37532746673404777,0.04372295102272276,1674,1674,326
placebo,all,0.0,D_orientation_A1::decision::reward_free,average_precision,0.4154535660418014,0.125,0.671916971916972,0.40256193810071056,1671,1674,326
placebo,all,0.0,D_orientation_A1::decision::reward_free,auroc_decline_vs_rest,0.4153846153846154,0.23214285714285715,0.833198051948052,0.511652481537985,1671,1674,326
placebo,all,0.0,D_orientation_A1::decision::reward_free,auroc_decline_vs_increase,0.4,0.16666666666666666,0.8664772727272727,0.49945023530451416,1671,1674,326
placebo,all,0.0,D_orientation_A1::decision::reward_free,spearman,-0.04625059773341239,-0.32099219694205133,0.334769290080734,-0.004800408512897257,1674,1674,326
placebo,all,0.0,D_factor::game::reward,average_precision,0.3494749694749695,0.12254901960784315,0.4537201632789868,0.292855883268575,1671,1674,326
placebo,all,0.0,D_factor::game::reward,auroc_decline_vs_rest,0.5230769230769231,0.16666666666666666,0.71875,0.43536840769763113,1671,1674,326
placebo,all,0.0,D_factor::game::reward,auroc_decline_vs_increase,0.5714285714285714,0.1111111111111111,0.8125,0.4562420666995558,1671,1674,326
placebo,all,0.0,D_factor::game::reward,spearman,-0.027329898660652774,-0.363576798407446,0.2822384577203965,-0.04400603556084806,1674,1674,326
placebo,all,0.0,D_factor::game::reward,sign_accuracy_called,0.5833333333333334,0.3333333333333333,0.8181818181818182,0.5792938128511606,1674,1674,326
placebo,all,0.0,D_factor::game::reward,sign_coverage,1.0,1.0,1.0,1.0,1674,1674,326
placebo,all,0.0,D_factor::game::reward,sign_accuracy_abstention_wrong,0.5833333333333334,0.3333333333333333,0.8181818181818182,0.5792938128511606,1674,1674,326
placebo,all,0.0,D_factor::game::reward,balanced_accuracy_abstention_wrong,0.5285714285714286,0.4,0.6666666666666666,0.49531376097803387,1671,1674,326
placebo,all,0.0,D_orientation::game::reward,average_precision,0.33280830280830276,0.12250617030028796,0.4444918008643499,0.28327228321431225,1671,1674,326
placebo,all,0.0,D_orientation::game::reward,auroc_decline_vs_rest,0.5076923076923077,0.1685897435897436,0.6964285714285714,0.4241582631899426,1671,1674,326
placebo,all,0.0,D_orientation::game::reward,auroc_decline_vs_increase,0.5428571428571428,0.11011904761904762,0.7786458333333334,0.4364124841069784,1671,1674,326
placebo,all,0.0,D_orientation::game::reward,spearman,-0.0788362461364984,-0.3953331305030672,0.25131710473178964,-0.07673976770297446,1674,1674,326
placebo,all,0.0,D_orientation::game::reward,sign_accuracy_called,0.5833333333333334,0.3333333333333333,0.8181818181818182,0.5792938128511606,1674,1674,326
placebo,all,0.0,D_orientation::game::reward,sign_coverage,1.0,1.0,1.0,1.0,1674,1674,326
placebo,all,0.0,D_orientation::game::reward,sign_accuracy_abstention_wrong,0.5833333333333334,0.3333333333333333,0.8181818181818182,0.5792938128511606,1674,1674,326
placebo,all,0.0,D_orientation::game::reward,balanced_accuracy_abstention_wrong,0.5285714285714286,0.4,0.6666666666666666,0.49531376097803387,1671,1674,326
placebo,all,0.0,D_factor_A1::game::reward_free,average_precision,0.40964285714285714,0.12071886446886447,0.6594402786367073,0.4017860951315722,1671,1674,326
placebo,all,0.0,D_factor_A1::game::reward_free,auroc_decline_vs_rest,0.4153846153846154,0.23529411764705882,0.8,0.5168314636363152,1671,1674,326
placebo,all,0.0,D_factor_A1::game::reward_free,auroc_decline_vs_increase,0.37142857142857144,0.11349206349206349,0.8333333333333334,0.4758976229418437,1671,1674,326
placebo,all,0.0,D_factor_A1::game::reward_free,spearman,-0.08198969598195832,-0.33982875855254197,0.33528618841686514,-0.026935228503564255,1674,1674,326
placebo,all,0.0,D_orientation_A1::game::reward_free,average_precision,0.40219696969696966,0.11212121212121212,0.6574621212121212,0.3977026785250906,1671,1674,326
placebo,all,0.0,D_orientation_A1::game::reward_free,auroc_decline_vs_rest,0.38461538461538464,0.21428571428571427,0.790625,0.5035488447575843,1671,1674,326
placebo,all,0.0,D_orientation_A1::game::reward_free,auroc_decline_vs_increase,0.3142857142857143,0.09375,0.816468253968254,0.4544100159724893,1671,1674,326
placebo,all,0.0,D_orientation_A1::game::reward_free,spearman,-0.11983109412747756,-0.3610007064909141,0.3147851182529161,-0.049470780924098574,1674,1674,326
placebo,all,0.05,D_factor::token::reward,average_precision,0.18055555555555555,0.058823529411764705,0.44850734233087175,0.24326350543427236,1640,1674,326
placebo,all,0.05,D_factor::token::reward,auroc_decline_vs_rest,0.40625,0.0,0.8235294117647058,0.4383882002791167,1640,1674,326
placebo,all,0.05,D_factor::token::reward,auroc_decline_vs_increase,0.5,0.0,1.0,0.505076865332854,1640,1674,326
placebo,all,0.05,D_factor::token::reward,spearman,0.10196154500320459,-0.32561615203288735,0.4327982989556358,0.06403356008464399,1674,1674,326
placebo,all,0.05,D_factor::token::reward,sign_accuracy_called,0.875,0.375,0.9090909090909091,0.6759220452320811,1674,1674,326
placebo,all,0.05,D_factor::token::reward,sign_coverage,1.0,1.0,1.0,1.0,1674,1674,326
placebo,all,0.05,D_factor::token::reward,sign_accuracy_abstention_wrong,0.875,0.375,0.9090909090909091,0.6759220452320811,1674,1674,326
placebo,all,0.05,D_factor::token::reward,balanced_accuracy_abstention_wrong,0.75,0.35714285714285715,0.9285714285714286,0.5980776515151515,1640,1674,326
placebo,all,0.05,D_orientation::token::reward,average_precision,0.18055555555555555,0.058823529411764705,0.4455145573380866,0.2423716766499131,1640,1674,326
placebo,all,0.05,D_orientation::token::reward,auroc_decline_vs_rest,0.40625,0.0,0.8235294117647058,0.43624414422656893,1640,1674,326
placebo,all,0.05,D_orientation::token::reward,auroc_decline_vs_increase,0.5,0.0,1.0,0.5017067006341832,1640,1674,326
placebo,all,0.05,D_orientation::token::reward,spearman,0.097756945209258,-0.33316592009963003,0.42202336965907206,0.0604094701344041,1674,1674,326
placebo,all,0.05,D_orientation::token::reward,sign_accuracy_called,0.875,0.375,0.9090909090909091,0.6759220452320811,1674,1674,326
placebo,all,0.05,D_orientation::token::reward,sign_coverage,1.0,1.0,1.0,1.0,1674,1674,326
placebo,all,0.05,D_orientation::token::reward,sign_accuracy_abstention_wrong,0.875,0.375,0.9090909090909091,0.6759220452320811,1674,1674,326
placebo,all,0.05,D_orientation::token::reward,balanced_accuracy_abstention_wrong,0.75,0.35714285714285715,0.9285714285714286,0.5980776515151515,1640,1674,326
placebo,all,0.05,D_factor_A1::token::reward_free,average_precision,0.5714285714285714,0.07142857142857142,0.8333333333333333,0.4123716838715653,1640,1674,326
placebo,all,0.05,D_factor_A1::token::reward_free,auroc_decline_vs_rest,0.625,0.1785515873015873,0.96875,0.5733852688091837,1640,1674,326
placebo,all,0.05,D_factor_A1::token::reward_free,auroc_decline_vs_increase,0.5833333333333334,0.09988095238095239,1.0,0.5614067743659424,1640,1674,326
placebo,all,0.05,D_factor_A1::token::reward_free,spearman,-0.02627874871216613,-0.3076863397283302,0.345201816064959,0.010614357341697201,1674,1674,326
placebo,all,0.05,D_orientation_A1::token::reward_free,average_precision,0.5625,0.07142857142857142,0.8333333333333333,0.4071590932204675,1640,1674,326
placebo,all,0.05,D_orientation_A1::token::reward_free,auroc_decline_vs_rest,0.5625,0.12481617647058825,0.96875,0.5636889585237415,1640,1674,326
placebo,all,0.05,D_orientation_A1::token::reward_free,auroc_decline_vs_increase,0.5,0.0,1.0,0.5343740322379259,1640,1674,326
placebo,all,0.05,D_orientation_A1::token::reward_free,spearman,-0.11037074459109775,-0.3527356244839741,0.3326765447934777,-0.030526198739407217,1674,1674,326
placebo,all,0.05,D_factor::decision::reward,average_precision,0.18055555555555555,0.058823529411764705,0.44227777777777744,0.23978951482058225,1640,1674,326
placebo,all,0.05,D_factor::decision::reward,auroc_decline_vs_rest,0.40625,0.0,0.8235294117647058,0.4274060942494855,1640,1674,326
placebo,all,0.05,D_factor::decision::reward,auroc_decline_vs_increase,0.5,0.0,1.0,0.4847980597203158,1640,1674,326
placebo,all,0.05,D_factor::decision::reward,spearman,0.0536086473728189,-0.3353400624589409,0.39761529025037107,0.03769801702456843,1674,1674,326
placebo,all,0.05,D_factor::decision::reward,sign_accuracy_called,0.875,0.375,0.9090909090909091,0.6759220452320811,1674,1674,326
placebo,all,0.05,D_factor::decision::reward,sign_coverage,1.0,1.0,1.0,1.0,1674,1674,326
placebo,all,0.05,D_factor::decision::reward,sign_accuracy_abstention_wrong,0.875,0.375,0.9090909090909091,0.6759220452320811,1674,1674,326
placebo,all,0.05,D_factor::decision::reward,balanced_accuracy_abstention_wrong,0.75,0.35714285714285715,0.9285714285714286,0.5980776515151515,1640,1674,326
placebo,all,0.05,D_orientation::decision::reward,average_precision,0.18055555555555555,0.058823529411764705,0.44514922475400415,0.2399629172021728,1640,1674,326
placebo,all,0.05,D_orientation::decision::reward,auroc_decline_vs_rest,0.40625,0.0,0.8235294117647058,0.4282449158276364,1640,1674,326
placebo,all,0.05,D_orientation::decision::reward,auroc_decline_vs_increase,0.5,0.0,1.0,0.4866805243931768,1640,1674,326
placebo,all,0.05,D_orientation::decision::reward,spearman,0.06201784696071207,-0.33520024344013166,0.39965848078342614,0.04229431758638663,1674,1674,326
placebo,all,0.05,D_orientation::decision::reward,sign_accuracy_called,0.875,0.375,0.9090909090909091,0.6759220452320811,1674,1674,326
placebo,all,0.05,D_orientation::decision::reward,sign_coverage,1.0,1.0,1.0,1.0,1674,1674,326
placebo,all,0.05,D_orientation::decision::reward,sign_accuracy_abstention_wrong,0.875,0.375,0.9090909090909091,0.6759220452320811,1674,1674,326
placebo,all,0.05,D_orientation::decision::reward,balanced_accuracy_abstention_wrong,0.75,0.35714285714285715,0.9285714285714286,0.5980776515151515,1640,1674,326
placebo,all,0.05,D_factor_A1::decision::reward_free,average_precision,0.5714285714285714,0.08333333333333333,0.8333333333333333,0.42355016542678914,1640,1674,326
placebo,all,0.05,D_factor_A1::decision::reward_free,auroc_decline_vs_rest,0.625,0.23529411764705882,0.96875,0.6103025364660049,1640,1674,326
placebo,all,0.05,D_factor_A1::decision::reward_free,auroc_decline_vs_increase,0.5833333333333334,0.1111111111111111,1.0,0.5928990182331862,1640,1674,326
placebo,all,0.05,D_factor_A1::decision::reward_free,spearman,0.03153449845459935,-0.26977870995301606,0.37532746673404777,0.04372295102272276,1674,1674,326
placebo,all,0.05,D_orientation_A1::decision::reward_free,average_precision,0.5666666666666667,0.07692307692307693,0.8333333333333333,0.4098273796348613,1640,1674,326
placebo,all,0.05,D_orientation_A1::decision::reward_free,auroc_decline_vs_rest,0.59375,0.17647058823529413,0.96875,0.5838986965031621,1640,1674,326
placebo,all,0.05,D_orientation_A1::decision::reward_free,auroc_decline_vs_increase,0.5833333333333334,0.08333333333333333,1.0,0.5492509852549051,1640,1674,326
placebo,all,0.05,D_orientation_A1::decision::reward_free,spearman,-0.04625059773341239,-0.32099219694205133,0.334769290080734,-0.004800408512897257,1674,1674,326
placebo,all,0.05,D_factor::game::reward,average_precision,0.2222222222222222,0.058823529411764705,0.3896381052420968,0.2255078447992563,1640,1674,326
placebo,all,0.05,D_factor::game::reward,auroc_decline_vs_rest,0.4375,0.0,0.8,0.4008032428176797,1640,1674,326
placebo,all,0.05,D_factor::game::reward,auroc_decline_vs_increase,0.5,0.0,0.9,0.42188578480172556,1640,1674,326
placebo,all,0.05,D_factor::game::reward,spearman,-0.027329898660652774,-0.363576798407446,0.2822384577203965,-0.04400603556084806,1674,1674,326
placebo,all,0.05,D_factor::game::reward,sign_accuracy_called,0.75,0.3,0.875,0.5874041728880438,1674,1674,326
placebo,all,0.05,D_factor::game::reward,sign_coverage,1.0,1.0,1.0,1.0,1674,1674,326
placebo,all,0.05,D_factor::game::reward,sign_accuracy_abstention_wrong,0.75,0.3,0.875,0.5874041728880438,1674,1674,326
placebo,all,0.05,D_factor::game::reward,balanced_accuracy_abstention_wrong,0.6666666666666667,0.3333333333333333,0.7,0.48849034772815253,1640,1674,326
placebo,all,0.05,D_orientation::game::reward,average_precision,0.18055555555555555,0.058823529411764705,0.3767294505214673,0.21422572151941963,1640,1674,326
placebo,all,0.05,D_orientation::game::reward,auroc_decline_vs_rest,0.40625,0.0,0.7777777777777778,0.3876783112471778,1640,1674,326
placebo,all,0.05,D_orientation::game::reward,auroc_decline_vs_increase,0.4166666666666667,0.0,0.8333333333333334,0.39300869927916965,1640,1674,326
placebo,all,0.05,D_orientation::game::reward,spearman,-0.0788362461364984,-0.3953331305030672,0.25131710473178964,-0.07673976770297446,1674,1674,326
placebo,all,0.05,D_orientation::game::reward,sign_accuracy_called,0.75,0.3,0.875,0.5874041728880438,1674,1674,326
placebo,all,0.05,D_orientation::game::reward,sign_coverage,1.0,1.0,1.0,1.0,1674,1674,326
placebo,all,0.05,D_orientation::game::reward,sign_accuracy_abstention_wrong,0.75,0.3,0.875,0.5874041728880438,1674,1674,326
placebo,all,0.05,D_orientation::game::reward,balanced_accuracy_abstention_wrong,0.6666666666666667,0.3333333333333333,0.7,0.48849034772815253,1640,1674,326
placebo,all,0.05,D_factor_A1::game::reward_free,average_precision,0.5714285714285714,0.08333333333333333,0.8333333333333333,0.41448816758033874,1640,1674,326
placebo,all,0.05,D_factor_A1::game::reward_free,auroc_decline_vs_rest,0.625,0.23529411764705882,0.96875,0.59681071834968,1640,1674,326
placebo,all,0.05,D_factor_A1::game::reward_free,auroc_decline_vs_increase,0.5833333333333334,0.07130952380952381,1.0,0.5429718409937269,1640,1674,326
placebo,all,0.05,D_factor_A1::game::reward_free,spearman,-0.08198969598195832,-0.33982875855254197,0.33528618841686514,-0.026935228503564255,1674,1674,326
placebo,all,0.05,D_orientation_A1::game::reward_free,average_precision,0.5666666666666667,0.08333333333333333,0.8333333333333333,0.41096493581750554,1640,1674,326
placebo,all,0.05,D_orientation_A1::game::reward_free,auroc_decline_vs_rest,0.59375,0.1785515873015873,0.96875,0.5837785553309676,1640,1674,326
placebo,all,0.05,D_orientation_A1::game::reward_free,auroc_decline_vs_increase,0.5,0.0,1.0,0.5207815750838399,1640,1674,326
placebo,all,0.05,D_orientation_A1::game::reward_free,spearman,-0.11983109412747756,-0.3610007064909141,0.3147851182529161,-0.049470780924098574,1674,1674,326
null,all,0.0,D_factor::token::reward,average_precision,0.27642390289449115,0.19155844155844157,0.5321290468110321,0.3543843363894605,1674,1674,326
null,all,0.0,D_factor::token::reward,auroc_decline_vs_rest,0.35384615384615387,0.2446394230769231,0.6071428571428571,0.41884283932397237,1674,1674,326
null,all,0.0,D_factor::token::reward,auroc_decline_vs_increase,0.4,0.21428571428571427,0.6788214285714286,0.44239034365058433,1674,1674,326
null,all,0.0,D_factor::token::reward,spearman,-0.1093195946426111,-0.41144679881514834,0.15695107504251984,-0.11277692673748338,1674,1674,326
null,all,0.0,D_factor::token::reward,sign_accuracy_called,0.6666666666666666,0.3333333333333333,0.75,0.558278294120588,1674,1674,326
null,all,0.0,D_factor::token::reward,sign_coverage,1.0,1.0,1.0,1.0,1674,1674,326
null,all,0.0,D_factor::token::reward,sign_accuracy_abstention_wrong,0.6666666666666666,0.3333333333333333,0.75,0.558278294120588,1674,1674,326
null,all,0.0,D_factor::token::reward,balanced_accuracy_abstention_wrong,0.6,0.425,0.7,0.5669655895014317,1674,1674,326
null,all,0.0,D_orientation::token::reward,average_precision,0.2809693574399456,0.19094304388422034,0.5344506044404941,0.35468729460495635,1674,1674,326
null,all,0.0,D_orientation::token::reward,auroc_decline_vs_rest,0.36923076923076925,0.24675324675324675,0.6012499999999996,0.41936561984227255,1674,1674,326
null,all,0.0,D_orientation::token::reward,auroc_decline_vs_increase,0.4,0.21900000000000003,0.6904761904761905,0.4497675354701938,1674,1674,326
null,all,0.0,D_orientation::token::reward,spearman,-0.09985924510623129,-0.4016590196119848,0.16710460331609056,-0.10604508873886756,1674,1674,326
null,all,0.0,D_orientation::token::reward,sign_accuracy_called,0.6666666666666666,0.3333333333333333,0.75,0.558278294120588,1674,1674,326
null,all,0.0,D_orientation::token::reward,sign_coverage,1.0,1.0,1.0,1.0,1674,1674,326
null,all,0.0,D_orientation::token::reward,sign_accuracy_abstention_wrong,0.6666666666666666,0.3333333333333333,0.75,0.558278294120588,1674,1674,326
null,all,0.0,D_orientation::token::reward,balanced_accuracy_abstention_wrong,0.6,0.425,0.7,0.5669655895014317,1674,1674,326
null,all,0.0,D_factor_A1::token::reward_free,average_precision,0.5648841354723707,0.23159381468204998,0.7153170359052713,0.5207879267253589,1674,1674,326
null,all,0.0,D_factor_A1::token::reward_free,auroc_decline_vs_rest,0.6461538461538462,0.3333333333333333,0.8035714285714286,0.5823299435070144,1674,1674,326
null,all,0.0,D_factor_A1::token::reward_free,auroc_decline_vs_increase,0.6285714285714286,0.2985416666666667,0.8571428571428571,0.5932759012786535,1674,1674,326
null,all,0.0,D_factor_A1::token::reward_free,spearman,0.12929144366385736,-0.18491614173193438,0.4593351293250046,0.13511242059710485,1674,1674,326
null,all,0.0,D_orientation_A1::token::reward_free,average_precision,0.46488413547237073,0.22896384375428494,0.6596092494787347,0.46394255135876267,1674,1674,326
null,all,0.0,D_orientation_A1::token::reward_free,auroc_decline_vs_rest,0.6307692307692307,0.32466346153846154,0.7922077922077922,0.5770918184946461,1674,1674,326
null,all,0.0,D_orientation_A1::token::reward_free,auroc_decline_vs_increase,0.6571428571428571,0.3142857142857143,0.8666666666666667,0.6034501675928327,1674,1674,326
null,all,0.0,D_orientation_A1::token::reward_free,spearman,0.17343974150029645,-0.1753700040071584,0.43609623285546867,0.1442302036576793,1674,1674,326
null,all,0.0,D_factor::decision::reward,average_precision,0.26827094474153296,0.18845315904139434,0.5287407792371028,0.34850838510610527,1674,1674,326
null,all,0.0,D_factor::decision::reward,auroc_decline_vs_rest,0.3384615384615385,0.22077922077922077,0.6103896103896104,0.40496211331038096,1674,1674,326
null,all,0.0,D_factor::decision::reward,auroc_decline_vs_increase,0.37142857142857144,0.1875,0.7,0.4422145162809098,1674,1674,326
null,all,0.0,D_factor::decision::reward,spearman,-0.08198969598195832,-0.4197418090267821,0.19048275897306455,-0.09988227586966772,1674,1674,326
null,all,0.0,D_factor::decision::reward,sign_accuracy_called,0.6666666666666666,0.3333333333333333,0.75,0.558278294120588,1674,1674,326
null,all,0.0,D_factor::decision::reward,sign_coverage,1.0,1.0,1.0,1.0,1674,1674,326
null,all,0.0,D_factor::decision::reward,sign_accuracy_abstention_wrong,0.6666666666666666,0.3333333333333333,0.75,0.558278294120588,1674,1674,326
null,all,0.0,D_factor::decision::reward,balanced_accuracy_abstention_wrong,0.6,0.425,0.7,0.5669655895014317,1674,1674,326
null,all,0.0,D_orientation::decision::reward,average_precision,0.2809693574399456,0.19936878276951808,0.5375279183643153,0.35875928076454283,1674,1674,326
null,all,0.0,D_orientation::decision::reward,auroc_decline_vs_rest,0.36923076923076925,0.23214285714285715,0.625,0.42459420451629726,1674,1674,326
null,all,0.0,D_orientation::decision::reward,auroc_decline_vs_increase,0.42857142857142855,0.23260416666666667,0.7298958333333331,0.4801964062721018,1674,1674,326
null,all,0.0,D_orientation::decision::reward,spearman,-0.029432198557626067,-0.37645425231608326,0.2308032863445961,-0.06161298006704171,1674,1674,326
null,all,0.0,D_orientation::decision::reward,sign_accuracy_called,0.6666666666666666,0.3333333333333333,0.75,0.558278294120588,1674,1674,326
null,all,0.0,D_orientation::decision::reward,sign_coverage,1.0,1.0,1.0,1.0,1674,1674,326
null,all,0.0,D_orientation::decision::reward,sign_accuracy_abstention_wrong,0.6666666666666666,0.3333333333333333,0.75,0.558278294120588,1674,1674,326
null,all,0.0,D_orientation::decision::reward,balanced_accuracy_abstention_wrong,0.6,0.425,0.7,0.5669655895014317,1674,1674,326
null,all,0.0,D_factor_A1::decision::reward_free,average_precision,0.5388235294117647,0.2330506333943834,0.7017153092006032,0.5074705751243079,1674,1674,326
null,all,0.0,D_factor_A1::decision::reward_free,auroc_decline_vs_rest,0.6153846153846154,0.32142857142857145,0.7903935185185184,0.5671506186502703,1674,1674,326
null,all,0.0,D_factor_A1::decision::reward_free,auroc_decline_vs_increase,0.5714285714285714,0.25,0.8333333333333334,0.5459889294258428,1674,1674,326
null,all,0.0,D_factor_A1::decision::reward_free,spearman,0.06937589660011859,-0.23489392298145,0.43087614964659726,0.09474591021218318,1674,1674,326
null,all,0.0,D_orientation_A1::decision::reward_free,average_precision,0.4578711484593837,0.23203781512605043,0.6641634765017117,0.4638080112386719,1674,1674,326
null,all,0.0,D_orientation_A1::decision::reward_free,auroc_decline_vs_rest,0.6307692307692307,0.33766233766233766,0.8,0.583936009701392,1674,1674,326
null,all,0.0,D_orientation_A1::decision::reward_free,auroc_decline_vs_increase,0.6285714285714286,0.3,0.8620833333333331,0.5888845258968146,1674,1674,326
null,all,0.0,D_orientation_A1::decision::reward_free,spearman,0.15977479216997006,-0.186238492933956,0.445658918427457,0.13884100274012467,1674,1674,326
null,all,0.0,D_factor::game::reward,average_precision,0.264302690773279,0.199447601010101,0.5406929855275443,0.35543240720513414,1674,1674,326
null,all,0.0,D_factor::game::reward,auroc_decline_vs_rest,0.35384615384615387,0.23584104938271605,0.6499503968253967,0.4309380939981298,1674,1674,326
null,all,0.0,D_factor::game::reward,auroc_decline_vs_increase,0.45714285714285713,0.25,0.75,0.4961973267427483,1674,1674,326
null,all,0.0,D_factor::game::reward,spearman,-0.006306899690919871,-0.3644398336102959,0.2505673118139112,-0.04796293603252296,1674,1674,326
null,all,0.0,D_factor::game::reward,sign_accuracy_called,0.5,0.2727272727272727,0.7,0.49096603317033427,1674,1674,326
null,all,0.0,D_factor::game::reward,sign_coverage,1.0,1.0,1.0,1.0,1674,1674,326
null,all,0.0,D_factor::game::reward,sign_accuracy_abstention_wrong,0.5,0.2727272727272727,0.7,0.49096603317033427,1674,1674,326
null,all,0.0,D_factor::game::reward,balanced_accuracy_abstention_wrong,0.4571428571428572,0.3,0.7176388888888886,0.494695224130708,1674,1674,326
null,all,0.0,D_orientation::game::reward,average_precision,0.264302690773279,0.19918300653594773,0.5408008952739345,0.35530161016309947,1674,1674,326
null,all,0.0,D_orientation::game::reward,auroc_decline_vs_rest,0.35384615384615387,0.23442760942760943,0.6461538461538462,0.4302781689691785,1674,1674,326
null,all,0.0,D_orientation::game::reward,auroc_decline_vs_increase,0.45714285714285713,0.25,0.75,0.4961973267427483,1674,1674,326
null,all,0.0,D_orientation::game::reward,spearman,-0.004204599793946581,-0.36254097776735295,0.25005662556714614,-0.047665394903034924,1674,1674,326
null,all,0.0,D_orientation::game::reward,sign_accuracy_called,0.5,0.2727272727272727,0.7,0.49096603317033427,1674,1674,326
null,all,0.0,D_orientation::game::reward,sign_coverage,1.0,1.0,1.0,1.0,1674,1674,326
null,all,0.0,D_orientation::game::reward,sign_accuracy_abstention_wrong,0.5,0.2727272727272727,0.7,0.49096603317033427,1674,1674,326
null,all,0.0,D_orientation::game::reward,balanced_accuracy_abstention_wrong,0.4571428571428572,0.3,0.7176388888888886,0.494695224130708,1674,1674,326
null,all,0.0,D_factor_A1::game::reward_free,average_precision,0.5578711484593837,0.2426479341736695,0.733422619047619,0.5336379968580114,1674,1674,326
null,all,0.0,D_factor_A1::game::reward_free,auroc_decline_vs_rest,0.6461538461538462,0.3869951923076923,0.8307692307692308,0.620638384507361,1674,1674,326
null,all,0.0,D_factor_A1::game::reward_free,auroc_decline_vs_increase,0.6285714285714286,0.3333333333333333,0.8857142857142857,0.6119551934793445,1674,1674,326
null,all,0.0,D_factor_A1::game::reward_free,spearman,0.1492632926851036,-0.1525700886010979,0.4871792538127699,0.15831999313751471,1674,1674,326
null,all,0.0,D_orientation_A1::game::reward_free,average_precision,0.4398841354723707,0.2384965834818776,0.667279411764706,0.46750962489669895,1674,1674,326
null,all,0.0,D_orientation_A1::game::reward_free,auroc_decline_vs_rest,0.6,0.37418981481481484,0.8,0.5980842249572337,1674,1674,326
null,all,0.0,D_orientation_A1::game::reward_free,auroc_decline_vs_increase,0.5714285714285714,0.3,0.8578373015873014,0.589113911364722,1674,1674,326
null,all,0.0,D_orientation_A1::game::reward_free,spearman,0.12298454397293748,-0.16980315830403658,0.43281983548732483,0.13026349762699035,1674,1674,326
null,all,0.05,D_factor::token::reward,average_precision,0.27642390289449115,0.10425857843137255,0.4436782421301853,0.2778058721171158,1674,1674,326
null,all,0.05,D_factor::token::reward,auroc_decline_vs_rest,0.35384615384615387,0.12256944444444448,0.6071428571428571,0.37274623976159277,1674,1674,326
null,all,0.05,D_factor::token::reward,auroc_decline_vs_increase,0.5,0.06510416666666667,0.7076719576719577,0.41550841821989565,1666,1674,326
null,all,0.05,D_factor::token::reward,spearman,-0.1093195946426111,-0.41144679881514834,0.15695107504251984,-0.11277692673748338,1674,1674,326
null,all,0.05,D_factor::token::reward,sign_accuracy_called,0.5555555555555556,0.2857142857142857,0.7777777777777778,0.5501418036364273,1674,1674,326
null,all,0.05,D_factor::token::reward,sign_coverage,1.0,1.0,1.0,1.0,1674,1674,326
null,all,0.05,D_factor::token::reward,sign_accuracy_abstention_wrong,0.5555555555555556,0.2857142857142857,0.7777777777777778,0.5501418036364273,1674,1674,326
null,all,0.05,D_factor::token::reward,balanced_accuracy_abstention_wrong,0.6,0.375,0.7,0.5657090217039197,1666,1674,326
null,all,0.05,D_orientation::token::reward,average_precision,0.2809693574399456,0.10361426767676768,0.443390689609177,0.27876192353349477,1674,1674,326
null,all,0.05,D_orientation::token::reward,auroc_decline_vs_rest,0.36923076923076925,0.1111111111111111,0.6071428571428571,0.37549785442279054,1674,1674,326
null,all,0.05,D_orientation::token::reward,auroc_decline_vs_increase,0.5,0.075,0.7142857142857143,0.4206365783274761,1666,1674,326
null,all,0.05,D_orientation::token::reward,spearman,-0.09985924510623129,-0.4016590196119848,0.16710460331609056,-0.10604508873886756,1674,1674,326
null,all,0.05,D_orientation::token::reward,sign_accuracy_called,0.5555555555555556,0.2857142857142857,0.7777777777777778,0.5501418036364273,1674,1674,326
null,all,0.05,D_orientation::token::reward,sign_coverage,1.0,1.0,1.0,1.0,1674,1674,326
null,all,0.05,D_orientation::token::reward,sign_accuracy_abstention_wrong,0.5555555555555556,0.2857142857142857,0.7777777777777778,0.5501418036364273,1674,1674,326
null,all,0.05,D_orientation::token::reward,balanced_accuracy_abstention_wrong,0.6,0.375,0.7,0.5657090217039197,1666,1674,326
null,all,0.05,D_factor_A1::token::reward_free,average_precision,0.5648841354723707,0.1919045695929887,0.7277777777777776,0.5175468647560916,1674,1674,326
null,all,0.05,D_factor_A1::token::reward_free,auroc_decline_vs_rest,0.6461538461538462,0.38873626373626374,0.8888888888888888,0.6523064943543515,1674,1674,326
null,all,0.05,D_factor_A1::token::reward_free,auroc_decline_vs_increase,0.6,0.26666666666666666,1.0,0.6301369924386987,1666,1674,326
null,all,0.05,D_factor_A1::token::reward_free,spearman,0.12929144366385736,-0.18491614173193438,0.4593351293250046,0.13511242059710485,1674,1674,326
null,all,0.05,D_orientation_A1::token::reward_free,average_precision,0.46488413547237073,0.1821925990675991,0.6280071858288768,0.4379366896813713,1674,1674,326
null,all,0.05,D_orientation_A1::token::reward_free,auroc_decline_vs_rest,0.6307692307692307,0.375,0.8823529411764706,0.6424473667133171,1674,1674,326
null,all,0.05,D_orientation_A1::token::reward_free,auroc_decline_vs_increase,0.65,0.2777777777777778,1.0,0.6467826983401069,1666,1674,326
null,all,0.05,D_orientation_A1::token::reward_free,spearman,0.17343974150029645,-0.1753700040071584,0.43609623285546867,0.1442302036576793,1674,1674,326
null,all,0.05,D_factor::decision::reward,average_precision,0.26827094474153296,0.10427807486631016,0.4298237442194243,0.27021660544607684,1674,1674,326
null,all,0.05,D_factor::decision::reward,auroc_decline_vs_rest,0.3384615384615385,0.1076923076923077,0.5725396825396822,0.3570443038763312,1674,1674,326
null,all,0.05,D_factor::decision::reward,auroc_decline_vs_increase,0.5,0.0734375,0.7142857142857143,0.41259057251018316,1666,1674,326
null,all,0.05,D_factor::decision::reward,spearman,-0.08198969598195832,-0.4197418090267821,0.19048275897306455,-0.09988227586966772,1674,1674,326
null,all,0.05,D_factor::decision::reward,sign_accuracy_called,0.5555555555555556,0.2857142857142857,0.7777777777777778,0.5501418036364273,1674,1674,326
null,all,0.05,D_factor::decision::reward,sign_coverage,1.0,1.0,1.0,1.0,1674,1674,326
null,all,0.05,D_factor::decision::reward,sign_accuracy_abstention_wrong,0.5555555555555556,0.2857142857142857,0.7777777777777778,0.5501418036364273,1674,1674,326
null,all,0.05,D_factor::decision::reward,balanced_accuracy_abstention_wrong,0.6,0.375,0.7,0.5657090217039197,1666,1674,326
null,all,0.05,D_orientation::decision::reward,average_precision,0.2809693574399456,0.10370617944147356,0.44301963209526235,0.2802933969042859,1674,1674,326
null,all,0.05,D_orientation::decision::reward,auroc_decline_vs_rest,0.36923076923076925,0.12466346153846154,0.6153846153846154,0.3802731515103695,1674,1674,326
null,all,0.05,D_orientation::decision::reward,auroc_decline_vs_increase,0.55,0.12,0.75,0.45847250011115553,1666,1674,326
null,all,0.05,D_orientation::decision::reward,spearman,-0.029432198557626067,-0.37645425231608326,0.2308032863445961,-0.06161298006704171,1674,1674,326
null,all,0.05,D_orientation::decision::reward,sign_accuracy_called,0.5555555555555556,0.2857142857142857,0.7777777777777778,0.5501418036364273,1674,1674,326
null,all,0.05,D_orientation::decision::reward,sign_coverage,1.0,1.0,1.0,1.0,1674,1674,326
null,all,0.05,D_orientation::decision::reward,sign_accuracy_abstention_wrong,0.5555555555555556,0.2857142857142857,0.7777777777777778,0.5501418036364273,1674,1674,326
null,all,0.05,D_orientation::decision::reward,balanced_accuracy_abstention_wrong,0.6,0.375,0.7,0.5657090217039197,1666,1674,326
null,all,0.05,D_factor_A1::decision::reward_free,average_precision,0.5388235294117647,0.18897977941176472,0.7073243856837604,0.5045374819508996,1674,1674,326
null,all,0.05,D_factor_A1::decision::reward_free,auroc_decline_vs_rest,0.6153846153846154,0.38461538461538464,0.875,0.6387961660838941,1674,1674,326
null,all,0.05,D_factor_A1::decision::reward_free,auroc_decline_vs_increase,0.5,0.2,0.9211309523809523,0.5747769981008276,1666,1674,326
null,all,0.05,D_factor_A1::decision::reward_free,spearman,0.06937589660011859,-0.23489392298145,0.43087614964659726,0.09474591021218318,1674,1674,326
null,all,0.05,D_orientation_A1::decision::reward_free,average_precision,0.4578711484593837,0.18074404761904764,0.6313532913165265,0.4402843438051391,1674,1674,326
null,all,0.05,D_orientation_A1::decision::reward_free,auroc_decline_vs_rest,0.6307692307692307,0.3772916666666667,0.8666666666666667,0.6483134783603164,1674,1674,326
null,all,0.05,D_orientation_A1::decision::reward_free,auroc_decline_vs_increase,0.6,0.2791666666666667,1.0,0.6330519832649614,1666,1674,326
null,all,0.05,D_orientation_A1::decision::reward_free,spearman,0.15977479216997006,-0.186238492933956,0.445658918427457,0.13884100274012467,1674,1674,326
null,all,0.05,D_factor::game::reward,average_precision,0.264302690773279,0.11437908496732026,0.45664748323571847,0.27971885995124707,1674,1674,326
null,all,0.05,D_factor::game::reward,auroc_decline_vs_rest,0.35384615384615387,0.15027243589743594,0.625,0.391205749044201,1674,1674,326
null,all,0.05,D_factor::game::reward,auroc_decline_vs_increase,0.5,0.1111111111111111,0.75,0.45721605478926264,1666,1674,326
null,all,0.05,D_factor::game::reward,spearman,-0.006306899690919871,-0.3644398336102959,0.2505673118139112,-0.04796293603252296,1674,1674,326
null,all,0.05,D_factor::game::reward,sign_accuracy_called,0.4444444444444444,0.2222222222222222,0.7142857142857143,0.4766612933727629,1674,1674,326
null,all,0.05,D_factor::game::reward,sign_coverage,1.0,1.0,1.0,1.0,1674,1674,326
null,all,0.05,D_factor::game::reward,sign_accuracy_abstention_wrong,0.4444444444444444,0.2222222222222222,0.7142857142857143,0.4766612933727629,1674,1674,326
null,all,0.05,D_factor::game::reward,balanced_accuracy_abstention_wrong,0.475,0.25,0.75,0.4864437441643324,1666,1674,326
null,all,0.05,D_orientation::game::reward,average_precision,0.264302690773279,0.11212121212121212,0.45730534638097664,0.2796544375275584,1674,1674,326
null,all,0.05,D_orientation::game::reward,auroc_decline_vs_rest,0.35384615384615387,0.125,0.6307692307692307,0.3903900036146827,1674,1674,326
null,all,0.05,D_orientation::game::reward,auroc_decline_vs_increase,0.5,0.1111111111111111,0.75,0.45721605478926264,1666,1674,326
null,all,0.05,D_orientation::game::reward,spearman,-0.004204599793946581,-0.36254097776735295,0.25005662556714614,-0.047665394903034924,1674,1674,326
null,all,0.05,D_orientation::game::reward,sign_accuracy_called,0.4444444444444444,0.2222222222222222,0.7142857142857143,0.4766612933727629,1674,1674,326
null,all,0.05,D_orientation::game::reward,sign_coverage,1.0,1.0,1.0,1.0,1674,1674,326
null,all,0.05,D_orientation::game::reward,sign_accuracy_abstention_wrong,0.4444444444444444,0.2222222222222222,0.7142857142857143,0.4766612933727629,1674,1674,326
null,all,0.05,D_orientation::game::reward,balanced_accuracy_abstention_wrong,0.475,0.25,0.75,0.4864437441643324,1666,1674,326
null,all,0.05,D_factor_A1::game::reward_free,average_precision,0.5578711484593837,0.20192563563887095,0.7337797619047617,0.5245826052459553,1674,1674,326
null,all,0.05,D_factor_A1::game::reward_free,auroc_decline_vs_rest,0.6461538461538462,0.4145673076923077,0.8888888888888888,0.6724355795568928,1674,1674,326
null,all,0.05,D_factor_A1::game::reward_free,auroc_decline_vs_increase,0.55,0.3333333333333333,1.0,0.650119592054509,1666,1674,326
null,all,0.05,D_factor_A1::game::reward_free,spearman,0.1492632926851036,-0.1525700886010979,0.4871792538127699,0.15831999313751471,1674,1674,326
null,all,0.05,D_orientation_A1::game::reward_free,average_precision,0.4398841354723707,0.197671930806122,0.6345989057239056,0.4381944006785607,1674,1674,326
null,all,0.05,D_orientation_A1::game::reward_free,auroc_decline_vs_rest,0.6,0.4,0.8615384615384616,0.6441838499337709,1674,1674,326
null,all,0.05,D_orientation_A1::game::reward_free,auroc_decline_vs_increase,0.55,0.3125,1.0,0.6373797653982228,1666,1674,326
null,all,0.05,D_orientation_A1::game::reward_free,spearman,0.12298454397293748,-0.16980315830403658,0.43281983548732483,0.13026349762699035,1674,1674,326
