scope,score,orientation,n_candidates,decline_threshold,n_declines,mean_decline_rank,average_precision,auroc_decline_vs_rest,spearman_risk_vs_decline,kendall_risk_vs_decline
old_30_to_31,D_contribution,1,4,0.0,0,,,,-0.7745966692414834,-0.7071067811865477
old_30_to_31,D_ungated_contribution,1,4,0.0,0,,,,-0.7745966692414834,-0.7071067811865477
old_30_to_31,delta_centered_norm,1,4,0.0,0,,,,-0.7745966692414834,-0.7071067811865477
old_30_to_31,P_int,-1,4,0.0,0,,,,0.7745966692414834,0.7071067811865477
old_30_to_31,forward_kl_original,1,4,0.0,0,,,,-0.2581988897471611,-0.2357022603955159
old_30_to_31,js_original,1,4,0.0,0,,,,-0.2581988897471611,-0.2357022603955159
old_30_to_31,u_control_norm,1,4,0.0,0,,,,-0.2581988897471611,-0.2357022603955159
old_30_to_31,D_contribution,1,4,0.05,0,,,,-0.7745966692414834,-0.7071067811865477
old_30_to_31,D_ungated_contribution,1,4,0.05,0,,,,-0.7745966692414834,-0.7071067811865477
old_30_to_31,delta_centered_norm,1,4,0.05,0,,,,-0.7745966692414834,-0.7071067811865477
old_30_to_31,P_int,-1,4,0.05,0,,,,0.7745966692414834,0.7071067811865477
old_30_to_31,forward_kl_original,1,4,0.05,0,,,,-0.2581988897471611,-0.2357022603955159
old_30_to_31,js_original,1,4,0.05,0,,,,-0.2581988897471611,-0.2357022603955159
old_30_to_31,u_control_norm,1,4,0.05,0,,,,-0.2581988897471611,-0.2357022603955159
old_31_to_32,D_contribution,1,4,0.0,1,3.0,0.3333333333333333,0.33333333333333337,-0.632455532033676,-0.5477225575051662
old_31_to_32,D_ungated_contribution,1,4,0.0,1,1.0,1.0,1.0,0.316227766016838,0.18257418583505539
old_31_to_32,delta_centered_norm,1,4,0.0,1,2.0,0.5,0.6666666666666667,-0.316227766016838,-0.18257418583505539
old_31_to_32,P_int,-1,4,0.0,1,2.0,0.5,0.6666666666666667,0.632455532033676,0.5477225575051662
old_31_to_32,forward_kl_original,1,4,0.0,1,1.0,1.0,1.0,0.9486832980505139,0.9128709291752769
old_31_to_32,js_original,1,4,0.0,1,1.0,1.0,1.0,0.632455532033676,0.5477225575051662
old_31_to_32,u_control_norm,1,4,0.0,1,3.0,0.3333333333333333,0.33333333333333337,-0.316227766016838,-0.18257418583505539
old_31_to_32,D_contribution,1,4,0.05,0,,,,-0.632455532033676,-0.5477225575051662
old_31_to_32,D_ungated_contribution,1,4,0.05,0,,,,0.316227766016838,0.18257418583505539
old_31_to_32,delta_centered_norm,1,4,0.05,0,,,,-0.316227766016838,-0.18257418583505539
old_31_to_32,P_int,-1,4,0.05,0,,,,0.632455532033676,0.5477225575051662
old_31_to_32,forward_kl_original,1,4,0.05,0,,,,0.9486832980505139,0.9128709291752769
old_31_to_32,js_original,1,4,0.05,0,,,,0.632455532033676,0.5477225575051662
old_31_to_32,u_control_norm,1,4,0.05,0,,,,-0.316227766016838,-0.18257418583505539
old_32_to_33,D_contribution,1,4,0.0,1,1.0,1.0,1.0,0.7745966692414834,0.7071067811865477
old_32_to_33,D_ungated_contribution,1,4,0.0,1,1.0,1.0,1.0,0.7745966692414834,0.7071067811865477
old_32_to_33,delta_centered_norm,1,4,0.0,1,1.0,1.0,1.0,0.7745966692414834,0.7071067811865477
old_32_to_33,P_int,-1,4,0.0,1,2.0,0.5,0.6666666666666667,0.2581988897471611,0.2357022603955159
old_32_to_33,forward_kl_original,1,4,0.0,1,3.0,0.3333333333333333,0.33333333333333337,-0.2581988897471611,-0.2357022603955159
old_32_to_33,js_original,1,4,0.0,1,3.0,0.3333333333333333,0.33333333333333337,-0.2581988897471611,-0.2357022603955159
old_32_to_33,u_control_norm,1,4,0.0,1,3.0,0.3333333333333333,0.33333333333333337,-0.2581988897471611,-0.2357022603955159
old_32_to_33,D_contribution,1,4,0.05,0,,,,0.7745966692414834,0.7071067811865477
old_32_to_33,D_ungated_contribution,1,4,0.05,0,,,,0.7745966692414834,0.7071067811865477
old_32_to_33,delta_centered_norm,1,4,0.05,0,,,,0.7745966692414834,0.7071067811865477
old_32_to_33,P_int,-1,4,0.05,0,,,,0.2581988897471611,0.2357022603955159
old_32_to_33,forward_kl_original,1,4,0.05,0,,,,-0.2581988897471611,-0.2357022603955159
old_32_to_33,js_original,1,4,0.05,0,,,,-0.2581988897471611,-0.2357022603955159
old_32_to_33,u_control_norm,1,4,0.05,0,,,,-0.2581988897471611,-0.2357022603955159
old_33_to_34,D_contribution,1,3,0.0,0,,,,-0.5,-0.33333333333333337
old_33_to_34,D_ungated_contribution,1,3,0.0,0,,,,-0.5,-0.33333333333333337
old_33_to_34,delta_centered_norm,1,3,0.0,0,,,,-0.5,-0.33333333333333337
old_33_to_34,P_int,-1,3,0.0,0,,,,0.5,0.33333333333333337
old_33_to_34,forward_kl_original,1,3,0.0,0,,,,-1.0,-1.0
old_33_to_34,js_original,1,3,0.0,0,,,,-1.0,-1.0
old_33_to_34,u_control_norm,1,3,0.0,0,,,,0.5,0.33333333333333337
old_33_to_34,D_contribution,1,3,0.05,0,,,,-0.5,-0.33333333333333337
old_33_to_34,D_ungated_contribution,1,3,0.05,0,,,,-0.5,-0.33333333333333337
old_33_to_34,delta_centered_norm,1,3,0.05,0,,,,-0.5,-0.33333333333333337
old_33_to_34,P_int,-1,3,0.05,0,,,,0.5,0.33333333333333337
old_33_to_34,forward_kl_original,1,3,0.05,0,,,,-1.0,-1.0
old_33_to_34,js_original,1,3,0.05,0,,,,-1.0,-1.0
old_33_to_34,u_control_norm,1,3,0.05,0,,,,0.5,0.33333333333333337
old_34_to_35,D_contribution,1,4,0.0,2,1.5,1.0,1.0,0.7378647873726218,0.5477225575051662
old_34_to_35,D_ungated_contribution,1,4,0.0,2,1.5,1.0,1.0,0.7378647873726218,0.5477225575051662
old_34_to_35,delta_centered_norm,1,4,0.0,2,1.5,1.0,1.0,0.7378647873726218,0.5477225575051662
old_34_to_35,P_int,-1,4,0.0,2,3.5,0.41666666666666663,0.0,-0.7378647873726218,-0.5477225575051662
old_34_to_35,forward_kl_original,1,4,0.0,2,2.0,0.8333333333333333,0.75,0.632455532033676,0.5477225575051662
old_34_to_35,js_original,1,4,0.0,2,2.0,0.8333333333333333,0.75,0.632455532033676,0.5477225575051662
old_34_to_35,u_control_norm,1,4,0.0,2,1.5,1.0,1.0,0.7378647873726218,0.5477225575051662
old_34_to_35,D_contribution,1,4,0.05,1,2.0,0.5,0.6666666666666667,0.7378647873726218,0.5477225575051662
old_34_to_35,D_ungated_contribution,1,4,0.05,1,2.0,0.5,0.6666666666666667,0.7378647873726218,0.5477225575051662
old_34_to_35,delta_centered_norm,1,4,0.05,1,2.0,0.5,0.6666666666666667,0.7378647873726218,0.5477225575051662
old_34_to_35,P_int,-1,4,0.05,1,3.0,0.3333333333333333,0.33333333333333337,-0.7378647873726218,-0.5477225575051662
old_34_to_35,forward_kl_original,1,4,0.05,1,1.0,1.0,1.0,0.632455532033676,0.5477225575051662
old_34_to_35,js_original,1,4,0.05,1,1.0,1.0,1.0,0.632455532033676,0.5477225575051662
old_34_to_35,u_control_norm,1,4,0.05,1,2.0,0.5,0.6666666666666667,0.7378647873726218,0.5477225575051662
new_35_to_40,D_contribution,1,3,0.0,2,2.5,0.5833333333333333,0.0,-0.5,-0.33333333333333337
new_35_to_40,D_ungated_contribution,1,3,0.0,2,2.5,0.5833333333333333,0.0,-0.5,-0.33333333333333337
new_35_to_40,delta_centered_norm,1,3,0.0,2,2.5,0.5833333333333333,0.0,-0.5,-0.33333333333333337
new_35_to_40,P_int,-1,3,0.0,2,1.5,1.0,1.0,1.0,1.0
new_35_to_40,forward_kl_original,1,3,0.0,2,1.5,1.0,1.0,1.0,1.0
new_35_to_40,js_original,1,3,0.0,2,1.5,1.0,1.0,1.0,1.0
new_35_to_40,u_control_norm,1,3,0.0,2,1.5,1.0,1.0,1.0,1.0
new_35_to_40,D_contribution,1,3,0.05,1,2.0,0.5,0.5,-0.5,-0.33333333333333337
new_35_to_40,D_ungated_contribution,1,3,0.05,1,2.0,0.5,0.5,-0.5,-0.33333333333333337
new_35_to_40,delta_centered_norm,1,3,0.05,1,2.0,0.5,0.5,-0.5,-0.33333333333333337
new_35_to_40,P_int,-1,3,0.05,1,1.0,1.0,1.0,1.0,1.0
new_35_to_40,forward_kl_original,1,3,0.05,1,1.0,1.0,1.0,1.0,1.0
new_35_to_40,js_original,1,3,0.05,1,1.0,1.0,1.0,1.0,1.0
new_35_to_40,u_control_norm,1,3,0.05,1,1.0,1.0,1.0,1.0,1.0
