global_update,control,skill_id,phase,anchor_count,game_count,delta_utility,ci_low,ci_high,direction,utility_old,utility_new,negative_point_label,original_old,control_old,original_new,control_new,delta_original,delta_control,token_count,decision_count,nonzero_advantage_decisions,training_games,nonzero_advantage_games,nonzero_advantage_trajectories,supported,unsupported_reason,direction_coverage,gate_coverage,tau_delta,P_int,D_contribution,D_ungated_contribution,C_upd,C_upd_centered,delta_norm,delta_centered_norm,u_control_norm,u_original_norm,forward_kl_original,js_original,advantage,P_int_matched_backend,D_matched_backend,D_decision_equal,old_live_offline_max_abs,new_live_offline_max_abs,old_chosen_max_abs,new_chosen_max_abs,activation_l8_norm,activation_l16_norm,activation_l24_norm,activation_l32_norm,old_margin,old_margin_se,raw_parameter_delta_l2,train_success,split,unit
31,placebo,cle_003,all,50,30,0.05,-0.06666666666666667,0.16666666666666666,uncertain,0.48333333333333334,0.5333333333333333,False,0.6,0.11666666666666667,0.5666666666666667,0.03333333333333333,-0.033333333333333326,-0.08333333333333334,4129,198,120,8,5,16,True,,0.6568176313877452,0.407120368127876,1e-08,0.026382163626852945,0.02776184535422462,0.0667652400132885,0.0003888804662821759,0.0006726097282977577,198.01470748456788,91.67964716362128,325.6894662330334,294.31385995605626,0.03990041473008315,0.008876427918300641,-0.1725839396948155,0.026382163626852945,0.02776184535422462,0.027991450601123267,0.0,0.0,0.0,0.0,0.169211320390906,1.2342916170153955,2.8570594829742353,14.749820295006337,0.55,0.09081369080035019,0.24902978948103838,0.375,dev,U31/cle_003
31,placebo,cle_004,all,50,28,0.0,0.0,0.0,stable,0.03571428571428571,0.03571428571428571,False,0.17857142857142858,0.14285714285714285,0.14285714285714285,0.10714285714285714,-0.035714285714285726,-0.03571428571428571,7779,372,294,8,5,20,True,,0.8369970433217637,0.5246175600976989,1e-08,0.019803199456656703,0.02385049647241833,0.05010199494026562,0.0005287287307519972,0.0010814877567940399,105.84450870628973,63.84918430980865,286.6310330571379,301.17461601395667,0.047631151697269156,0.010157098107285023,-0.26121207868275936,0.019803199456656703,0.02385049647241833,0.022162675117730023,0.0,0.0,0.0,0.0,0.18261174358908208,0.9976191341236074,2.015021296278123,9.959943831607859,-0.10714285714285714,0.05952380952380952,0.24902978948103838,0.375,dev,U31/cle_004
31,placebo,cle_006,all,50,31,0.0,0.0,0.0,stable,0.0,0.0,False,0.3225806451612903,0.3225806451612903,0.25806451612903225,0.25806451612903225,-0.06451612903225806,-0.06451612903225806,411,32,20,8,5,20,True,,0.6204379562043796,0.3236009732360097,1e-08,-0.009765229399211262,0.018820386378906363,0.049296235691330015,0.00019588623767233013,0.00017086001707979553,112.02993210161293,57.7312953572582,457.759033710761,487.52888484212906,0.0365325960708519,0.007902777694833657,0.22622595143724242,-0.009765229399211262,0.018820386378906363,0.017799611238045278,0.0,0.0,0.0,0.0,0.1549991643987596,0.6843247916549444,1.632995031774044,9.17075988650322,0.0,0.0,0.24902978948103838,0.375,dev,U31/cle_006
31,placebo,gen_002,all,50,29,0.0,0.0,0.0,stable,0.0,0.0,False,0.5344827586206896,0.5344827586206896,0.5344827586206896,0.5344827586206896,0.0,0.0,2348,109,64,7,4,11,True,,0.6026405451448041,0.3590289608177172,1e-08,0.012996441563491785,0.018923967789523696,0.030822800046371418,0.0002430035279985526,0.0005674767741265612,88.47401669646325,48.07620137269239,308.1672910856062,295.0316933475282,0.029911132234061166,0.007110202359920347,0.06686608215359244,0.012996441563491785,0.018923967789523696,0.01947786976864479,0.0,0.0,0.0,0.0,0.13718264522629048,0.7548777581354894,1.543616993711629,7.741941097679488,-0.034482758620689655,0.03448275862068966,0.24902978948103838,0.375,dev,U31/gen_002
32,placebo,cle_003,all,50,30,0.03333333333333333,0.0,0.1,uncertain,0.5333333333333333,0.5666666666666667,False,0.5666666666666667,0.03333333333333333,0.5666666666666667,0.0,0.0,-0.03333333333333333,3161,161,145,8,7,24,True,,0.9139512812401139,0.6497943688706106,1e-08,0.11098790087579051,0.032365332381771986,0.05807007115822608,0.0006767716237408268,0.002233017815511657,189.69725959998007,83.57363082828233,298.601534308217,344.99167911998643,0.023095285787051587,0.005145420596311538,0.17626977314755948,0.11098790087579051,0.032365332381771986,0.03339484594812888,0.0,0.0,0.0,0.0,0.14754560811919457,1.0042031833103724,2.335011144602521,13.570324038866884,0.5833333333333334,0.0899659365082183,0.26671886310507625,0.5,dev,U32/cle_003
32,placebo,cle_004,all,50,28,-0.03571428571428571,-0.10714285714285714,0.0,uncertain,0.03571428571428571,0.0,False,0.14285714285714285,0.10714285714285714,0.10714285714285714,0.10714285714285714,-0.03571428571428571,0.0,6485,331,305,8,7,27,True,,0.9316885119506554,0.5549730146491905,1e-08,0.015262556199005045,0.029149257240163002,0.05973712883890232,0.0005823978234548759,0.0009849841738786712,104.75862598039393,64.50928707665338,281.1347143916466,286.28258510461603,0.05915046563076572,0.012581144152445637,-0.2533858658124046,0.015262556199005045,0.029149257240163002,0.029690133167176065,0.0,0.0,0.0,0.0,0.17411681699068524,0.9305958475951341,1.92225456886061,9.853819701606774,0.03571428571428571,0.03571428571428572,0.26671886310507625,0.5,dev,U32/cle_004
32,placebo,cle_006,all,50,31,0.0,0.0,0.0,stable,0.0,0.0,False,0.25806451612903225,0.25806451612903225,0.25806451612903225,0.25806451612903225,0.0,0.0,359,32,28,8,7,28,True,,0.8467966573816156,0.6211699164345403,1e-08,0.03716052192699917,0.01639637839003231,0.04102085760475632,0.0005481453412813281,0.002556936863462554,99.26962703860873,46.171719836576834,606.4148238098112,657.6120535861982,0.04772585101424035,0.004175748129493788,0.22501093315214832,0.03716052192699917,0.01639637839003231,0.01654559483951055,0.0,0.0,0.0,0.0,0.1404444999061525,0.5827968697994947,1.360295470803976,7.407490789890289,0.0,0.0,0.26671886310507625,0.5,dev,U32/cle_006
32,placebo,gen_002,all,50,29,0.0,0.0,0.0,stable,0.0,0.0,False,0.5344827586206896,0.5344827586206896,0.5344827586206896,0.5344827586206896,0.0,0.0,2742,134,130,8,7,22,True,,0.9715536105032823,0.6943836615609045,1e-08,0.009840781235671546,0.031056515364833063,0.05071963704479244,0.0007871369575715608,0.0019698272141027836,83.16245018970626,47.00520398208022,280.39591405994844,280.20145658237533,0.029722011067163986,0.006546333710628507,-0.10422681628527387,0.009840781235671546,0.031056515364833063,0.030905955481959426,0.0,0.0,0.0,0.0,0.1383292790669114,0.7060076861239192,1.418980882238986,7.327971401499279,0.0,0.0,0.26671886310507625,0.5,dev,U32/gen_002
33,placebo,cle_003,all,50,30,-0.03333333333333333,-0.1,0.0,uncertain,0.5666666666666667,0.5333333333333333,False,0.5666666666666667,0.0,0.5666666666666667,0.03333333333333333,0.0,0.03333333333333333,4299,213,188,8,7,26,True,,0.8820655966503839,0.5598976506164224,1e-08,0.008520586020816425,0.06349061513273592,0.11473985634179,0.0005379743867349833,0.0016133385710983144,186.40352485555812,91.75679216381847,617.9066785774929,598.9881334748486,0.03360454394429606,0.006723943863965404,-0.11422363846322553,0.008520586020816425,0.06349061513273592,0.0700953498125427,0.0,0.0,0.0,0.0,0.17047134332113983,1.2364909184370803,2.7258843843925726,14.843784627780108,0.6166666666666667,0.08867911069879705,0.27880525076434626,0.25,boundary,U33/cle_003
33,placebo,cle_004,all,50,28,0.0,0.0,0.0,stable,0.0,0.0,False,0.10714285714285714,0.10714285714285714,0.10714285714285714,0.10714285714285714,0.0,0.0,9398,449,368,8,7,27,True,,0.8404979782932539,0.534475420302192,1e-08,0.0210046333501488,0.030406373047153663,0.057174189443456515,0.0005704022070090173,0.0013105286129731606,115.87131312314884,71.15222748257617,604.060496689173,610.8158861565806,0.054590439975734664,0.01106885247844004,-0.17234844601986432,0.0210046333501488,0.030406373047153663,0.029849296026938636,0.0,0.0,0.0,0.0,0.1891173993492445,1.0597530145422123,2.1103590015313674,10.873427381494263,0.0,0.0,0.27880525076434626,0.25,boundary,U33/cle_004
33,placebo,cle_006,all,50,31,0.0,0.0,0.0,stable,0.0,0.0,False,0.25806451612903225,0.25806451612903225,0.25806451612903225,0.25806451612903225,0.0,0.0,345,32,28,8,7,28,True,,0.8695652173913043,0.5855072463768116,1e-08,-0.0007273845655570785,0.03735292175495784,0.05930127603986133,0.000420807950528869,0.0019209982659476204,100.30608008679928,49.15149013519516,900.195971477063,926.180095192015,0.0030375419437810107,0.0005586033026825875,0.20135090817575868,-0.0007273845655570785,0.03735292175495784,0.036304747468430786,0.0,0.0,0.0,0.0,0.15855807345360518,0.5662451377138495,1.2781188413500786,7.851837009191513,0.0,0.0,0.27880525076434626,0.25,boundary,U33/cle_006
33,placebo,gen_002,all,50,29,0.0,0.0,0.0,stable,0.0,0.0,False,0.5344827586206896,0.5344827586206896,0.5344827586206896,0.5344827586206896,0.0,0.0,2363,120,120,7,7,20,True,,1.0,0.7185780787134998,1e-08,0.024218144204063274,0.04251284586370225,0.05772176624296479,0.0010401321461133083,0.002789736821899251,108.58224493445132,58.67514162993745,621.5933274303181,614.259427819414,0.06355725566298778,0.011780096010426738,0.04216507815023221,0.024218144204063274,0.04251284586370225,0.04395757342516084,0.0,0.0,0.0,0.0,0.15679908016075692,0.8105029776692391,1.6990015228589377,9.047726321220399,0.0,0.0,0.27880525076434626,0.25,boundary,U33/gen_002
34,placebo,cle_003,all,50,30,0.03333333333333333,0.0,0.1,uncertain,0.5333333333333333,0.5666666666666667,False,0.5666666666666667,0.03333333333333333,0.6,0.03333333333333333,0.033333333333333326,0.0,3023,167,68,8,4,16,True,,0.42970559047304,0.17135296063513067,1e-08,0.008273310258890021,0.012697479562826916,0.0564059662975057,7.96064038577785e-05,-0.00028512623058572095,245.09816995515658,97.46888645968454,503.87723532622397,568.3149085656098,0.03647418411578959,0.007692055653518631,-0.048623394530378665,0.008273310258890021,0.012697479562826916,0.011504106966976388,0.0,0.0,0.0,0.0,0.15213932436026498,1.061651984017766,2.832282559600419,15.532439597352536,0.6166666666666667,0.08867911069879705,0.19962264600209093,0.46875,test,U34/cle_003
34,placebo,cle_004,all,50,28,0.07142857142857142,0.0,0.17857142857142858,uncertain,0.0,0.07142857142857142,False,0.10714285714285714,0.10714285714285714,0.21428571428571427,0.14285714285714285,0.10714285714285714,0.03571428571428571,4548,236,167,8,4,15,True,,0.7741864555848724,0.4525065963060686,1e-08,0.01220723048094169,0.02731917480994372,0.05010216566695279,0.0004032094938635605,0.000740469363419254,99.68293867965357,57.76501437607416,401.3965306780891,397.5414907107426,0.040344339429783715,0.00898559879781153,-0.14112300489985743,0.01220723048094169,0.02731917480994372,0.025265607636804,0.0,0.0,0.0,0.0,0.16055855656958232,0.7675018257508843,1.601910346392858,8.834225066637588,0.10714285714285714,0.05952380952380952,0.19962264600209093,0.46875,test,U34/cle_004
34,placebo,gen_002,all,50,29,0.0,0.0,0.0,stable,0.0,0.0,False,0.5344827586206896,0.5344827586206896,0.5344827586206896,0.5344827586206896,0.0,0.0,3714,205,100,8,4,14,True,,0.5218093699515347,0.2940226171243942,1e-08,0.012107254919265724,0.014999820828299952,0.027151978531103026,0.0003010026080219233,0.0004099876095046796,88.30328828992226,49.25295542121191,410.28122498479263,412.2292488494588,0.033616951414541914,0.007432665889216993,0.02032400962962344,0.012107254919265724,0.014999820828299952,0.014311539508151809,0.0,0.0,0.0,0.0,0.13908021718990513,0.6531937869583688,1.4267553530088286,7.767172301687846,0.0,0.0,0.19962264600209093,0.46875,test,U34/gen_002
35,placebo,cle_003,all,50,30,-0.016666666666666666,-0.13333333333333333,0.1,uncertain,0.5666666666666667,0.55,False,0.6,0.03333333333333333,0.6166666666666667,0.06666666666666667,0.01666666666666672,0.03333333333333333,2923,148,108,8,6,20,True,,0.7680465275401984,0.5477249401300034,1e-08,0.05330824184221229,0.06394630904256876,0.1408869304984814,0.00048562969057602926,0.002242424419701481,327.88755570576814,105.6013135536894,513.9240068291143,614.1134316803857,0.035532670514666236,0.005579016662766562,0.26378473186794715,0.05330824184221229,0.06394630904256876,0.0593389570193901,0.0,0.0,0.0,0.0,0.13560979118621028,0.8714677908936063,2.694263350319218,17.01490623886521,0.6166666666666667,0.08867911069879704,0.17898200185480376,0.5,test,U35/cle_003
35,placebo,cle_004,all,50,28,-0.14285714285714285,-0.2857142857142857,-0.017857142857142856,uncertain,0.07142857142857142,-0.07142857142857142,True,0.21428571428571427,0.14285714285714285,0.26785714285714285,0.3392857142857143,0.053571428571428575,0.19642857142857145,6600,305,257,8,6,22,True,,0.8936363636363637,0.6777272727272727,1e-08,0.030659291931611474,0.039775162583452886,0.058096776831860174,0.0007388341834957407,0.0022188578594354723,126.02103952966456,76.40713650866516,429.31581059584664,453.13683674625304,0.07046774427206529,0.017126673705283063,-0.33617248583472137,0.030659291931611474,0.039775162583452886,0.03519178768577519,0.0,0.0,0.0,0.0,0.14558340946181875,0.7936343183282946,1.8686768828845415,10.964535067511386,0.03571428571428571,0.03571428571428572,0.17898200185480376,0.5,test,U35/cle_004
35,placebo,cle_006,all,50,31,0.0,0.0,0.0,stable,0.0,0.0,False,0.16129032258064516,0.16129032258064516,0.45161290322580644,0.45161290322580644,0.29032258064516125,0.29032258064516125,366,32,24,8,6,24,True,,0.76775956284153,0.3879781420765027,1e-08,0.005240526407954943,0.02382242826208424,0.05137778052386628,3.689536778088113e-05,0.00013953872945295144,109.66549821664334,42.0708880453325,254.67153231632716,251.72568182958727,0.007439292384179897,0.0018777694551774392,0.41685775117795976,0.005240526407954943,0.02382242826208424,0.024447171196239972,0.0,0.0,0.0,0.0,0.12548593268729746,0.4186578392982483,1.0888293478637934,6.626280903816223,0.0,0.0,0.17898200185480376,0.5,test,U35/cle_006
35,placebo,gen_002,all,50,29,0.0,0.0,0.0,stable,0.0,0.0,False,0.5344827586206896,0.5344827586206896,0.5344827586206896,0.5344827586206896,0.0,0.0,2324,130,69,8,6,19,True,,0.5378657487091222,0.35628227194492257,1e-08,-0.0014831373816863655,0.020383557639702895,0.03529648456269514,0.00033796581039074574,0.001056273562183113,95.26947104858797,51.69367126508777,309.3880539396514,307.9263256022633,0.038092087588437365,0.008041997480609372,0.12984414787228876,-0.0014831373816863655,0.020383557639702895,0.019824033998094032,0.0,0.0,0.0,0.0,0.12865505843208386,0.6107344237657694,1.4144919610940494,8.031626826066237,0.0,0.0,0.17898200185480376,0.5,test,U35/gen_002
