signal,risk_orientation,units,updates,negative_points,nonzero_points,rho_raw_magnitude,rho_risk_decline,auroc_down_vs_up,ap_any_decline,ap_decline_gt_5pp,scope
P_int,-value,19,5,4,8,0.35033446496180626,-0.048849466270227834,0.4375,0.18955176767676765,0.0625,all_exploratory
D_contribution,+value,19,5,4,8,0.30140507041406794,0.4171744419477457,0.9375,0.7986111111111112,0.25,all_exploratory
D_ungated_contribution,+value,19,5,4,8,0.577366855663312,0.28430389369272596,0.875,0.8541666666666666,0.16666666666666666,all_exploratory
C_upd,+value,19,5,4,8,0.1644027656804007,0.33608432793916754,0.8125,0.3770833333333333,0.3333333333333333,all_exploratory
u_original_norm,+value,19,5,4,8,-0.11547337113266239,0.13189355892961516,0.6875,0.28799019607843135,0.1111111111111111,all_exploratory
u_control_norm,+value,19,5,4,8,-0.05284374611155737,0.12505463365178326,0.6875,0.30882352941176466,0.1111111111111111,all_exploratory
delta_norm,+value,19,5,4,8,0.5225659337698451,-0.003907957301618227,0.4375,0.5583333333333333,0.16666666666666666,all_exploratory
delta_centered_norm,+value,19,5,4,8,0.665439765849241,0.06155032750048708,0.5625,0.6666666666666666,0.16666666666666666,all_exploratory
forward_kl_original,+value,19,5,4,8,0.2681330821216059,0.20712173698576603,0.625,0.5505952380952381,1.0,all_exploratory
js_original,+value,19,5,4,8,0.34446293761607766,0.14264044150906527,0.625,0.6243589743589744,1.0,all_exploratory
activation_l8_norm,+value,19,5,4,8,0.28379048837688214,-0.06155032750048708,0.5,0.32965686274509803,0.08333333333333333,all_exploratory
activation_l16_norm,+value,19,5,4,8,0.5597522736261262,-0.06643527412750985,0.4375,0.5151785714285715,0.1,all_exploratory
activation_l24_norm,+value,19,5,4,8,0.5949814377004978,-0.055688391548059726,0.375,0.4131944444444444,0.1111111111111111,all_exploratory
activation_l32_norm,+value,19,5,4,8,0.6223818986472311,0.06350430615129618,0.5625,0.6527777777777778,0.16666666666666666,all_exploratory
raw_parameter_delta_l2,+value,19,5,4,8,-0.20958793601468448,0.022419167686775477,0.46875,0.23026315789473684,0.05263157894736842,all_exploratory
old_margin,+value,19,5,4,8,0.7975273433573746,-0.04245150386090237,0.4375,0.5833333333333333,0.125,all_exploratory
old_margin_se,+value,19,5,4,8,0.7739490803418612,-0.20015329185634537,0.15625,0.3847222222222222,0.1111111111111111,all_exploratory
train_success,+value,19,5,4,8,0.21598903755623894,0.1360561802089722,0.65625,0.3338815789473684,0.125,all_exploratory
advantage,+value,19,5,4,8,-0.49516547282311163,-0.08890602861181467,0.375,0.2602107644677304,0.05263157894736842,all_exploratory
C_upd_centered,+value,19,5,4,8,-0.001957175781909532,0.31947550940729,0.8125,0.36041666666666666,0.2,all_exploratory
D_decision_equal,+value,19,5,4,8,0.2798761368130631,0.40154261274127284,0.9375,0.7611111111111111,0.2,all_exploratory
P_int_matched_backend,-value,19,5,4,8,0.35033446496180626,-0.048849466270227834,0.4375,0.18955176767676765,0.0625,all_exploratory
D_matched_backend,+value,19,5,4,8,0.30140507041406794,0.4171744419477457,0.9375,0.7986111111111112,0.25,all_exploratory
P_int,-value,7,2,2,4,0.6300619191619361,-0.4076871241636057,0.0,0.22619047619047616,0.16666666666666666,heldout
D_contribution,+value,7,2,2,4,0.4076871241636057,0.555936987495826,1.0,1.0,0.5,heldout
D_ungated_contribution,+value,7,2,2,4,0.555936987495826,0.4818120558297158,1.0,1.0,0.5,heldout
C_upd,+value,7,2,2,4,0.6300619191619361,0.5188745216627708,1.0,1.0,1.0,heldout
u_original_norm,+value,7,2,2,4,0.4818120558297158,0.2964997266644405,0.75,0.8333333333333333,0.3333333333333333,heldout
u_control_norm,+value,7,2,2,4,0.4818120558297158,0.2964997266644405,0.75,0.8333333333333333,0.3333333333333333,heldout
delta_norm,+value,7,2,2,4,0.4818120558297158,0.2964997266644405,0.75,0.8333333333333333,0.3333333333333333,heldout
delta_centered_norm,+value,7,2,2,4,0.6300619191619361,0.18531232916527532,0.75,0.8333333333333333,0.3333333333333333,heldout
forward_kl_original,+value,7,2,2,4,0.7783117824941563,0.037062465833055065,0.5,0.7,1.0,heldout
js_original,+value,7,2,2,4,0.7041868508280462,-0.037062465833055065,0.5,0.6666666666666666,1.0,heldout
activation_l8_norm,+value,7,2,2,4,0.7783117824941563,-0.44474958999666075,0.0,0.3666666666666667,0.3333333333333333,heldout
activation_l16_norm,+value,7,2,2,4,0.6671243849949912,0.037062465833055065,0.5,0.5833333333333333,0.3333333333333333,heldout
activation_l24_norm,+value,7,2,2,4,0.6671243849949912,0.037062465833055065,0.5,0.5833333333333333,0.3333333333333333,heldout
activation_l32_norm,+value,7,2,2,4,0.6300619191619361,0.18531232916527532,0.75,0.8333333333333333,0.3333333333333333,heldout
raw_parameter_delta_l2,+value,7,2,2,4,0.14978617237881953,-0.7489308618940976,0.0,0.2857142857142857,0.14285714285714285,heldout
old_margin,+value,7,2,2,4,0.6408069008390093,-0.11651034560709261,0.375,0.5,0.25,heldout
old_margin_se,+value,7,2,2,4,0.6538461538461539,-0.19230769230769232,0.25,0.5,0.25,heldout
train_success,+value,7,2,2,4,-0.14978617237881953,0.7489308618940976,1.0,0.5,0.25,heldout
advantage,+value,7,2,2,4,-0.8153742483272114,0.11118739749916519,0.5,0.39285714285714285,0.14285714285714285,heldout
C_upd_centered,+value,7,2,2,4,0.2594372608313854,0.6671243849949912,1.0,1.0,0.5,heldout
D_decision_equal,+value,7,2,2,4,0.4076871241636057,0.555936987495826,1.0,1.0,0.5,heldout
P_int_matched_backend,-value,7,2,2,4,0.6300619191619361,-0.4076871241636057,0.0,0.22619047619047616,0.16666666666666666,heldout
D_matched_backend,+value,7,2,2,4,0.4076871241636057,0.555936987495826,1.0,1.0,0.5,heldout
