control,score,reference,metric,point_difference,low,high,mean,valid_draws
placebo,D_original::token::reward,D_original::token::unsigned,spearman,0.4024950405703295,-0.06326138392530001,0.5026551727919023,0.24250170279537658,1717
placebo,D_original::token::reward,D_original::token::unsigned,average_precision,0.18452380952380942,-0.052862357549857526,0.22030582264957269,0.08879265779729256,1716
placebo,D_original::token::reward,D_original::token::unsigned,auroc_large_change_vs_rest,0.20000000000000007,-0.09090909090909094,0.3,0.11869987973079121,1716
placebo,D_original::token::reward,D_original::token::unsigned,top_quartile_mean_absolute_delta,0.02511763598720121,-0.010580934153065848,0.05932692732325083,0.022440707838970782,1717
placebo,D_original::token::reward,D_original::token::unsigned,top_quartile_lift,0.6428696788801985,-0.20374596639620646,1.0797045805978525,0.4048213534442853,1717
placebo,D_original::token::reward,M_delta_centered::token::magnitude,spearman,1.0041628847218529,-0.07259967282984878,0.8487137581826684,0.43644666330112586,1717
placebo,D_original::token::reward,M_delta_centered::token::magnitude,average_precision,0.3683333333333333,-0.07209240412365416,0.3441666666666668,0.13319228094427327,1716
placebo,D_original::token::reward,M_delta_centered::token::magnitude,auroc_large_change_vs_rest,0.5538461538461539,-0.13749999999999996,0.5194805194805195,0.20719348891276024,1716
placebo,D_original::token::reward,M_delta_centered::token::magnitude,top_quartile_mean_absolute_delta,0.03878876450207972,-0.01776235885648025,0.085362037067856,0.033407470915609194,1717
placebo,D_original::token::reward,M_delta_centered::token::magnitude,top_quartile_lift,0.9927733880815032,-0.30723203364059026,1.5021868694910554,0.606679351946681,1717
placebo,D_real::token::reward,D_real_absA::token::reward_sign_removed,spearman,-0.9491828920666274,-1.0879314017288721,0.16802063114231336,-0.4992997533572173,1717
placebo,D_real::token::reward,D_real_absA::token::reward_sign_removed,average_precision,-0.2839826839826841,-0.4747366409214672,0.238798071311858,-0.13555391479258197,1716
placebo,D_real::token::reward,D_real_absA::token::reward_sign_removed,auroc_large_change_vs_rest,-0.3538461538461538,-0.6008928571428572,0.2,-0.21441306075672936,1716
placebo,D_real::token::reward,D_real_absA::token::reward_sign_removed,top_quartile_mean_absolute_delta,-0.031953607801065424,-0.08548859175850934,0.04465389641270344,-0.020012561353258546,1717
placebo,D_real::token::reward,D_real_absA::token::reward_sign_removed,top_quartile_lift,-0.8178319646244573,-1.455046844645996,0.7947503399820142,-0.3566041953565467,1717
null,D_original::token::reward,D_original::token::unsigned,spearman,0.2478059184132298,-0.1406487518210284,0.553542685741435,0.219924704690891,1717
null,D_original::token::reward,D_original::token::unsigned,average_precision,0.09046231546231553,-0.11349370768120778,0.2487922989708703,0.06708360898714348,1717
null,D_original::token::reward,D_original::token::unsigned,auroc_large_change_vs_rest,0.2,-0.125,0.3194444444444444,0.09702478036175376,1717
null,D_original::token::reward,D_original::token::unsigned,top_quartile_mean_absolute_delta,0.02061805947675513,-0.013113351560719992,0.062408099362221706,0.02390040376532484,1717
null,D_original::token::reward,D_original::token::unsigned,top_quartile_lift,0.5249707284960632,-0.2576175318044344,1.1006844594830656,0.4203259469852492,1717
null,D_original::token::reward,M_delta_centered::token::magnitude,spearman,0.16933404424904036,-0.18452203098678827,0.7492263096424834,0.30655633455566295,1717
null,D_original::token::reward,M_delta_centered::token::magnitude,average_precision,-0.12138570579747043,-0.17696158212702331,0.3133528114949682,0.06110688800518449,1717
null,D_original::token::reward,M_delta_centered::token::magnitude,auroc_large_change_vs_rest,0.09230769230769231,-0.1728395061728395,0.4,0.11545729754330025,1717
null,D_original::token::reward,M_delta_centered::token::magnitude,top_quartile_mean_absolute_delta,0.007324439151884805,-0.02311109248938197,0.07684615384615386,0.025552958885167044,1717
null,D_original::token::reward,M_delta_centered::token::magnitude,top_quartile_lift,0.18649263097359126,-0.38943892411845193,1.3726758397461676,0.456238357429435,1717
null,D_real::token::reward,D_real_absA::token::reward_sign_removed,spearman,0.23644814715262344,-0.8408665740024176,0.5383003303778734,-0.18250123048810005,1717
null,D_real::token::reward,D_real_absA::token::reward_sign_removed,average_precision,0.11138209829386297,-0.3640416393830259,0.34707667449264074,-0.015108804613203897,1717
null,D_real::token::reward,D_real_absA::token::reward_sign_removed,auroc_large_change_vs_rest,0.16923076923076924,-0.4806156806156806,0.3889610389610389,-0.043898022505331764,1717
null,D_real::token::reward,D_real_absA::token::reward_sign_removed,top_quartile_mean_absolute_delta,0.005746435958300364,-0.05841624298337957,0.06435303786126154,-0.001139159441870824,1717
null,D_real::token::reward,D_real_absA::token::reward_sign_removed,top_quartile_lift,0.14631399597454675,-1.0510805962601555,1.0300026963569702,-0.03288916657859743,1717
