panel,control,score,candidates,large_change_gt_5pp,spearman,average_precision,auroc_large_change_vs_rest,top_quartile_mean_absolute_delta,top_quartile_lift
gold2,placebo,D_original::token::reward,18,8,0.6205107377636164,0.7704326923076923,0.75,0.09562327467218772,1.9578146784693897
gold2,placebo,D_signed::token::reward,18,8,0.19877377870732799,0.7203292112299466,0.5875,0.08084952915247445,1.6553333428989117
gold2,placebo,D_factor::token::reward,18,8,-0.3754615820027306,0.36166819291819297,0.2875,0.01111111111111111,0.22749164889000317
gold2,placebo,D_real::token::reward,18,8,-0.5794939262843265,0.35607638888888893,0.275,0.0,0.0
gold2,placebo,C_centered::token::reward,18,8,0.6373381476012738,0.8726076007326007,0.8875,0.09244867149758455,1.8928170645008175
gold2,placebo,M_delta_centered::token::magnitude,18,8,0.08518876230314056,0.699969362745098,0.6,0.05048048048048048,1.0335498967137713
gold2,placebo,M_delta_raw::token::magnitude,18,8,-0.08729218853284773,0.5332298522555875,0.4625,0.030480480480480476,0.6240649287117654
gold2,placebo,D_original::token::unsigned,18,8,0.43856436889394584,0.6512362637362638,0.6375,0.06883207070707072,1.4092849135498324
gold2,placebo,D_real_absA::token::reward_sign_removed,18,8,0.30920365576695463,0.5307898800545859,0.475,0.06407832331561145,1.3119555086257666
gold2,null,D_original::token::reward,18,9,0.41542668036716696,0.7542077747960101,0.6790123456790124,0.10897860593512768,1.7398131574268967
gold2,null,D_signed::token::reward,18,9,0.229273459038082,0.5561253561253561,0.5185185185185185,0.09029173724825898,1.441482492122954
gold2,null,D_factor::token::reward,18,9,-0.43015066397511714,0.40892677583854053,0.2716049382716049,0.025757575757575757,0.41121253866219104
gold2,null,D_real::token::reward,18,9,-0.027344540986193266,0.5002665544332211,0.49382716049382713,0.04523809523809523,0.7222136183226715
gold2,null,C_centered::token::reward,18,9,0.38703042626612005,0.8067520442520443,0.7530864197530864,0.09628019323671497,1.537086527722287
gold2,null,M_delta_centered::token::magnitude,18,9,0.3281344918343192,0.8153439153439154,0.7530864197530864,0.09210210210210211,1.4703844638946837
gold2,null,M_delta_raw::token::magnitude,18,9,0.33970333609770864,0.7745430495430495,0.7407407407407407,0.08897078897078899,1.420393919978888
gold2,null,D_original::token::unsigned,18,9,0.37230644265816987,0.6713794919677273,0.654320987654321,0.08797979797979799,1.4045730242147783
gold2,null,D_real_absA::token::reward_sign_removed,18,9,-0.07256820492489752,0.44192942134118607,0.3333333333333333,0.06966758746419764,1.1122236724935968
gold4,placebo,D_original::token::reward,18,5,0.3760332585042426,0.43555555555555553,0.6153846153846154,0.06488159937888198,1.3582760048379952
gold4,placebo,D_signed::token::reward,18,5,0.4721076899352716,0.38,0.6,0.06243104254324451,1.306974363383369
gold4,placebo,D_factor::token::reward,18,5,0.13016535871300705,0.4455122655122655,0.7076923076923077,0.053869047619047615,1.1277316756196236
gold4,placebo,D_real::token::reward,18,5,0.1797521620322478,0.6163170163170163,0.676923076923077,0.05545634920634921,1.1609613382529829
gold4,placebo,C_centered::token::reward,18,5,0.1570248771775958,0.34603174603174597,0.49230769230769234,0.06091334541062802,1.2752018482545977
gold4,placebo,M_delta_centered::token::magnitude,18,5,-0.4400828794582619,0.24333333333333335,0.3230769230769231,0.026366366366366367,0.5519716393097971
gold4,placebo,M_delta_raw::token::magnitude,18,5,-0.3966944265539262,0.30936507936507934,0.49230769230769234,0.02350922350922351,0.4921582465697507
gold4,placebo,D_original::token::unsigned,18,5,-0.05785127053911424,0.2910317460317461,0.4307692307692308,0.04278093434343434,0.8956054896844913
gold4,placebo,D_real_absA::token::reward_sign_removed,18,5,0.5516531869265536,0.39884559884559884,0.676923076923077,0.04472580824275739,0.9363208169140174
gold4,null,D_original::token::reward,18,8,0.03724792595397798,0.6453292112299466,0.5125,0.059191899585921325,1.1724586442180591
gold4,null,D_signed::token::reward,18,8,0.5814815107259895,0.7791666666666668,0.7375,0.08338697534349708,1.6517087767180763
gold4,null,D_factor::token::reward,18,8,0.0072426522688290515,0.5058356676003735,0.4375,0.04956709956709957,0.9818129636455482
gold4,null,D_real::token::reward,18,8,0.18830895898955535,0.5432635175282233,0.5,0.06190476190476191,1.2261943563433482
gold4,null,C_centered::token::reward,18,8,-0.1345063992782538,0.5351905039405039,0.4625,0.05284269323671498,1.0466951204905364
gold4,null,M_delta_centered::token::magnitude,18,8,-0.1334717346684211,0.46553724053724055,0.4625,0.04312312312312313,0.8541722571007164
gold4,null,M_delta_raw::token::magnitude,18,8,-0.1200210947405957,0.40105837789661325,0.3875,0.04054736554736556,0.8031522821339828
gold4,null,D_original::token::unsigned,18,8,-0.03207460290481437,0.4739276960784314,0.375,0.04454229797979799,0.8822829249455633
gold4,null,D_real_absA::token::reward_sign_removed,18,8,0.35695929039228896,0.7248473748473749,0.7,0.061008759144352366,1.2084465531974045
gold8,placebo,D_original::token::reward,18,5,0.5570614350161519,0.5833333333333333,0.7692307692307693,0.05820317891649414,1.4896727924124444
gold8,placebo,D_signed::token::reward,18,5,0.029046033855590788,0.34155080213903743,0.49230769230769234,0.046958859280037395,1.2018816898740274
gold8,placebo,D_factor::token::reward,18,5,-0.12863243564618776,0.2897835497835498,0.47692307692307695,0.01984126984126984,0.507824493432903
gold8,placebo,D_real::token::reward,18,5,-0.366187498250841,0.32121212121212117,0.4307692307692308,0.023412698412698413,0.5992329022508257
gold8,placebo,C_centered::token::reward,18,5,0.27593732162811246,0.45247863247863246,0.7076923076923077,0.053441274154589366,1.3677949139885475
gold8,placebo,M_delta_centered::token::magnitude,18,5,-0.44710144970570104,0.215,0.2153846153846154,0.019414414414414417,0.49689940433094126
gold8,placebo,M_delta_raw::token::magnitude,18,5,-0.3495897646190748,0.23205882352941173,0.27692307692307694,0.017985842985842986,0.46033604080377216
gold8,placebo,D_original::token::unsigned,18,5,0.1545663944458224,0.39880952380952384,0.5692307692307692,0.03308554292929293,0.8468031135322459
gold8,placebo,D_real_absA::token::reward_sign_removed,18,5,0.5829953938157865,0.6051948051948053,0.7846153846153846,0.05536630621376384,1.417064866875283
gold8,null,D_original::token::reward,18,5,0.17243161822920575,0.3303603259485613,0.5230769230769231,0.04964425897170462,1.264026948190985
gold8,null,D_signed::token::reward,18,5,0.18275686482975698,0.3088888888888889,0.49230769230769234,0.055996847355543014,1.425774611954351
gold8,null,D_factor::token::reward,18,5,-0.15178112502810326,0.2909663865546218,0.4307692307692308,0.031042568542568545,0.7903963920830596
gold8,null,D_real::token::reward,18,5,0.0072276726203858695,0.40189393939393936,0.5846153846153846,0.03680555555555556,0.9371318059532149
gold8,null,C_centered::token::reward,18,5,0.32627779257741923,0.34415584415584416,0.5692307692307692,0.05202521135265701,1.324650029977716
gold8,null,M_delta_centered::token::magnitude,18,5,0.0030975739801653726,0.45174603174603173,0.4307692307692308,0.04231981981981982,1.0775343172173937
gold8,null,M_delta_raw::token::magnitude,18,5,0.09499226872507142,0.41010101010101013,0.5230769230769231,0.04223143598143598,1.0752839149389468
gold8,null,D_original::token::unsigned,18,5,-0.07537430018402407,0.23989801048624576,0.3230769230769231,0.029026199494949494,0.7390562196949217
gold8,null,D_real_absA::token::reward_sign_removed,18,5,-0.22922047453223757,0.2905118411000764,0.4153846153846154,0.031059119597255193,0.7908178099786681
added6_only,placebo,D_original::token::reward,18,5,0.29979656372377633,0.5833333333333333,0.7692307692307693,0.06424833218311479,1.493596577686119
added6_only,placebo,D_signed::token::reward,18,5,-0.1825750699494278,0.34155080213903743,0.49230769230769234,0.035661969322558384,0.8290424595289202
added6_only,placebo,D_factor::token::reward,18,5,0.04771848419132772,0.2897835497835498,0.47692307692307695,0.030158730158730156,0.7011073225069155
added6_only,placebo,D_real::token::reward,18,5,-0.3610007064909141,0.32121212121212117,0.4307692307692308,0.031216931216931216,0.7257075794369828
added6_only,placebo,C_centered::token::reward,18,5,0.11099734366243623,0.45247863247863246,0.7076923076923077,0.0663647342995169,1.5427970915462534
added6_only,placebo,M_delta_centered::token::magnitude,18,5,-0.4097565490342272,0.215,0.2153846153846154,0.01646646646646647,0.38279994398611356
added6_only,placebo,M_delta_raw::token::magnitude,18,5,-0.22095732897288706,0.23205882352941173,0.27692307692307694,0.021228371228371228,0.4935011001714159
added6_only,placebo,D_original::token::unsigned,18,5,0.15664111114979318,0.39880952380952384,0.5692307692307692,0.047095959595959594,1.0948512075750936
added6_only,placebo,D_real_absA::token::reward_sign_removed,18,5,0.5819580354638011,0.6051948051948053,0.7846153846153846,0.07098081903166649,1.6501083340948923
added6_only,null,D_original::token::reward,18,3,-0.051922087762961734,0.33134920634920634,0.7333333333333333,0.04468095813204509,1.255008989242993
added6_only,null,D_signed::token::reward,18,3,-0.11942080185481199,0.1962962962962963,0.4222222222222222,0.04456521739130435,1.2517580367987324
added6_only,null,D_factor::token::reward,18,3,0.05503741302873944,0.22916666666666666,0.5111111111111111,0.0328042328042328,0.9214128070589713
added6_only,null,D_real::token::reward,18,3,-0.10903638430221964,0.30324074074074076,0.5333333333333333,0.03399470899470899,0.9548511750570791
added6_only,null,C_centered::token::reward,18,3,0.22845718615703164,0.3333333333333333,0.7333333333333333,0.052088365539452494,1.463069945675664
added6_only,null,M_delta_centered::token::magnitude,18,3,-0.32710915290665893,0.4365079365079365,0.4,0.025725725725725724,0.7225900784215735
added6_only,null,M_delta_raw::token::magnitude,18,3,-0.01557662632888852,0.2828282828282828,0.4444444444444444,0.04146646646646647,1.1647196108409994
added6_only,null,D_original::token::unsigned,18,3,-0.2243034191359947,0.15974765974765975,0.3333333333333333,0.024189814814814813,0.6794490608504411
added6_only,null,D_real_absA::token::reward_sign_removed,18,3,-0.07061403935762796,0.16704863763687294,0.35555555555555557,0.03300444512308919,0.9270364165433379
