start_update,global_update,window_horizon,window_role,control,skill_id,context_id,phase,anchor_count,game_count,source_trajectory_count,continuation_repeats,paired_anchor_repeats,utility_old,utility_new,delta_utility,ci_low,ci_high,direction,interval_status,quantity_filter_applied,negative_point_label,original_old,control_old,original_new,control_new,delta_original,delta_control,ci_width,ci_contains_zero,degenerate_interval,direction_at_zero
0,5,5,test,placebo,skillnet:alfworld-appliance-navigator,all_alfworld,all,62,62,62,2,124,-0.056451612903225805,0.016129032258064516,0.07258064516129033,-0.03225806451612903,0.18548387096774194,uncertain,paired_game_cluster_bootstrap,False,False,0.27419354838709675,0.33064516129032256,0.27419354838709675,0.25806451612903225,0.0,-0.07258064516129031,0.21774193548387097,True,False,unresolved
0,5,5,test,placebo,skillnet:alfworld-appliance-navigator,all_alfworld,initial,42,42,42,2,84,-0.07142857142857142,0.023809523809523808,0.09523809523809523,-0.047619047619047616,0.25,uncertain,paired_game_cluster_bootstrap,False,False,0.34523809523809523,0.4166666666666667,0.3333333333333333,0.30952380952380953,-0.011904761904761918,-0.10714285714285715,0.2976190476190476,True,False,unresolved
0,5,5,test,placebo,skillnet:alfworld-appliance-navigator,all_alfworld,early,8,8,8,2,16,-0.0625,0.0,0.0625,-0.1875,0.5,uncertain,paired_game_cluster_bootstrap,False,False,0.1875,0.25,0.25,0.25,0.0625,0.0,0.6875,True,False,unresolved
0,5,5,test,placebo,skillnet:alfworld-appliance-navigator,all_alfworld,middle,6,6,6,2,12,0.0,0.0,0.0,0.0,0.0,stable,paired_game_cluster_bootstrap,False,False,0.16666666666666666,0.16666666666666666,0.16666666666666666,0.16666666666666666,0.0,0.0,0.0,True,True,unresolved
0,5,5,test,placebo,skillnet:alfworld-appliance-navigator,all_alfworld,late,6,6,6,2,12,0.0,0.0,0.0,0.0,0.0,stable,paired_game_cluster_bootstrap,False,False,0.0,0.0,0.0,0.0,0.0,0.0,0.0,True,True,unresolved
0,5,5,test,placebo,skillnet:alfworld-appliance-preparer,all_alfworld,all,8,8,8,2,16,0.0,0.0,0.0,0.0,0.0,stable,paired_game_cluster_bootstrap,False,False,0.0,0.0,0.0,0.0,0.0,0.0,0.0,True,True,unresolved
0,5,5,test,placebo,skillnet:alfworld-appliance-preparer,all_alfworld,middle,4,4,4,2,8,0.0,0.0,0.0,0.0,0.0,stable,paired_game_cluster_bootstrap,False,False,0.0,0.0,0.0,0.0,0.0,0.0,0.0,True,True,unresolved
0,5,5,test,placebo,skillnet:alfworld-appliance-preparer,all_alfworld,late,4,4,4,2,8,0.0,0.0,0.0,0.0,0.0,stable,paired_game_cluster_bootstrap,False,False,0.0,0.0,0.0,0.0,0.0,0.0,0.0,True,True,unresolved
0,5,5,test,placebo,skillnet:alfworld-clean-object,all_alfworld,all,37,37,37,2,74,-0.0945945945945946,-0.05405405405405406,0.04054054054054054,-0.10810810810810811,0.1891891891891892,uncertain,paired_game_cluster_bootstrap,False,False,0.2972972972972973,0.3918918918918919,0.28378378378378377,0.33783783783783783,-0.013513513513513542,-0.05405405405405406,0.2972972972972973,True,False,unresolved
0,5,5,test,placebo,skillnet:alfworld-clean-object,all_alfworld,initial,25,25,25,2,50,-0.26,-0.18,0.08,-0.08,0.24,uncertain,paired_game_cluster_bootstrap,False,False,0.22,0.48,0.2,0.38,-0.01999999999999999,-0.09999999999999998,0.32,True,False,unresolved
0,5,5,test,placebo,skillnet:alfworld-clean-object,all_alfworld,early,9,9,9,2,18,0.2222222222222222,0.05555555555555555,-0.16666666666666666,-0.5555555555555556,0.16666666666666666,uncertain,paired_game_cluster_bootstrap,False,True,0.5,0.2777777777777778,0.3888888888888889,0.3333333333333333,-0.1111111111111111,0.055555555555555525,0.7222222222222222,True,False,unresolved
0,5,5,test,placebo,skillnet:alfworld-clean-object,all_alfworld,middle,1,1,1,2,2,0.0,1.0,1.0,,,uncertain,single_game_interval_undefined,False,False,0.0,0.0,1.0,0.0,1.0,0.0,,False,False,interval_undefined
0,5,5,test,placebo,skillnet:alfworld-clean-object,all_alfworld,late,2,2,2,2,4,0.5,0.5,0.0,0.0,0.0,stable,paired_game_cluster_bootstrap,False,False,0.5,0.0,0.5,0.0,0.0,0.0,0.0,True,True,unresolved
0,5,5,test,placebo,skillnet:alfworld-device-operator,all_alfworld,all,59,59,59,2,118,0.059322033898305086,0.1440677966101695,0.0847457627118644,-0.0423728813559322,0.22033898305084745,uncertain,paired_game_cluster_bootstrap,False,False,0.2966101694915254,0.23728813559322035,0.423728813559322,0.2796610169491525,0.1271186440677966,0.042372881355932174,0.2627118644067796,True,False,unresolved
0,5,5,test,placebo,skillnet:alfworld-device-operator,all_alfworld,initial,22,22,22,2,44,0.11363636363636363,0.2727272727272727,0.1590909090909091,-0.06818181818181818,0.38636363636363635,uncertain,paired_game_cluster_bootstrap,False,False,0.36363636363636365,0.25,0.5681818181818182,0.29545454545454547,0.20454545454545459,0.04545454545454547,0.45454545454545453,True,False,unresolved
0,5,5,test,placebo,skillnet:alfworld-device-operator,all_alfworld,early,27,27,27,2,54,0.05555555555555555,0.1111111111111111,0.05555555555555555,-0.14814814814814814,0.2777777777777778,uncertain,paired_game_cluster_bootstrap,False,False,0.2962962962962963,0.24074074074074073,0.42592592592592593,0.3148148148148148,0.12962962962962965,0.0740740740740741,0.42592592592592593,True,False,unresolved
0,5,5,test,placebo,skillnet:alfworld-device-operator,all_alfworld,middle,7,7,7,2,14,-0.07142857142857142,-0.07142857142857142,0.0,-0.21428571428571427,0.21428571428571427,uncertain,paired_game_cluster_bootstrap,False,False,0.21428571428571427,0.2857142857142857,0.14285714285714285,0.21428571428571427,-0.07142857142857142,-0.07142857142857142,0.42857142857142855,True,False,unresolved
0,5,5,test,placebo,skillnet:alfworld-device-operator,all_alfworld,late,3,3,3,2,6,0.0,0.0,0.0,0.0,0.0,stable,paired_game_cluster_bootstrap,False,False,0.0,0.0,0.0,0.0,0.0,0.0,0.0,True,True,unresolved
0,5,5,test,placebo,skillnet:alfworld-heat-object-with-appliance,all_alfworld,all,32,32,32,2,64,0.15625,0.234375,0.078125,-0.046875,0.21875,uncertain,paired_game_cluster_bootstrap,False,False,0.234375,0.078125,0.296875,0.0625,0.0625,-0.015625,0.265625,True,False,unresolved
0,5,5,test,placebo,skillnet:alfworld-heat-object-with-appliance,all_alfworld,early,13,13,13,2,26,0.15384615384615385,0.2692307692307692,0.11538461538461539,-0.15384615384615385,0.38461538461538464,uncertain,paired_game_cluster_bootstrap,False,False,0.23076923076923078,0.07692307692307693,0.38461538461538464,0.11538461538461539,0.15384615384615385,0.038461538461538464,0.5384615384615385,True,False,unresolved
0,5,5,test,placebo,skillnet:alfworld-heat-object-with-appliance,all_alfworld,middle,12,12,12,2,24,0.25,0.2916666666666667,0.041666666666666664,-0.125,0.20833333333333334,uncertain,paired_game_cluster_bootstrap,False,False,0.3333333333333333,0.08333333333333333,0.2916666666666667,0.0,-0.04166666666666663,-0.08333333333333333,0.33333333333333337,True,False,unresolved
0,5,5,test,placebo,skillnet:alfworld-heat-object-with-appliance,all_alfworld,late,7,7,7,2,14,0.0,0.07142857142857142,0.07142857142857142,0.0,0.2857142857142857,uncertain,paired_game_cluster_bootstrap,False,False,0.07142857142857142,0.07142857142857142,0.14285714285714285,0.07142857142857142,0.07142857142857142,0.0,0.2857142857142857,True,False,unresolved
0,5,5,test,placebo,skillnet:alfworld-inventory-management,all_alfworld,all,2,2,2,2,4,0.0,0.0,0.0,0.0,0.0,stable,paired_game_cluster_bootstrap,False,False,0.5,0.5,0.5,0.5,0.0,0.0,0.0,True,True,unresolved
0,5,5,test,placebo,skillnet:alfworld-inventory-management,all_alfworld,early,2,2,2,2,4,0.0,0.0,0.0,0.0,0.0,stable,paired_game_cluster_bootstrap,False,False,0.5,0.5,0.5,0.5,0.0,0.0,0.0,True,True,unresolved
0,5,5,test,placebo,skillnet:alfworld-locate-target-object,all_alfworld,all,2,2,2,2,4,0.0,0.0,0.0,0.0,0.0,stable,paired_game_cluster_bootstrap,False,False,0.5,0.5,0.5,0.5,0.0,0.0,0.0,True,True,unresolved
0,5,5,test,placebo,skillnet:alfworld-locate-target-object,all_alfworld,initial,2,2,2,2,4,0.0,0.0,0.0,0.0,0.0,stable,paired_game_cluster_bootstrap,False,False,0.5,0.5,0.5,0.5,0.0,0.0,0.0,True,True,unresolved
0,5,5,test,placebo,skillnet:alfworld-object-cooler,all_alfworld,all,21,21,21,2,42,0.023809523809523808,0.09523809523809523,0.07142857142857142,-0.09523809523809523,0.2619047619047619,uncertain,paired_game_cluster_bootstrap,False,False,0.30952380952380953,0.2857142857142857,0.2857142857142857,0.19047619047619047,-0.023809523809523836,-0.09523809523809523,0.35714285714285715,True,False,unresolved
0,5,5,test,placebo,skillnet:alfworld-object-cooler,all_alfworld,early,9,9,9,2,18,0.05555555555555555,0.0,-0.05555555555555555,-0.3888888888888889,0.2222222222222222,uncertain,paired_game_cluster_bootstrap,False,True,0.4444444444444444,0.3888888888888889,0.3333333333333333,0.3333333333333333,-0.1111111111111111,-0.05555555555555558,0.6111111111111112,True,False,unresolved
0,5,5,test,placebo,skillnet:alfworld-object-cooler,all_alfworld,middle,6,6,6,2,12,-0.08333333333333333,0.16666666666666666,0.25,0.0,0.5833333333333334,uncertain,paired_game_cluster_bootstrap,False,False,0.3333333333333333,0.4166666666666667,0.3333333333333333,0.16666666666666666,0.0,-0.25,0.5833333333333334,True,False,unresolved
0,5,5,test,placebo,skillnet:alfworld-object-cooler,all_alfworld,late,6,6,6,2,12,0.08333333333333333,0.16666666666666666,0.08333333333333333,0.0,0.3333333333333333,uncertain,paired_game_cluster_bootstrap,False,False,0.08333333333333333,0.0,0.16666666666666666,0.0,0.08333333333333333,0.0,0.3333333333333333,True,False,unresolved
0,5,5,test,placebo,skillnet:alfworld-object-disposer,all_alfworld,all,2,2,2,2,4,0.0,0.0,0.0,0.0,0.0,stable,paired_game_cluster_bootstrap,False,False,0.5,0.5,0.25,0.25,-0.25,-0.25,0.0,True,True,unresolved
0,5,5,test,placebo,skillnet:alfworld-object-disposer,all_alfworld,early,2,2,2,2,4,0.0,0.0,0.0,0.0,0.0,stable,paired_game_cluster_bootstrap,False,False,0.5,0.5,0.25,0.25,-0.25,-0.25,0.0,True,True,unresolved
0,5,5,test,placebo,skillnet:alfworld-object-heater,all_alfworld,all,9,9,9,2,18,0.0,0.0,0.0,-0.2777777777777778,0.2777777777777778,uncertain,paired_game_cluster_bootstrap,False,False,0.2777777777777778,0.2777777777777778,0.4444444444444444,0.4444444444444444,0.16666666666666663,0.16666666666666663,0.5555555555555556,True,False,unresolved
0,5,5,test,placebo,skillnet:alfworld-object-heater,all_alfworld,early,1,1,1,2,2,0.0,0.0,0.0,,,uncertain,single_game_interval_undefined,False,False,0.0,0.0,1.0,1.0,1.0,1.0,,False,False,interval_undefined
0,5,5,test,placebo,skillnet:alfworld-object-heater,all_alfworld,middle,4,4,4,2,8,0.0,0.125,0.125,-0.375,0.625,uncertain,paired_game_cluster_bootstrap,False,False,0.625,0.625,0.5,0.375,-0.125,-0.25,1.0,True,False,unresolved
0,5,5,test,placebo,skillnet:alfworld-object-heater,all_alfworld,late,4,4,4,2,8,0.0,-0.125,-0.125,-0.5,0.0,uncertain,paired_game_cluster_bootstrap,False,True,0.0,0.0,0.25,0.375,0.25,0.375,0.5,True,False,unresolved
0,5,5,test,placebo,skillnet:alfworld-object-picker,all_alfworld,all,7,7,7,2,14,0.0,0.0,0.0,-0.21428571428571427,0.21428571428571427,uncertain,paired_game_cluster_bootstrap,False,False,0.14285714285714285,0.14285714285714285,0.21428571428571427,0.21428571428571427,0.07142857142857142,0.07142857142857142,0.42857142857142855,True,False,unresolved
0,5,5,test,placebo,skillnet:alfworld-object-picker,all_alfworld,early,4,4,4,2,8,0.125,0.0,-0.125,-0.5,0.0,uncertain,paired_game_cluster_bootstrap,False,True,0.125,0.0,0.0,0.0,-0.125,0.0,0.5,True,False,unresolved
0,5,5,test,placebo,skillnet:alfworld-object-picker,all_alfworld,middle,1,1,1,2,2,-0.5,0.0,0.5,,,uncertain,single_game_interval_undefined,False,False,0.5,1.0,0.5,0.5,0.0,-0.5,,False,False,interval_undefined
0,5,5,test,placebo,skillnet:alfworld-object-picker,all_alfworld,late,2,2,2,2,4,0.0,0.0,0.0,0.0,0.0,stable,paired_game_cluster_bootstrap,False,False,0.0,0.0,0.5,0.5,0.5,0.5,0.0,True,True,unresolved
0,5,5,test,placebo,skillnet:alfworld-object-placer,all_alfworld,all,23,23,23,2,46,-0.15217391304347827,-0.08695652173913043,0.06521739130434782,-0.10869565217391304,0.2391304347826087,uncertain,paired_game_cluster_bootstrap,False,False,0.32608695652173914,0.4782608695652174,0.32608695652173914,0.41304347826086957,0.0,-0.06521739130434784,0.34782608695652173,True,False,unresolved
0,5,5,test,placebo,skillnet:alfworld-object-placer,all_alfworld,initial,3,3,3,2,6,0.16666666666666666,0.0,-0.16666666666666666,-0.6666666666666666,0.0,uncertain,paired_game_cluster_bootstrap,False,True,0.16666666666666666,0.0,0.0,0.0,-0.16666666666666666,0.0,0.6666666666666666,True,False,unresolved
0,5,5,test,placebo,skillnet:alfworld-object-placer,all_alfworld,early,4,4,4,2,8,-0.5,-0.375,0.125,-0.25,0.625,uncertain,paired_game_cluster_bootstrap,False,False,0.0,0.5,0.25,0.625,0.25,0.125,0.875,True,False,unresolved
0,5,5,test,placebo,skillnet:alfworld-object-placer,all_alfworld,middle,10,10,10,2,20,-0.1,-0.05,0.05,-0.2,0.3,uncertain,paired_game_cluster_bootstrap,False,False,0.6,0.7,0.55,0.6,-0.04999999999999993,-0.09999999999999998,0.5,True,False,unresolved
0,5,5,test,placebo,skillnet:alfworld-object-placer,all_alfworld,late,6,6,6,2,12,-0.16666666666666666,0.0,0.16666666666666666,0.0,0.4166666666666667,uncertain,paired_game_cluster_bootstrap,False,False,0.16666666666666666,0.3333333333333333,0.16666666666666666,0.16666666666666666,0.0,-0.16666666666666666,0.4166666666666667,True,False,unresolved
0,5,5,test,placebo,skillnet:alfworld-object-retriever,all_alfworld,all,15,15,15,2,30,-0.03333333333333333,0.0,0.03333333333333333,-0.1,0.2,uncertain,paired_game_cluster_bootstrap,False,False,0.3333333333333333,0.36666666666666664,0.3,0.3,-0.033333333333333326,-0.06666666666666665,0.30000000000000004,True,False,unresolved
0,5,5,test,placebo,skillnet:alfworld-object-retriever,all_alfworld,initial,2,2,2,2,4,0.0,0.0,0.0,0.0,0.0,stable,paired_game_cluster_bootstrap,False,False,0.0,0.0,0.25,0.25,0.25,0.25,0.0,True,True,unresolved
0,5,5,test,placebo,skillnet:alfworld-object-retriever,all_alfworld,early,13,13,13,2,26,-0.038461538461538464,0.0,0.038461538461538464,-0.11538461538461539,0.23076923076923078,uncertain,paired_game_cluster_bootstrap,False,False,0.38461538461538464,0.4230769230769231,0.3076923076923077,0.3076923076923077,-0.07692307692307693,-0.11538461538461536,0.34615384615384615,True,False,unresolved
0,5,5,test,placebo,skillnet:alfworld-object-state-inspector,all_alfworld,all,18,18,18,2,36,0.05555555555555555,0.25,0.19444444444444445,-0.08333333333333333,0.5,uncertain,paired_game_cluster_bootstrap,False,False,0.3888888888888889,0.3333333333333333,0.8333333333333334,0.5833333333333334,0.4444444444444445,0.25000000000000006,0.5833333333333334,True,False,unresolved
0,5,5,test,placebo,skillnet:alfworld-object-state-inspector,all_alfworld,initial,10,10,10,2,20,0.1,0.05,-0.05,-0.4,0.3,uncertain,paired_game_cluster_bootstrap,False,False,0.2,0.1,0.7,0.65,0.49999999999999994,0.55,0.7,True,False,unresolved
0,5,5,test,placebo,skillnet:alfworld-object-state-inspector,all_alfworld,early,7,7,7,2,14,0.0,0.5714285714285714,0.5714285714285714,0.14285714285714285,1.0,positive,paired_game_cluster_bootstrap,False,False,0.5714285714285714,0.5714285714285714,1.0,0.42857142857142855,0.4285714285714286,-0.14285714285714285,0.8571428571428572,False,False,increase_resolved
0,5,5,test,placebo,skillnet:alfworld-object-state-inspector,all_alfworld,middle,1,1,1,2,2,0.0,0.0,0.0,,,uncertain,single_game_interval_undefined,False,False,1.0,1.0,1.0,1.0,0.0,0.0,,False,False,interval_undefined
0,5,5,test,placebo,skillnet:alfworld-object-storer,all_alfworld,all,18,18,18,2,36,-0.05555555555555555,0.0,0.05555555555555555,0.0,0.16666666666666666,uncertain,paired_game_cluster_bootstrap,False,False,0.1111111111111111,0.16666666666666666,0.16666666666666666,0.16666666666666666,0.05555555555555555,0.0,0.16666666666666666,True,False,unresolved
0,5,5,test,placebo,skillnet:alfworld-object-storer,all_alfworld,early,8,8,8,2,16,-0.125,0.0,0.125,0.0,0.375,uncertain,paired_game_cluster_bootstrap,False,False,0.0,0.125,0.125,0.125,0.125,0.0,0.375,True,False,unresolved
0,5,5,test,placebo,skillnet:alfworld-object-storer,all_alfworld,middle,6,6,6,2,12,0.0,0.0,0.0,0.0,0.0,stable,paired_game_cluster_bootstrap,False,False,0.16666666666666666,0.16666666666666666,0.16666666666666666,0.16666666666666666,0.0,0.0,0.0,True,True,unresolved
0,5,5,test,placebo,skillnet:alfworld-object-storer,all_alfworld,late,4,4,4,2,8,0.0,0.0,0.0,0.0,0.0,stable,paired_game_cluster_bootstrap,False,False,0.25,0.25,0.25,0.25,0.0,0.0,0.0,True,True,unresolved
0,5,5,test,placebo,skillnet:alfworld-object-transporter,all_alfworld,all,1,1,1,2,2,0.0,0.0,0.0,,,uncertain,single_game_interval_undefined,False,False,1.0,1.0,1.0,1.0,0.0,0.0,,False,False,interval_undefined
0,5,5,test,placebo,skillnet:alfworld-object-transporter,all_alfworld,late,1,1,1,2,2,0.0,0.0,0.0,,,uncertain,single_game_interval_undefined,False,False,1.0,1.0,1.0,1.0,0.0,0.0,,False,False,interval_undefined
0,5,5,test,placebo,skillnet:alfworld-receptacle-closer,all_alfworld,all,5,5,5,2,10,0.1,-0.1,-0.2,-0.5,0.0,uncertain,paired_game_cluster_bootstrap,False,True,0.2,0.1,0.2,0.3,0.0,0.19999999999999998,0.5,True,False,unresolved
0,5,5,test,placebo,skillnet:alfworld-receptacle-closer,all_alfworld,middle,4,4,4,2,8,0.125,-0.125,-0.25,-0.625,0.0,uncertain,paired_game_cluster_bootstrap,False,True,0.25,0.125,0.25,0.375,0.0,0.25,0.625,True,False,unresolved
0,5,5,test,placebo,skillnet:alfworld-receptacle-closer,all_alfworld,late,1,1,1,2,2,0.0,0.0,0.0,,,uncertain,single_game_interval_undefined,False,False,0.0,0.0,0.0,0.0,0.0,0.0,,False,False,interval_undefined
0,5,5,test,placebo,skillnet:alfworld-receptacle-finder,all_alfworld,all,10,10,10,2,20,-0.2,0.1,0.3,0.05,0.6,uncertain,paired_game_cluster_bootstrap,False,False,0.05,0.25,0.2,0.1,0.15000000000000002,-0.15,0.5499999999999999,False,False,increase_resolved
0,5,5,test,placebo,skillnet:alfworld-receptacle-finder,all_alfworld,initial,3,3,3,2,6,-0.3333333333333333,0.0,0.3333333333333333,0.0,1.0,uncertain,paired_game_cluster_bootstrap,False,False,0.0,0.3333333333333333,0.0,0.0,0.0,-0.3333333333333333,1.0,True,False,unresolved
0,5,5,test,placebo,skillnet:alfworld-receptacle-finder,all_alfworld,early,1,1,1,2,2,-0.5,0.0,0.5,,,uncertain,single_game_interval_undefined,False,False,0.5,1.0,1.0,1.0,0.5,0.0,,False,False,interval_undefined
0,5,5,test,placebo,skillnet:alfworld-receptacle-finder,all_alfworld,middle,1,1,1,2,2,0.0,1.0,1.0,,,uncertain,single_game_interval_undefined,False,False,0.0,0.0,1.0,0.0,1.0,0.0,,False,False,interval_undefined
0,5,5,test,placebo,skillnet:alfworld-receptacle-finder,all_alfworld,late,5,5,5,2,10,-0.1,0.0,0.1,0.0,0.4,uncertain,paired_game_cluster_bootstrap,False,False,0.0,0.1,0.0,0.0,0.0,-0.1,0.4,True,False,unresolved
0,5,5,test,placebo,skillnet:alfworld-receptacle-navigator,all_alfworld,all,2,2,2,2,4,0.0,0.0,0.0,0.0,0.0,stable,paired_game_cluster_bootstrap,False,False,0.0,0.0,0.0,0.0,0.0,0.0,0.0,True,True,unresolved
0,5,5,test,placebo,skillnet:alfworld-receptacle-navigator,all_alfworld,early,2,2,2,2,4,0.0,0.0,0.0,0.0,0.0,stable,paired_game_cluster_bootstrap,False,False,0.0,0.0,0.0,0.0,0.0,0.0,0.0,True,True,unresolved
0,5,5,test,placebo,skillnet:alfworld-receptacle-opener,all_alfworld,all,8,8,8,2,16,0.0,-0.0625,-0.0625,-0.25,0.0,uncertain,paired_game_cluster_bootstrap,False,True,0.0,0.0,0.0,0.0625,0.0,0.0625,0.25,True,False,unresolved
0,5,5,test,placebo,skillnet:alfworld-receptacle-opener,all_alfworld,early,1,1,1,2,2,0.0,-0.5,-0.5,,,uncertain,single_game_interval_undefined,False,True,0.0,0.0,0.0,0.5,0.0,0.5,,False,False,interval_undefined
0,5,5,test,placebo,skillnet:alfworld-receptacle-opener,all_alfworld,middle,2,2,2,2,4,0.0,0.0,0.0,0.0,0.0,stable,paired_game_cluster_bootstrap,False,False,0.0,0.0,0.0,0.0,0.0,0.0,0.0,True,True,unresolved
0,5,5,test,placebo,skillnet:alfworld-receptacle-opener,all_alfworld,late,5,5,5,2,10,0.0,0.0,0.0,0.0,0.0,stable,paired_game_cluster_bootstrap,False,False,0.0,0.0,0.0,0.0,0.0,0.0,0.0,True,True,unresolved
0,5,5,test,placebo,skillnet:alfworld-receptacle-operator,all_alfworld,all,7,7,7,2,14,0.0,-0.14285714285714285,-0.14285714285714285,-0.42857142857142855,0.0,uncertain,paired_game_cluster_bootstrap,False,True,0.2857142857142857,0.2857142857142857,0.07142857142857142,0.21428571428571427,-0.21428571428571427,-0.07142857142857142,0.42857142857142855,True,False,unresolved
0,5,5,test,placebo,skillnet:alfworld-receptacle-operator,all_alfworld,early,2,2,2,2,4,0.0,-0.5,-0.5,-1.0,0.0,uncertain,paired_game_cluster_bootstrap,False,True,0.5,0.5,0.0,0.5,-0.5,0.0,1.0,True,False,unresolved
0,5,5,test,placebo,skillnet:alfworld-receptacle-operator,all_alfworld,middle,3,3,3,2,6,0.0,0.0,0.0,0.0,0.0,stable,paired_game_cluster_bootstrap,False,False,0.3333333333333333,0.3333333333333333,0.16666666666666666,0.16666666666666666,-0.16666666666666666,-0.16666666666666666,0.0,True,True,unresolved
0,5,5,test,placebo,skillnet:alfworld-receptacle-operator,all_alfworld,late,2,2,2,2,4,0.0,0.0,0.0,0.0,0.0,stable,paired_game_cluster_bootstrap,False,False,0.0,0.0,0.0,0.0,0.0,0.0,0.0,True,True,unresolved
0,5,5,test,placebo,skillnet:alfworld-receptacle-searcher,all_alfworld,all,2,2,2,2,4,0.25,0.0,-0.25,-0.75,0.0,uncertain,paired_game_cluster_bootstrap,False,True,1.0,0.75,0.75,0.75,-0.25,0.0,0.75,True,False,unresolved
0,5,5,test,placebo,skillnet:alfworld-receptacle-searcher,all_alfworld,initial,2,2,2,2,4,0.25,0.0,-0.25,-0.75,0.0,uncertain,paired_game_cluster_bootstrap,False,True,1.0,0.75,0.75,0.75,-0.25,0.0,0.75,True,False,unresolved
0,5,5,test,placebo,skillnet:alfworld-storage-explorer,all_alfworld,all,44,44,44,2,88,-0.06818181818181818,-0.11363636363636363,-0.045454545454545456,-0.1590909090909091,0.06818181818181818,uncertain,paired_game_cluster_bootstrap,False,False,0.2159090909090909,0.2840909090909091,0.2727272727272727,0.38636363636363635,0.056818181818181795,0.10227272727272724,0.22727272727272727,True,False,unresolved
0,5,5,test,placebo,skillnet:alfworld-storage-explorer,all_alfworld,initial,23,23,23,2,46,-0.13043478260869565,-0.17391304347826086,-0.043478260869565216,-0.21739130434782608,0.13043478260869565,uncertain,paired_game_cluster_bootstrap,False,False,0.17391304347826086,0.30434782608695654,0.32608695652173914,0.5,0.15217391304347827,0.19565217391304346,0.34782608695652173,True,False,unresolved
0,5,5,test,placebo,skillnet:alfworld-storage-explorer,all_alfworld,early,18,18,18,2,36,0.0,-0.05555555555555555,-0.05555555555555555,-0.2222222222222222,0.1111111111111111,uncertain,paired_game_cluster_bootstrap,False,True,0.3055555555555556,0.3055555555555556,0.25,0.3055555555555556,-0.05555555555555558,0.0,0.3333333333333333,True,False,unresolved
0,5,5,test,placebo,skillnet:alfworld-storage-explorer,all_alfworld,middle,1,1,1,2,2,0.0,0.0,0.0,,,uncertain,single_game_interval_undefined,False,False,0.0,0.0,0.0,0.0,0.0,0.0,,False,False,interval_undefined
0,5,5,test,placebo,skillnet:alfworld-storage-explorer,all_alfworld,late,2,2,2,2,4,0.0,0.0,0.0,0.0,0.0,stable,paired_game_cluster_bootstrap,False,False,0.0,0.0,0.0,0.0,0.0,0.0,0.0,True,True,unresolved
0,5,5,test,placebo,skillnet:alfworld-temperature-regulator,all_alfworld,all,6,6,6,2,12,0.08333333333333333,0.0,-0.08333333333333333,-0.3333333333333333,0.0,uncertain,paired_game_cluster_bootstrap,False,True,0.08333333333333333,0.0,0.0,0.0,-0.08333333333333333,0.0,0.3333333333333333,True,False,unresolved
0,5,5,test,placebo,skillnet:alfworld-temperature-regulator,all_alfworld,middle,2,2,2,2,4,0.25,0.0,-0.25,-0.75,0.0,uncertain,paired_game_cluster_bootstrap,False,True,0.25,0.0,0.0,0.0,-0.25,0.0,0.75,True,False,unresolved
0,5,5,test,placebo,skillnet:alfworld-temperature-regulator,all_alfworld,late,4,4,4,2,8,0.0,0.0,0.0,0.0,0.0,stable,paired_game_cluster_bootstrap,False,False,0.0,0.0,0.0,0.0,0.0,0.0,0.0,True,True,unresolved
0,5,5,test,placebo,skillnet:alfworld-tool-locator,all_alfworld,all,4,4,4,2,8,-0.125,0.0,0.125,0.0,0.5,uncertain,paired_game_cluster_bootstrap,False,False,0.25,0.375,0.5,0.5,0.25,0.125,0.5,True,False,unresolved
0,5,5,test,placebo,skillnet:alfworld-tool-locator,all_alfworld,early,4,4,4,2,8,-0.125,0.0,0.125,0.0,0.5,uncertain,paired_game_cluster_bootstrap,False,False,0.25,0.375,0.5,0.5,0.25,0.125,0.5,True,False,unresolved
0,5,5,test,null,skillnet:alfworld-appliance-navigator,all_alfworld,all,62,62,62,2,124,0.0,-0.04032258064516129,-0.04032258064516129,-0.16129032258064516,0.08064516129032258,uncertain,paired_game_cluster_bootstrap,False,False,0.27419354838709675,0.27419354838709675,0.27419354838709675,0.31451612903225806,0.0,0.04032258064516131,0.24193548387096775,True,False,unresolved
0,5,5,test,null,skillnet:alfworld-appliance-navigator,all_alfworld,initial,42,42,42,2,84,0.023809523809523808,-0.047619047619047616,-0.07142857142857142,-0.2261904761904762,0.08333333333333333,uncertain,paired_game_cluster_bootstrap,False,True,0.34523809523809523,0.32142857142857145,0.3333333333333333,0.38095238095238093,-0.011904761904761918,0.05952380952380948,0.30952380952380953,True,False,unresolved
0,5,5,test,null,skillnet:alfworld-appliance-navigator,all_alfworld,early,8,8,8,2,16,-0.0625,-0.0625,0.0,-0.375,0.375,uncertain,paired_game_cluster_bootstrap,False,False,0.1875,0.25,0.25,0.3125,0.0625,0.0625,0.75,True,False,unresolved
0,5,5,test,null,skillnet:alfworld-appliance-navigator,all_alfworld,middle,6,6,6,2,12,0.0,0.0,0.0,0.0,0.0,stable,paired_game_cluster_bootstrap,False,False,0.16666666666666666,0.16666666666666666,0.16666666666666666,0.16666666666666666,0.0,0.0,0.0,True,True,unresolved
0,5,5,test,null,skillnet:alfworld-appliance-navigator,all_alfworld,late,6,6,6,2,12,-0.08333333333333333,0.0,0.08333333333333333,0.0,0.3333333333333333,uncertain,paired_game_cluster_bootstrap,False,False,0.0,0.08333333333333333,0.0,0.0,0.0,-0.08333333333333333,0.3333333333333333,True,False,unresolved
0,5,5,test,null,skillnet:alfworld-appliance-preparer,all_alfworld,all,8,8,8,2,16,0.0,0.0,0.0,0.0,0.0,stable,paired_game_cluster_bootstrap,False,False,0.0,0.0,0.0,0.0,0.0,0.0,0.0,True,True,unresolved
0,5,5,test,null,skillnet:alfworld-appliance-preparer,all_alfworld,middle,4,4,4,2,8,0.0,0.0,0.0,0.0,0.0,stable,paired_game_cluster_bootstrap,False,False,0.0,0.0,0.0,0.0,0.0,0.0,0.0,True,True,unresolved
0,5,5,test,null,skillnet:alfworld-appliance-preparer,all_alfworld,late,4,4,4,2,8,0.0,0.0,0.0,0.0,0.0,stable,paired_game_cluster_bootstrap,False,False,0.0,0.0,0.0,0.0,0.0,0.0,0.0,True,True,unresolved
0,5,5,test,null,skillnet:alfworld-clean-object,all_alfworld,all,37,37,37,2,74,-0.0945945945945946,0.05405405405405406,0.14864864864864866,-0.02702702702702703,0.32432432432432434,uncertain,paired_game_cluster_bootstrap,False,False,0.2972972972972973,0.3918918918918919,0.28378378378378377,0.22972972972972974,-0.013513513513513542,-0.16216216216216214,0.35135135135135137,True,False,unresolved
0,5,5,test,null,skillnet:alfworld-clean-object,all_alfworld,initial,25,25,25,2,50,-0.2,-0.06,0.14,-0.06,0.36,uncertain,paired_game_cluster_bootstrap,False,False,0.22,0.42,0.2,0.26,-0.01999999999999999,-0.15999999999999998,0.42,True,False,unresolved
0,5,5,test,null,skillnet:alfworld-clean-object,all_alfworld,early,9,9,9,2,18,0.05555555555555555,0.16666666666666666,0.1111111111111111,-0.2777777777777778,0.5,uncertain,paired_game_cluster_bootstrap,False,False,0.5,0.4444444444444444,0.3888888888888889,0.2222222222222222,-0.1111111111111111,-0.2222222222222222,0.7777777777777778,True,False,unresolved
0,5,5,test,null,skillnet:alfworld-clean-object,all_alfworld,middle,1,1,1,2,2,0.0,1.0,1.0,,,uncertain,single_game_interval_undefined,False,False,0.0,0.0,1.0,0.0,1.0,0.0,,False,False,interval_undefined
0,5,5,test,null,skillnet:alfworld-clean-object,all_alfworld,late,2,2,2,2,4,0.5,0.5,0.0,0.0,0.0,stable,paired_game_cluster_bootstrap,False,False,0.5,0.0,0.5,0.0,0.0,0.0,0.0,True,True,unresolved
0,5,5,test,null,skillnet:alfworld-device-operator,all_alfworld,all,59,59,59,2,118,0.00847457627118644,0.11016949152542373,0.1016949152542373,-0.025423728813559324,0.2288135593220339,uncertain,paired_game_cluster_bootstrap,False,False,0.2966101694915254,0.288135593220339,0.423728813559322,0.3135593220338983,0.1271186440677966,0.02542372881355931,0.2542372881355932,True,False,unresolved
0,5,5,test,null,skillnet:alfworld-device-operator,all_alfworld,initial,22,22,22,2,44,0.045454545454545456,0.13636363636363635,0.09090909090909091,-0.13636363636363635,0.3181818181818182,uncertain,paired_game_cluster_bootstrap,False,False,0.36363636363636365,0.3181818181818182,0.5681818181818182,0.4318181818181818,0.20454545454545459,0.11363636363636365,0.45454545454545453,True,False,unresolved
0,5,5,test,null,skillnet:alfworld-device-operator,all_alfworld,early,27,27,27,2,54,0.037037037037037035,0.14814814814814814,0.1111111111111111,-0.09259259259259259,0.3148148148148148,uncertain,paired_game_cluster_bootstrap,False,False,0.2962962962962963,0.25925925925925924,0.42592592592592593,0.2777777777777778,0.12962962962962965,0.018518518518518545,0.40740740740740744,True,False,unresolved
0,5,5,test,null,skillnet:alfworld-device-operator,all_alfworld,middle,7,7,7,2,14,-0.21428571428571427,-0.07142857142857142,0.14285714285714285,0.0,0.35714285714285715,uncertain,paired_game_cluster_bootstrap,False,False,0.21428571428571427,0.42857142857142855,0.14285714285714285,0.21428571428571427,-0.07142857142857142,-0.21428571428571427,0.35714285714285715,True,False,unresolved
0,5,5,test,null,skillnet:alfworld-device-operator,all_alfworld,late,3,3,3,2,6,0.0,0.0,0.0,0.0,0.0,stable,paired_game_cluster_bootstrap,False,False,0.0,0.0,0.0,0.0,0.0,0.0,0.0,True,True,unresolved
0,5,5,test,null,skillnet:alfworld-heat-object-with-appliance,all_alfworld,all,32,32,32,2,64,0.140625,0.25,0.109375,-0.015625,0.25,uncertain,paired_game_cluster_bootstrap,False,False,0.234375,0.09375,0.296875,0.046875,0.0625,-0.046875,0.265625,True,False,unresolved
0,5,5,test,null,skillnet:alfworld-heat-object-with-appliance,all_alfworld,early,13,13,13,2,26,0.11538461538461539,0.2692307692307692,0.15384615384615385,-0.07692307692307693,0.38461538461538464,uncertain,paired_game_cluster_bootstrap,False,False,0.23076923076923078,0.11538461538461539,0.38461538461538464,0.11538461538461539,0.15384615384615385,0.0,0.46153846153846156,True,False,unresolved
0,5,5,test,null,skillnet:alfworld-heat-object-with-appliance,all_alfworld,middle,12,12,12,2,24,0.25,0.2916666666666667,0.041666666666666664,-0.125,0.20833333333333334,uncertain,paired_game_cluster_bootstrap,False,False,0.3333333333333333,0.08333333333333333,0.2916666666666667,0.0,-0.04166666666666663,-0.08333333333333333,0.33333333333333337,True,False,unresolved
0,5,5,test,null,skillnet:alfworld-heat-object-with-appliance,all_alfworld,late,7,7,7,2,14,0.0,0.14285714285714285,0.14285714285714285,0.0,0.42857142857142855,uncertain,paired_game_cluster_bootstrap,False,False,0.07142857142857142,0.07142857142857142,0.14285714285714285,0.0,0.07142857142857142,-0.07142857142857142,0.42857142857142855,True,False,unresolved
0,5,5,test,null,skillnet:alfworld-inventory-management,all_alfworld,all,2,2,2,2,4,0.0,0.0,0.0,0.0,0.0,stable,paired_game_cluster_bootstrap,False,False,0.5,0.5,0.5,0.5,0.0,0.0,0.0,True,True,unresolved
0,5,5,test,null,skillnet:alfworld-inventory-management,all_alfworld,early,2,2,2,2,4,0.0,0.0,0.0,0.0,0.0,stable,paired_game_cluster_bootstrap,False,False,0.5,0.5,0.5,0.5,0.0,0.0,0.0,True,True,unresolved
0,5,5,test,null,skillnet:alfworld-locate-target-object,all_alfworld,all,2,2,2,2,4,0.0,0.0,0.0,0.0,0.0,stable,paired_game_cluster_bootstrap,False,False,0.5,0.5,0.5,0.5,0.0,0.0,0.0,True,True,unresolved
0,5,5,test,null,skillnet:alfworld-locate-target-object,all_alfworld,initial,2,2,2,2,4,0.0,0.0,0.0,0.0,0.0,stable,paired_game_cluster_bootstrap,False,False,0.5,0.5,0.5,0.5,0.0,0.0,0.0,True,True,unresolved
0,5,5,test,null,skillnet:alfworld-object-cooler,all_alfworld,all,21,21,21,2,42,-0.023809523809523808,0.19047619047619047,0.21428571428571427,0.023809523809523808,0.42857142857142855,uncertain,paired_game_cluster_bootstrap,False,False,0.30952380952380953,0.3333333333333333,0.2857142857142857,0.09523809523809523,-0.023809523809523836,-0.23809523809523808,0.40476190476190477,False,False,increase_resolved
0,5,5,test,null,skillnet:alfworld-object-cooler,all_alfworld,early,9,9,9,2,18,-0.05555555555555555,0.16666666666666666,0.2222222222222222,-0.1111111111111111,0.6666666666666666,uncertain,paired_game_cluster_bootstrap,False,False,0.4444444444444444,0.5,0.3333333333333333,0.16666666666666666,-0.1111111111111111,-0.33333333333333337,0.7777777777777777,True,False,unresolved
0,5,5,test,null,skillnet:alfworld-object-cooler,all_alfworld,middle,6,6,6,2,12,-0.08333333333333333,0.25,0.3333333333333333,0.0,0.6666666666666666,uncertain,paired_game_cluster_bootstrap,False,False,0.3333333333333333,0.4166666666666667,0.3333333333333333,0.08333333333333333,0.0,-0.33333333333333337,0.6666666666666666,True,False,unresolved
0,5,5,test,null,skillnet:alfworld-object-cooler,all_alfworld,late,6,6,6,2,12,0.08333333333333333,0.16666666666666666,0.08333333333333333,0.0,0.3333333333333333,uncertain,paired_game_cluster_bootstrap,False,False,0.08333333333333333,0.0,0.16666666666666666,0.0,0.08333333333333333,0.0,0.3333333333333333,True,False,unresolved
0,5,5,test,null,skillnet:alfworld-object-disposer,all_alfworld,all,2,2,2,2,4,0.0,0.0,0.0,0.0,0.0,stable,paired_game_cluster_bootstrap,False,False,0.5,0.5,0.25,0.25,-0.25,-0.25,0.0,True,True,unresolved
0,5,5,test,null,skillnet:alfworld-object-disposer,all_alfworld,early,2,2,2,2,4,0.0,0.0,0.0,0.0,0.0,stable,paired_game_cluster_bootstrap,False,False,0.5,0.5,0.25,0.25,-0.25,-0.25,0.0,True,True,unresolved
0,5,5,test,null,skillnet:alfworld-object-heater,all_alfworld,all,9,9,9,2,18,0.0,0.0,0.0,-0.2777777777777778,0.2777777777777778,uncertain,paired_game_cluster_bootstrap,False,False,0.2777777777777778,0.2777777777777778,0.4444444444444444,0.4444444444444444,0.16666666666666663,0.16666666666666663,0.5555555555555556,True,False,unresolved
0,5,5,test,null,skillnet:alfworld-object-heater,all_alfworld,early,1,1,1,2,2,0.0,0.0,0.0,,,uncertain,single_game_interval_undefined,False,False,0.0,0.0,1.0,1.0,1.0,1.0,,False,False,interval_undefined
0,5,5,test,null,skillnet:alfworld-object-heater,all_alfworld,middle,4,4,4,2,8,0.0,0.125,0.125,-0.375,0.625,uncertain,paired_game_cluster_bootstrap,False,False,0.625,0.625,0.5,0.375,-0.125,-0.25,1.0,True,False,unresolved
0,5,5,test,null,skillnet:alfworld-object-heater,all_alfworld,late,4,4,4,2,8,0.0,-0.125,-0.125,-0.5,0.0,uncertain,paired_game_cluster_bootstrap,False,True,0.0,0.0,0.25,0.375,0.25,0.375,0.5,True,False,unresolved
0,5,5,test,null,skillnet:alfworld-object-picker,all_alfworld,all,7,7,7,2,14,0.0,-0.07142857142857142,-0.07142857142857142,-0.35714285714285715,0.21428571428571427,uncertain,paired_game_cluster_bootstrap,False,True,0.14285714285714285,0.14285714285714285,0.21428571428571427,0.2857142857142857,0.07142857142857142,0.14285714285714285,0.5714285714285714,True,False,unresolved
0,5,5,test,null,skillnet:alfworld-object-picker,all_alfworld,early,4,4,4,2,8,0.125,-0.125,-0.25,-0.625,0.0,uncertain,paired_game_cluster_bootstrap,False,True,0.125,0.0,0.0,0.125,-0.125,0.125,0.625,True,False,unresolved
0,5,5,test,null,skillnet:alfworld-object-picker,all_alfworld,middle,1,1,1,2,2,-0.5,0.0,0.5,,,uncertain,single_game_interval_undefined,False,False,0.5,1.0,0.5,0.5,0.0,-0.5,,False,False,interval_undefined
0,5,5,test,null,skillnet:alfworld-object-picker,all_alfworld,late,2,2,2,2,4,0.0,0.0,0.0,0.0,0.0,stable,paired_game_cluster_bootstrap,False,False,0.0,0.0,0.5,0.5,0.5,0.5,0.0,True,True,unresolved
0,5,5,test,null,skillnet:alfworld-object-placer,all_alfworld,all,23,23,23,2,46,-0.08695652173913043,-0.08695652173913043,0.0,-0.15217391304347827,0.15217391304347827,uncertain,paired_game_cluster_bootstrap,False,False,0.32608695652173914,0.41304347826086957,0.32608695652173914,0.41304347826086957,0.0,0.0,0.30434782608695654,True,False,unresolved
0,5,5,test,null,skillnet:alfworld-object-placer,all_alfworld,initial,3,3,3,2,6,0.0,-0.16666666666666666,-0.16666666666666666,-1.0,0.5,uncertain,paired_game_cluster_bootstrap,False,True,0.16666666666666666,0.16666666666666666,0.0,0.16666666666666666,-0.16666666666666666,0.0,1.5,True,False,unresolved
0,5,5,test,null,skillnet:alfworld-object-placer,all_alfworld,early,4,4,4,2,8,-0.25,-0.25,0.0,0.0,0.0,stable,paired_game_cluster_bootstrap,False,False,0.0,0.25,0.25,0.5,0.25,0.25,0.0,True,True,unresolved
0,5,5,test,null,skillnet:alfworld-object-placer,all_alfworld,middle,10,10,10,2,20,0.05,-0.05,-0.1,-0.3,0.0,uncertain,paired_game_cluster_bootstrap,False,True,0.6,0.55,0.55,0.6,-0.04999999999999993,0.04999999999999993,0.3,True,False,unresolved
0,5,5,test,null,skillnet:alfworld-object-placer,all_alfworld,late,6,6,6,2,12,-0.25,0.0,0.25,0.0,0.5833333333333334,uncertain,paired_game_cluster_bootstrap,False,False,0.16666666666666666,0.4166666666666667,0.16666666666666666,0.16666666666666666,0.0,-0.25,0.5833333333333334,True,False,unresolved
0,5,5,test,null,skillnet:alfworld-object-retriever,all_alfworld,all,15,15,15,2,30,-0.03333333333333333,-0.03333333333333333,0.0,-0.16666666666666666,0.2,uncertain,paired_game_cluster_bootstrap,False,False,0.3333333333333333,0.36666666666666664,0.3,0.3333333333333333,-0.033333333333333326,-0.033333333333333326,0.3666666666666667,True,False,unresolved
0,5,5,test,null,skillnet:alfworld-object-retriever,all_alfworld,initial,2,2,2,2,4,0.0,0.0,0.0,0.0,0.0,stable,paired_game_cluster_bootstrap,False,False,0.0,0.0,0.25,0.25,0.25,0.25,0.0,True,True,unresolved
0,5,5,test,null,skillnet:alfworld-object-retriever,all_alfworld,early,13,13,13,2,26,-0.038461538461538464,-0.038461538461538464,0.0,-0.19230769230769232,0.23076923076923078,uncertain,paired_game_cluster_bootstrap,False,False,0.38461538461538464,0.4230769230769231,0.3076923076923077,0.34615384615384615,-0.07692307692307693,-0.07692307692307693,0.42307692307692313,True,False,unresolved
0,5,5,test,null,skillnet:alfworld-object-state-inspector,all_alfworld,all,18,18,18,2,36,0.027777777777777776,0.25,0.2222222222222222,0.0,0.4444444444444444,uncertain,paired_game_cluster_bootstrap,False,False,0.3888888888888889,0.3611111111111111,0.8333333333333334,0.5833333333333334,0.4444444444444445,0.22222222222222227,0.4444444444444444,True,False,unresolved
0,5,5,test,null,skillnet:alfworld-object-state-inspector,all_alfworld,initial,10,10,10,2,20,0.1,0.2,0.1,-0.2,0.4,uncertain,paired_game_cluster_bootstrap,False,False,0.2,0.1,0.7,0.5,0.49999999999999994,0.4,0.6000000000000001,True,False,unresolved
0,5,5,test,null,skillnet:alfworld-object-state-inspector,all_alfworld,early,7,7,7,2,14,-0.07142857142857142,0.35714285714285715,0.42857142857142855,0.07142857142857142,0.7857142857142857,positive,paired_game_cluster_bootstrap,False,False,0.5714285714285714,0.6428571428571429,1.0,0.6428571428571429,0.4285714285714286,0.0,0.7142857142857143,False,False,increase_resolved
0,5,5,test,null,skillnet:alfworld-object-state-inspector,all_alfworld,middle,1,1,1,2,2,0.0,0.0,0.0,,,uncertain,single_game_interval_undefined,False,False,1.0,1.0,1.0,1.0,0.0,0.0,,False,False,interval_undefined
0,5,5,test,null,skillnet:alfworld-object-storer,all_alfworld,all,18,18,18,2,36,-0.05555555555555555,0.0,0.05555555555555555,0.0,0.16666666666666666,uncertain,paired_game_cluster_bootstrap,False,False,0.1111111111111111,0.16666666666666666,0.16666666666666666,0.16666666666666666,0.05555555555555555,0.0,0.16666666666666666,True,False,unresolved
0,5,5,test,null,skillnet:alfworld-object-storer,all_alfworld,early,8,8,8,2,16,-0.125,0.0,0.125,0.0,0.375,uncertain,paired_game_cluster_bootstrap,False,False,0.0,0.125,0.125,0.125,0.125,0.0,0.375,True,False,unresolved
0,5,5,test,null,skillnet:alfworld-object-storer,all_alfworld,middle,6,6,6,2,12,0.0,0.0,0.0,0.0,0.0,stable,paired_game_cluster_bootstrap,False,False,0.16666666666666666,0.16666666666666666,0.16666666666666666,0.16666666666666666,0.0,0.0,0.0,True,True,unresolved
0,5,5,test,null,skillnet:alfworld-object-storer,all_alfworld,late,4,4,4,2,8,0.0,0.0,0.0,0.0,0.0,stable,paired_game_cluster_bootstrap,False,False,0.25,0.25,0.25,0.25,0.0,0.0,0.0,True,True,unresolved
0,5,5,test,null,skillnet:alfworld-object-transporter,all_alfworld,all,1,1,1,2,2,0.0,0.5,0.5,,,uncertain,single_game_interval_undefined,False,False,1.0,1.0,1.0,0.5,0.0,-0.5,,False,False,interval_undefined
0,5,5,test,null,skillnet:alfworld-object-transporter,all_alfworld,late,1,1,1,2,2,0.0,0.5,0.5,,,uncertain,single_game_interval_undefined,False,False,1.0,1.0,1.0,0.5,0.0,-0.5,,False,False,interval_undefined
0,5,5,test,null,skillnet:alfworld-receptacle-closer,all_alfworld,all,5,5,5,2,10,0.1,-0.1,-0.2,-0.5,0.0,uncertain,paired_game_cluster_bootstrap,False,True,0.2,0.1,0.2,0.3,0.0,0.19999999999999998,0.5,True,False,unresolved
0,5,5,test,null,skillnet:alfworld-receptacle-closer,all_alfworld,middle,4,4,4,2,8,0.125,-0.125,-0.25,-0.625,0.0,uncertain,paired_game_cluster_bootstrap,False,True,0.25,0.125,0.25,0.375,0.0,0.25,0.625,True,False,unresolved
0,5,5,test,null,skillnet:alfworld-receptacle-closer,all_alfworld,late,1,1,1,2,2,0.0,0.0,0.0,,,uncertain,single_game_interval_undefined,False,False,0.0,0.0,0.0,0.0,0.0,0.0,,False,False,interval_undefined
0,5,5,test,null,skillnet:alfworld-receptacle-finder,all_alfworld,all,10,10,10,2,20,-0.1,0.0,0.1,-0.15,0.35,uncertain,paired_game_cluster_bootstrap,False,False,0.05,0.15,0.2,0.2,0.15000000000000002,0.05000000000000002,0.5,True,False,unresolved
0,5,5,test,null,skillnet:alfworld-receptacle-finder,all_alfworld,initial,3,3,3,2,6,-0.16666666666666666,-0.3333333333333333,-0.16666666666666666,-0.6666666666666666,0.0,uncertain,paired_game_cluster_bootstrap,False,True,0.0,0.16666666666666666,0.0,0.3333333333333333,0.0,0.16666666666666666,0.6666666666666666,True,False,unresolved
0,5,5,test,null,skillnet:alfworld-receptacle-finder,all_alfworld,early,1,1,1,2,2,-0.5,0.0,0.5,,,uncertain,single_game_interval_undefined,False,False,0.5,1.0,1.0,1.0,0.5,0.0,,False,False,interval_undefined
0,5,5,test,null,skillnet:alfworld-receptacle-finder,all_alfworld,middle,1,1,1,2,2,0.0,1.0,1.0,,,uncertain,single_game_interval_undefined,False,False,0.0,0.0,1.0,0.0,1.0,0.0,,False,False,interval_undefined
0,5,5,test,null,skillnet:alfworld-receptacle-finder,all_alfworld,late,5,5,5,2,10,0.0,0.0,0.0,0.0,0.0,stable,paired_game_cluster_bootstrap,False,False,0.0,0.0,0.0,0.0,0.0,0.0,0.0,True,True,unresolved
0,5,5,test,null,skillnet:alfworld-receptacle-navigator,all_alfworld,all,2,2,2,2,4,0.0,0.0,0.0,0.0,0.0,stable,paired_game_cluster_bootstrap,False,False,0.0,0.0,0.0,0.0,0.0,0.0,0.0,True,True,unresolved
0,5,5,test,null,skillnet:alfworld-receptacle-navigator,all_alfworld,early,2,2,2,2,4,0.0,0.0,0.0,0.0,0.0,stable,paired_game_cluster_bootstrap,False,False,0.0,0.0,0.0,0.0,0.0,0.0,0.0,True,True,unresolved
0,5,5,test,null,skillnet:alfworld-receptacle-opener,all_alfworld,all,8,8,8,2,16,0.0,-0.0625,-0.0625,-0.25,0.0,uncertain,paired_game_cluster_bootstrap,False,True,0.0,0.0,0.0,0.0625,0.0,0.0625,0.25,True,False,unresolved
0,5,5,test,null,skillnet:alfworld-receptacle-opener,all_alfworld,early,1,1,1,2,2,0.0,-0.5,-0.5,,,uncertain,single_game_interval_undefined,False,True,0.0,0.0,0.0,0.5,0.0,0.5,,False,False,interval_undefined
0,5,5,test,null,skillnet:alfworld-receptacle-opener,all_alfworld,middle,2,2,2,2,4,0.0,0.0,0.0,0.0,0.0,stable,paired_game_cluster_bootstrap,False,False,0.0,0.0,0.0,0.0,0.0,0.0,0.0,True,True,unresolved
0,5,5,test,null,skillnet:alfworld-receptacle-opener,all_alfworld,late,5,5,5,2,10,0.0,0.0,0.0,0.0,0.0,stable,paired_game_cluster_bootstrap,False,False,0.0,0.0,0.0,0.0,0.0,0.0,0.0,True,True,unresolved
0,5,5,test,null,skillnet:alfworld-receptacle-operator,all_alfworld,all,7,7,7,2,14,0.0,-0.21428571428571427,-0.21428571428571427,-0.5714285714285714,0.0,uncertain,paired_game_cluster_bootstrap,False,True,0.2857142857142857,0.2857142857142857,0.07142857142857142,0.2857142857142857,-0.21428571428571427,0.0,0.5714285714285714,True,False,unresolved
0,5,5,test,null,skillnet:alfworld-receptacle-operator,all_alfworld,early,2,2,2,2,4,0.0,-0.5,-0.5,-1.0,0.0,uncertain,paired_game_cluster_bootstrap,False,True,0.5,0.5,0.0,0.5,-0.5,0.0,1.0,True,False,unresolved
0,5,5,test,null,skillnet:alfworld-receptacle-operator,all_alfworld,middle,3,3,3,2,6,0.0,-0.16666666666666666,-0.16666666666666666,-0.6666666666666666,0.0,uncertain,paired_game_cluster_bootstrap,False,True,0.3333333333333333,0.3333333333333333,0.16666666666666666,0.3333333333333333,-0.16666666666666666,0.0,0.6666666666666666,True,False,unresolved
0,5,5,test,null,skillnet:alfworld-receptacle-operator,all_alfworld,late,2,2,2,2,4,0.0,0.0,0.0,0.0,0.0,stable,paired_game_cluster_bootstrap,False,False,0.0,0.0,0.0,0.0,0.0,0.0,0.0,True,True,unresolved
0,5,5,test,null,skillnet:alfworld-receptacle-searcher,all_alfworld,all,2,2,2,2,4,0.25,0.0,-0.25,-0.75,0.0,uncertain,paired_game_cluster_bootstrap,False,True,1.0,0.75,0.75,0.75,-0.25,0.0,0.75,True,False,unresolved
0,5,5,test,null,skillnet:alfworld-receptacle-searcher,all_alfworld,initial,2,2,2,2,4,0.25,0.0,-0.25,-0.75,0.0,uncertain,paired_game_cluster_bootstrap,False,True,1.0,0.75,0.75,0.75,-0.25,0.0,0.75,True,False,unresolved
0,5,5,test,null,skillnet:alfworld-storage-explorer,all_alfworld,all,44,44,44,2,88,-0.06818181818181818,-0.10227272727272728,-0.03409090909090909,-0.1590909090909091,0.07954545454545454,uncertain,paired_game_cluster_bootstrap,False,False,0.2159090909090909,0.2840909090909091,0.2727272727272727,0.375,0.056818181818181795,0.09090909090909088,0.23863636363636365,True,False,unresolved
0,5,5,test,null,skillnet:alfworld-storage-explorer,all_alfworld,initial,23,23,23,2,46,-0.10869565217391304,-0.15217391304347827,-0.043478260869565216,-0.21739130434782608,0.13043478260869565,uncertain,paired_game_cluster_bootstrap,False,False,0.17391304347826086,0.2826086956521739,0.32608695652173914,0.4782608695652174,0.15217391304347827,0.19565217391304351,0.34782608695652173,True,False,unresolved
0,5,5,test,null,skillnet:alfworld-storage-explorer,all_alfworld,early,18,18,18,2,36,-0.027777777777777776,-0.05555555555555555,-0.027777777777777776,-0.2222222222222222,0.1388888888888889,uncertain,paired_game_cluster_bootstrap,False,False,0.3055555555555556,0.3333333333333333,0.25,0.3055555555555556,-0.05555555555555558,-0.027777777777777735,0.3611111111111111,True,False,unresolved
0,5,5,test,null,skillnet:alfworld-storage-explorer,all_alfworld,middle,1,1,1,2,2,0.0,0.0,0.0,,,uncertain,single_game_interval_undefined,False,False,0.0,0.0,0.0,0.0,0.0,0.0,,False,False,interval_undefined
0,5,5,test,null,skillnet:alfworld-storage-explorer,all_alfworld,late,2,2,2,2,4,0.0,0.0,0.0,0.0,0.0,stable,paired_game_cluster_bootstrap,False,False,0.0,0.0,0.0,0.0,0.0,0.0,0.0,True,True,unresolved
0,5,5,test,null,skillnet:alfworld-temperature-regulator,all_alfworld,all,6,6,6,2,12,0.08333333333333333,0.0,-0.08333333333333333,-0.3333333333333333,0.0,uncertain,paired_game_cluster_bootstrap,False,True,0.08333333333333333,0.0,0.0,0.0,-0.08333333333333333,0.0,0.3333333333333333,True,False,unresolved
0,5,5,test,null,skillnet:alfworld-temperature-regulator,all_alfworld,middle,2,2,2,2,4,0.25,0.0,-0.25,-0.75,0.0,uncertain,paired_game_cluster_bootstrap,False,True,0.25,0.0,0.0,0.0,-0.25,0.0,0.75,True,False,unresolved
0,5,5,test,null,skillnet:alfworld-temperature-regulator,all_alfworld,late,4,4,4,2,8,0.0,0.0,0.0,0.0,0.0,stable,paired_game_cluster_bootstrap,False,False,0.0,0.0,0.0,0.0,0.0,0.0,0.0,True,True,unresolved
0,5,5,test,null,skillnet:alfworld-tool-locator,all_alfworld,all,4,4,4,2,8,-0.125,0.0,0.125,0.0,0.5,uncertain,paired_game_cluster_bootstrap,False,False,0.25,0.375,0.5,0.5,0.25,0.125,0.5,True,False,unresolved
0,5,5,test,null,skillnet:alfworld-tool-locator,all_alfworld,early,4,4,4,2,8,-0.125,0.0,0.125,0.0,0.5,uncertain,paired_game_cluster_bootstrap,False,False,0.25,0.375,0.5,0.5,0.25,0.125,0.5,True,False,unresolved
