control,context_id,phase,threshold,candidates,declines,increases,unchanged_or_small,aggregation,family,formula,geometry,mode,name,reward_removed_scope,score,signed,average_precision,auroc_decline_vs_rest,auroc_decline_vs_increase,spearman,sign_accuracy_called,sign_coverage,sign_accuracy_abstention_wrong,kendall,column
placebo,all_alfworld,all,0.0,18,5,7,6,token,rectification,g_raw * [-P]+,True,reward,D_original,,D_original::token::reward,False,0.5096503496503496,0.6307692307692307,0.42857142857142855,-0.14716099278813033,,,,-0.11011201853537787,
placebo,all_alfworld,all,0.0,18,5,7,6,token,rectification,g_raw * [-P]+,True,unsigned,D_original,A=+1 on ORIGINAL nonzero-direction support; zero-A geometry unavailable,D_original::token::unsigned,False,0.6251948051948052,0.8,0.7142857142857143,0.18710469083062284,,,,0.13764002316922236,
placebo,all_alfworld,all,0.0,18,5,7,6,token,rectification,g_centered * [-P]+,True,reward,D_centered_gate,,D_centered_gate::token::reward,False,0.5096503496503496,0.6307692307692307,0.42857142857142855,-0.14716099278813033,,,,-0.11011201853537787,
placebo,all_alfworld,all,0.0,18,5,7,6,token,rectification,g_centered * [-P]+,True,unsigned,D_centered_gate,A=+1 on ORIGINAL nonzero-direction support; zero-A geometry unavailable,D_centered_gate::token::unsigned,False,0.6251948051948052,0.8,0.7142857142857143,0.18710469083062284,,,,0.13764002316922236,
placebo,all_alfworld,all,0.0,18,5,7,6,token,rectification,valid * [-P]+,True,reward,D_ungated,,D_ungated::token::reward,False,0.5522222222222222,0.7230769230769231,0.5428571428571428,-0.011562649433353098,,,,-0.013764002316922234,
placebo,all_alfworld,all,0.0,18,5,7,6,token,rectification,valid * [-P]+,True,unsigned,D_ungated,A=+1 on ORIGINAL nonzero-direction support; zero-A geometry unavailable,D_ungated::token::unsigned,False,0.5851948051948053,0.7692307692307693,0.6,0.0746316463425518,,,,0.04129200695076671,
placebo,all_alfworld,all,0.0,18,5,7,6,token,rectification,-P,True,reward,D_signed,,D_signed::token::reward,True,0.4238095238095238,0.46153846153846156,0.45714285714285713,-0.06412014685768536,0.4166666666666667,1.0,0.4166666666666667,-0.11011201853537787,
placebo,all_alfworld,all,0.0,18,5,7,6,token,rectification,-P,True,unsigned,D_signed,A=+1 on ORIGINAL nonzero-direction support; zero-A geometry unavailable,D_signed::token::unsigned,True,0.44333333333333336,0.5230769230769231,0.4857142857142857,0.006306899690919871,0.5,1.0,0.5,-0.013764002316922234,
placebo,all_alfworld,all,0.0,18,5,7,6,token,rectification,-g_raw * P,True,reward,D_signed_gate,,D_signed_gate::token::reward,True,0.41599511599511596,0.4153846153846154,0.42857142857142855,-0.06622244675465865,0.4166666666666667,1.0,0.4166666666666667,-0.06882001158461118,
placebo,all_alfworld,all,0.0,18,5,7,6,token,rectification,-g_raw * P,True,unsigned,D_signed_gate,A=+1 on ORIGINAL nonzero-direction support; zero-A geometry unavailable,D_signed_gate::token::unsigned,True,0.5848841354723707,0.6615384615384615,0.6571428571428571,0.3700047818672991,0.5833333333333334,1.0,0.5833333333333334,0.2890440486553669,
placebo,all_alfworld,all,0.0,18,5,7,6,token,rectification,-valid * sign(P),True,reward,D_sign_balance,,D_sign_balance::token::reward,True,0.47333333333333333,0.5692307692307692,0.5142857142857142,0.021022998969732903,0.4166666666666667,1.0,0.4166666666666667,-0.013764002316922234,
placebo,all_alfworld,all,0.0,18,5,7,6,token,rectification,-valid * sign(P),True,unsigned,D_sign_balance,A=+1 on ORIGINAL nonzero-direction support; zero-A geometry unavailable,D_sign_balance::token::unsigned,True,0.45178571428571423,0.5230769230769231,0.45714285714285713,-0.05676209721827884,0.5,1.0,0.5,-0.027528004633844468,
placebo,all_alfworld,all,0.0,18,5,7,6,token,rectification,valid * I(P < -epsilon),True,reward,D_negative_fraction,,D_negative_fraction::token::reward,False,0.5655122655122654,0.7384615384615385,0.6285714285714286,0.11667764428201761,,,,0.09634801621845565,
placebo,all_alfworld,all,0.0,18,5,7,6,token,rectification,valid * I(P < -epsilon),True,unsigned,D_negative_fraction,A=+1 on ORIGINAL nonzero-direction support; zero-A geometry unavailable,D_negative_fraction::token::unsigned,False,0.6742424242424242,0.8153846153846154,0.7428571428571429,0.1440075429426704,,,,0.09634801621845565,
placebo,all_alfworld,all,0.0,18,5,7,6,token,reward_strength,-abs(A) * P,True,reward,D_adv,,D_adv::token::reward,True,0.5657967032967033,0.5230769230769231,0.5428571428571428,0.16397939196391664,0.5,1.0,0.5,0.08258401390153342,
placebo,all_alfworld,all,0.0,18,5,7,6,token,reward_strength,-abs(A) * P,True,unsigned,D_adv,A=+1 on ORIGINAL nonzero-direction support; zero-A geometry unavailable,D_adv::token::unsigned,True,0.44333333333333336,0.5230769230769231,0.4857142857142857,0.006306899690919871,0.5,1.0,0.5,-0.013764002316922234,
placebo,all_alfworld,all,0.0,18,5,7,6,token,reward_strength,-g_raw * abs(A) * P,True,reward,D_adv_gate,,D_adv_gate::token::reward,True,0.4255189255189255,0.4307692307692308,0.45714285714285713,0.097756945209258,0.5833333333333334,1.0,0.5833333333333334,0.09634801621845565,
placebo,all_alfworld,all,0.0,18,5,7,6,token,reward_strength,-g_raw * abs(A) * P,True,unsigned,D_adv_gate,A=+1 on ORIGINAL nonzero-direction support; zero-A geometry unavailable,D_adv_gate::token::unsigned,True,0.5848841354723707,0.6615384615384615,0.6571428571428571,0.3700047818672991,0.5833333333333334,1.0,0.5833333333333334,0.2890440486553669,
placebo,all_alfworld,all,0.0,18,5,7,6,token,reward_strength,-sqrt(abs(A)) * P,True,reward,D_sqrtadv,,D_sqrtadv::token::reward,True,0.5215384615384615,0.5846153846153846,0.5714285714285714,0.15977479216997006,0.4166666666666667,1.0,0.4166666666666667,0.08258401390153342,
placebo,all_alfworld,all,0.0,18,5,7,6,token,reward_strength,-sqrt(abs(A)) * P,True,unsigned,D_sqrtadv,A=+1 on ORIGINAL nonzero-direction support; zero-A geometry unavailable,D_sqrtadv::token::unsigned,True,0.44333333333333336,0.5230769230769231,0.4857142857142857,0.006306899690919871,0.5,1.0,0.5,-0.013764002316922234,
placebo,all_alfworld,all,0.0,18,5,7,6,token,reward_strength,"-valid * dot(d, delta)",True,reward,D_work,,D_work::token::reward,True,0.2558333333333333,0.36923076923076925,0.5142857142857142,0.07147819649709188,0.5,1.0,0.5,0.055056009267688936,
placebo,all_alfworld,all,0.0,18,5,7,6,token,reward_strength,"-valid * dot(d, delta)",True,unsigned,D_work,A=+1 on ORIGINAL nonzero-direction support; zero-A geometry unavailable,D_work::token::unsigned,True,0.3163095238095238,0.46153846153846156,0.5142857142857142,0.045199447784925746,0.6666666666666666,1.0,0.6666666666666666,0.04129200695076671,
placebo,all_alfworld,all,0.0,18,5,7,6,token,reward_strength,"-g_raw * dot(d, delta)",True,reward,D_work_gate,,D_work_gate::token::reward,True,0.41583333333333333,0.4307692307692308,0.5714285714285714,0.27119668670955444,0.6666666666666666,1.0,0.6666666666666666,0.2064600347538335,
placebo,all_alfworld,all,0.0,18,5,7,6,token,reward_strength,"-g_raw * dot(d, delta)",True,unsigned,D_work_gate,A=+1 on ORIGINAL nonzero-direction support; zero-A geometry unavailable,D_work_gate::token::unsigned,True,0.34964285714285714,0.47692307692307695,0.5714285714285714,0.23650873840949516,0.6666666666666666,1.0,0.6666666666666666,0.17893203011998907,
placebo,all_alfworld,all,0.0,18,5,7,6,token,interaction_cosine,"-valid_delta * dot(d,delta)/(norm(d)*norm(delta)+epsilon)",True,reward,D_cos_raw,,D_cos_raw::token::reward,True,0.44010989010989016,0.5076923076923077,0.4857142857142857,0.007358049639406517,0.4166666666666667,1.0,0.4166666666666667,0.0,
placebo,all_alfworld,all,0.0,18,5,7,6,token,interaction_cosine,"-valid_delta * dot(d,delta)/(norm(d)*norm(delta)+epsilon)",True,unsigned,D_cos_raw,A=+1 on ORIGINAL nonzero-direction support; zero-A geometry unavailable,D_cos_raw::token::unsigned,True,0.4454256854256854,0.5076923076923077,0.5142857142857142,0.039943698042492516,0.6666666666666666,1.0,0.6666666666666666,0.027528004633844468,
placebo,all_alfworld,all,0.0,18,5,7,6,token,interaction_cosine,"-valid_delta_centered * dot(d,delta)/(norm(d)*norm(delta_centered)+epsilon)",True,reward,D_cos_centered,,D_cos_centered::token::reward,True,0.43296703296703304,0.49230769230769234,0.45714285714285713,-0.029432198557626067,0.4166666666666667,1.0,0.4166666666666667,-0.055056009267688936,
placebo,all_alfworld,all,0.0,18,5,7,6,token,interaction_cosine,"-valid_delta_centered * dot(d,delta)/(norm(d)*norm(delta_centered)+epsilon)",True,unsigned,D_cos_centered,A=+1 on ORIGINAL nonzero-direction support; zero-A geometry unavailable,D_cos_centered::token::unsigned,True,0.45476190476190476,0.5538461538461539,0.5428571428571428,0.07568279629103845,0.5,1.0,0.5,0.027528004633844468,
placebo,all_alfworld,all,0.0,18,5,7,6,token,interaction_cosine,-g_centered * Q_centered,True,reward,D_cos_centered_gate,,D_cos_centered_gate::token::reward,True,0.4516394716394716,0.49230769230769234,0.45714285714285713,-0.010511499484866451,0.4166666666666667,1.0,0.4166666666666667,-0.013764002316922234,
placebo,all_alfworld,all,0.0,18,5,7,6,token,interaction_cosine,-g_centered * Q_centered,True,unsigned,D_cos_centered_gate,A=+1 on ORIGINAL nonzero-direction support; zero-A geometry unavailable,D_cos_centered_gate::token::unsigned,True,0.5904761904761905,0.7230769230769231,0.7428571428571429,0.456199077643204,0.6666666666666666,1.0,0.6666666666666666,0.34410005792305587,
placebo,all_alfworld,all,0.0,18,5,7,6,token,interaction_cosine,-abs(A) * Q_centered,True,reward,D_cos_adv,,D_cos_adv::token::reward,True,0.5657967032967033,0.5230769230769231,0.5428571428571428,0.2207414891821955,0.5833333333333334,1.0,0.5833333333333334,0.13764002316922236,
placebo,all_alfworld,all,0.0,18,5,7,6,token,interaction_cosine,-abs(A) * Q_centered,True,unsigned,D_cos_adv,A=+1 on ORIGINAL nonzero-direction support; zero-A geometry unavailable,D_cos_adv::token::unsigned,True,0.45476190476190476,0.5538461538461539,0.5428571428571428,0.07568279629103845,0.5,1.0,0.5,0.027528004633844468,
placebo,all_alfworld,all,0.0,18,5,7,6,token,interaction_cosine,[-Q_centered]+,True,reward,D_cos_negative,,D_cos_negative::token::reward,False,0.40465034965034963,0.6307692307692307,0.4857142857142857,-0.1072172947456378,,,,-0.08258401390153342,
placebo,all_alfworld,all,0.0,18,5,7,6,token,interaction_cosine,[-Q_centered]+,True,unsigned,D_cos_negative,A=+1 on ORIGINAL nonzero-direction support; zero-A geometry unavailable,D_cos_negative::token::unsigned,False,0.5403174603174603,0.6923076923076923,0.5714285714285714,-0.027329898660652774,,,,-0.027528004633844468,
placebo,all_alfworld,all,0.0,18,5,7,6,token,soft_gate,-[C_centered]+ * P,True,reward,D_soft,,D_soft::token::reward,True,0.4991300366300366,0.5076923076923077,0.5428571428571428,0.1072172947456378,0.4166666666666667,1.0,0.4166666666666667,0.055056009267688936,
placebo,all_alfworld,all,0.0,18,5,7,6,token,soft_gate,-[C_centered]+ * P,True,unsigned,D_soft,A=+1 on ORIGINAL nonzero-direction support; zero-A geometry unavailable,D_soft::token::unsigned,True,0.5288235294117647,0.5692307692307692,0.5428571428571428,0.23335528856403523,0.6666666666666666,1.0,0.6666666666666666,0.22022403707075575,
placebo,all_alfworld,all,0.0,18,5,7,6,token,soft_gate,[C_centered]+ * [-P]+,True,reward,D_soft_negative,,D_soft_negative::token::reward,False,0.5163003663003662,0.5692307692307692,0.45714285714285713,-0.15241674253056356,,,,-0.15140402548614457,
placebo,all_alfworld,all,0.0,18,5,7,6,token,soft_gate,[C_centered]+ * [-P]+,True,unsigned,D_soft_negative,A=+1 on ORIGINAL nonzero-direction support; zero-A geometry unavailable,D_soft_negative::token::unsigned,False,0.5441558441558442,0.676923076923077,0.5714285714285714,0.08514314582741826,,,,0.06882001158461118,
placebo,all_alfworld,all,0.0,18,5,7,6,token,soft_gate,-[C_centered]+ * Q_centered,True,reward,D_soft_cos,,D_soft_cos::token::reward,True,0.4657967032967033,0.49230769230769234,0.5428571428571428,0.06517129680617201,0.4166666666666667,1.0,0.4166666666666667,0.013764002316922234,
placebo,all_alfworld,all,0.0,18,5,7,6,token,soft_gate,-[C_centered]+ * Q_centered,True,unsigned,D_soft_cos,A=+1 on ORIGINAL nonzero-direction support; zero-A geometry unavailable,D_soft_cos::token::unsigned,True,0.5396428571428571,0.6153846153846154,0.6285714285714286,0.3142938345975069,0.6666666666666666,1.0,0.6666666666666666,0.2752800463384447,
placebo,all_alfworld,all,0.0,18,5,7,6,token,soft_gate,-sigmoid(C_centered/median_abs_C) * valid * P,True,reward,D_sigmoid,,D_sigmoid::token::reward,True,0.4407051282051282,0.49230769230769234,0.4857142857142857,-0.01786954912427297,0.4166666666666667,1.0,0.4166666666666667,-0.06882001158461118,
placebo,all_alfworld,all,0.0,18,5,7,6,token,soft_gate,-sigmoid(C_centered/median_abs_C) * valid * P,True,unsigned,D_sigmoid,A=+1 on ORIGINAL nonzero-direction support; zero-A geometry unavailable,D_sigmoid::token::unsigned,True,0.5438095238095239,0.6307692307692307,0.6,0.29432198557626066,0.5833333333333334,1.0,0.5833333333333334,0.24775204170460025,
placebo,all_alfworld,all,0.0,18,5,7,6,token,threshold,-P * I(C_centered >= Q25(abs(C_centered))) * valid_delta_centered,True,reward,D_tauC_q25,,D_tauC_q25::token::reward,True,0.4154535660418014,0.4153846153846154,0.45714285714285713,-0.04309714788795245,0.4166666666666667,1.0,0.4166666666666667,-0.06882001158461118,
placebo,all_alfworld,all,0.0,18,5,7,6,token,threshold,-P * I(C_centered >= Q25(abs(C_centered))) * valid_delta_centered,True,unsigned,D_tauC_q25,A=+1 on ORIGINAL nonzero-direction support; zero-A geometry unavailable,D_tauC_q25::token::unsigned,True,0.5691666666666666,0.6153846153846154,0.6285714285714286,0.3784139814551923,0.5833333333333334,1.0,0.5833333333333334,0.3165720532892114,
placebo,all_alfworld,all,0.0,18,5,7,6,token,threshold,-P * I(C_centered >= Q50(abs(C_centered))) * valid_delta_centered,True,reward,D_tauC_q50,,D_tauC_q50::token::reward,True,0.4317460317460317,0.4153846153846154,0.45714285714285713,-0.02417644881519284,0.3333333333333333,1.0,0.3333333333333333,-0.06882001158461118,
placebo,all_alfworld,all,0.0,18,5,7,6,token,threshold,-P * I(C_centered >= Q50(abs(C_centered))) * valid_delta_centered,True,unsigned,D_tauC_q50,A=+1 on ORIGINAL nonzero-direction support; zero-A geometry unavailable,D_tauC_q50::token::unsigned,True,0.5358333333333334,0.6,0.6,0.2817081861944209,0.6666666666666666,1.0,0.6666666666666666,0.24775204170460025,
placebo,all_alfworld,all,0.0,18,5,7,6,token,threshold,-P * I(C_centered >= Q75(abs(C_centered))) * valid_delta_centered,True,reward,D_tauC_q75,,D_tauC_q75::token::reward,True,0.4657967032967033,0.49230769230769234,0.5428571428571428,0.12929144366385736,0.3333333333333333,1.0,0.3333333333333333,0.06882001158461118,
placebo,all_alfworld,all,0.0,18,5,7,6,token,threshold,-P * I(C_centered >= Q75(abs(C_centered))) * valid_delta_centered,True,unsigned,D_tauC_q75,A=+1 on ORIGINAL nonzero-direction support; zero-A geometry unavailable,D_tauC_q75::token::unsigned,True,0.48882352941176466,0.5384615384615384,0.5428571428571428,0.13664949330326387,0.6666666666666666,1.0,0.6666666666666666,0.09634801621845565,
placebo,all_alfworld,all,0.0,18,5,7,6,token,threshold,-P * I(norm(delta_centered) >= Q25(norm(delta_centered))) * valid,True,reward,D_delta_q25,,D_delta_q25::token::reward,True,0.4199633699633699,0.4461538461538462,0.45714285714285713,-0.05781324716676549,0.4166666666666667,1.0,0.4166666666666667,-0.11011201853537787,
placebo,all_alfworld,all,0.0,18,5,7,6,token,threshold,-P * I(norm(delta_centered) >= Q25(norm(delta_centered))) * valid,True,unsigned,D_delta_q25,A=+1 on ORIGINAL nonzero-direction support; zero-A geometry unavailable,D_delta_q25::token::unsigned,True,0.4463095238095239,0.5076923076923077,0.4857142857142857,0.005255749742433226,0.5,1.0,0.5,0.0,
placebo,all_alfworld,all,0.0,18,5,7,6,token,threshold,-P * I(norm(delta_centered) >= Q50(norm(delta_centered))) * valid,True,reward,D_delta_q50,,D_delta_q50::token::reward,True,0.2726495726495727,0.4153846153846154,0.37142857142857144,-0.11247304448807104,0.3333333333333333,1.0,0.3333333333333333,-0.11011201853537787,
placebo,all_alfworld,all,0.0,18,5,7,6,token,threshold,-P * I(norm(delta_centered) >= Q50(norm(delta_centered))) * valid,True,unsigned,D_delta_q50,A=+1 on ORIGINAL nonzero-direction support; zero-A geometry unavailable,D_delta_q50::token::unsigned,True,0.5148809523809523,0.6153846153846154,0.5714285714285714,0.17554204139726975,0.5833333333333334,1.0,0.5833333333333334,0.11011201853537787,
placebo,all_alfworld,all,0.0,18,5,7,6,token,threshold,-P * I(norm(delta_centered) >= Q75(norm(delta_centered))) * valid,True,reward,D_delta_q75,,D_delta_q75::token::reward,True,0.29218559218559215,0.3230769230769231,0.34285714285714286,-0.1492632926851036,0.3333333333333333,1.0,0.3333333333333333,-0.15140402548614457,
placebo,all_alfworld,all,0.0,18,5,7,6,token,threshold,-P * I(norm(delta_centered) >= Q75(norm(delta_centered))) * valid,True,unsigned,D_delta_q75,A=+1 on ORIGINAL nonzero-direction support; zero-A geometry unavailable,D_delta_q75::token::unsigned,True,0.5029761904761905,0.5230769230769231,0.5142857142857142,0.05255749742433226,0.5833333333333334,1.0,0.5833333333333334,0.055056009267688936,
placebo,all_alfworld,all,0.0,18,5,7,6,token,robust,"-clip(P, -Q95(abs(P)), Q95(abs(P)))",True,reward,D_winsor,,D_winsor::token::reward,True,0.4282051282051282,0.47692307692307695,0.45714285714285713,-0.05045519752735897,0.4166666666666667,1.0,0.4166666666666667,-0.09634801621845565,
placebo,all_alfworld,all,0.0,18,5,7,6,token,robust,"-clip(P, -Q95(abs(P)), Q95(abs(P)))",True,unsigned,D_winsor,A=+1 on ORIGINAL nonzero-direction support; zero-A geometry unavailable,D_winsor::token::unsigned,True,0.45,0.5384615384615384,0.5142857142857142,0.014716099278813033,0.5,1.0,0.5,-0.013764002316922234,
placebo,all_alfworld,all,0.0,18,5,7,6,token,robust,-tanh(P/median_abs_P),True,reward,D_tanh,,D_tanh::token::reward,True,0.4353479853479854,0.49230769230769234,0.45714285714285713,-0.03889254809400587,0.4166666666666667,1.0,0.4166666666666667,-0.06882001158461118,
placebo,all_alfworld,all,0.0,18,5,7,6,token,robust,-tanh(P/median_abs_P),True,unsigned,D_tanh,A=+1 on ORIGINAL nonzero-direction support; zero-A geometry unavailable,D_tanh::token::unsigned,True,0.4478479853479853,0.5230769230769231,0.5142857142857142,-0.0031534498454599356,0.5,1.0,0.5,-0.013764002316922234,
placebo,all_alfworld,all,0.0,18,5,7,6,token,sampled_action,-sign(A) * chosen_delta,False,reward,D_action_sign,,D_action_sign::token::reward,True,0.31388888888888883,0.49230769230769234,0.6,0.23230413861554858,0.5833333333333334,1.0,0.5833333333333334,0.16516802780306683,
placebo,all_alfworld,all,0.0,18,5,7,6,token,sampled_action,-sign(A) * chosen_delta,False,unsigned,D_action_sign,A=+1 on ALL recorded loss tokens,D_action_sign::token::unsigned,True,0.3633689839572193,0.46153846153846156,0.42857142857142855,-0.12929144366385736,0.4166666666666667,1.0,0.4166666666666667,-0.11011201853537787,
placebo,all_alfworld,all,0.0,18,5,7,6,token,sampled_action,-A * chosen_delta,False,reward,D_action_adv,,D_action_adv::token::reward,True,0.40219696969696966,0.38461538461538464,0.5428571428571428,0.24912253779133492,0.6666666666666666,1.0,0.6666666666666666,0.2064600347538335,
placebo,all_alfworld,all,0.0,18,5,7,6,token,sampled_action,-A * chosen_delta,False,unsigned,D_action_adv,A=+1 on ALL recorded loss tokens,D_action_adv::token::unsigned,True,0.3633689839572193,0.46153846153846156,0.42857142857142855,-0.12929144366385736,0.4166666666666667,1.0,0.4166666666666667,-0.11011201853537787,
placebo,all_alfworld,all,0.0,18,5,7,6,token,sampled_action,"-clip(A,-2,2) * chosen_delta",False,reward,D_action_adv_clip,,D_action_adv_clip::token::reward,True,0.2984838690721044,0.35384615384615387,0.5142857142857142,0.22284378907916877,0.6666666666666666,1.0,0.6666666666666666,0.17893203011998907,
placebo,all_alfworld,all,0.0,18,5,7,6,token,sampled_action,"-clip(A,-2,2) * chosen_delta",False,unsigned,D_action_adv_clip,A=+1 on ALL recorded loss tokens,D_action_adv_clip::token::unsigned,True,0.3633689839572193,0.46153846153846156,0.42857142857142855,-0.12929144366385736,0.4166666666666667,1.0,0.4166666666666667,-0.11011201853537787,
placebo,all_alfworld,all,0.0,18,5,7,6,token,sampled_action,"-A * (clip(exp(chosen_u_O),.8,1.2)-clip(exp(chosen_u_control),.8,1.2))",False,reward,D_ratio_adv,,D_ratio_adv::token::reward,True,0.4058333333333334,0.4,0.5142857142857142,0.16187709206694337,0.6666666666666666,1.0,0.6666666666666666,0.12387602085230012,
placebo,all_alfworld,all,0.0,18,5,7,6,token,sampled_action,"-A * (clip(exp(chosen_u_O),.8,1.2)-clip(exp(chosen_u_control),.8,1.2))",False,unsigned,D_ratio_adv,A=+1 on ALL recorded loss tokens,D_ratio_adv::token::unsigned,True,0.3294172494172494,0.5076923076923077,0.42857142857142855,-0.05781324716676549,0.4166666666666667,1.0,0.4166666666666667,-0.027528004633844468,
placebo,all_alfworld,all,0.0,18,5,7,6,token,policy_only,-A * chosen_u_O,False,reward,D_policy_action_adv,,D_policy_action_adv::token::reward,True,0.2483107088989442,0.3384615384615385,0.5714285714285714,0.20812768980035576,0.5833333333333334,1.0,0.5833333333333334,0.13764002316922236,
placebo,all_alfworld,all,0.0,18,5,7,6,token,policy_only,-A * chosen_u_O,False,unsigned,D_policy_action_adv,A=+1 on ALL recorded loss tokens,D_policy_action_adv::token::unsigned,True,0.3154901960784314,0.4461538461538462,0.37142857142857144,-0.3342656836187532,0.3333333333333333,1.0,0.3333333333333333,-0.23398803938767798,
placebo,all_alfworld,all,0.0,18,5,7,6,token,reward_only,-A,False,reward,D_reward_only,,D_reward_only::token::reward,True,0.49222222222222217,0.47692307692307695,0.37142857142857144,-0.26292318942201565,0.25,1.0,0.25,-0.26237488391640107,
placebo,all_alfworld,all,0.0,18,5,7,6,token,reward_only,-A,False,unsigned,D_reward_only,A=+1 on ALL recorded loss tokens,D_reward_only::token::unsigned,True,0.2777777777777778,0.5,0.5,,0.5833333333333334,1.0,0.5833333333333334,,
placebo,all_alfworld,all,0.0,18,5,7,6,token,reward_only,I(A < -epsilon),False,reward,D_adv_negative_fraction,,D_adv_negative_fraction::token::reward,False,0.5509090909090909,0.7230769230769231,0.5428571428571428,-0.067308336492036,,,,-0.04142761324995806,
placebo,all_alfworld,all,0.0,18,5,7,6,token,reward_only,I(A < -epsilon),False,unsigned,D_adv_negative_fraction,A=+1 on ALL recorded loss tokens,D_adv_negative_fraction::token::unsigned,False,0.2777777777777778,0.5,0.5,,,,,,
placebo,all_alfworld,all,0.0,18,5,7,6,token,reward_alignment_reference,+C_raw,True,reward,C_raw,,C_raw::token::reward,False,0.44904761904761903,0.7076923076923077,0.6857142857142857,0.12718914376688406,,,,0.08258401390153342,
placebo,all_alfworld,all,0.0,18,5,7,6,token,reward_alignment_reference,+C_raw,True,unsigned,C_raw,A=+1 on ORIGINAL nonzero-direction support; zero-A geometry unavailable,C_raw::token::unsigned,False,0.45403846153846156,0.5076923076923077,0.4857142857142857,-0.07042704654860522,,,,-0.06882001158461118,
placebo,all_alfworld,all,0.0,18,5,7,6,token,reward_alignment_reference,+C_centered,True,reward,C_centered,,C_centered::token::reward,False,0.6880952380952381,0.7230769230769231,0.6571428571428571,0.023125298866706195,,,,-0.04129200695076671,
placebo,all_alfworld,all,0.0,18,5,7,6,token,reward_alignment_reference,+C_centered,True,unsigned,C_centered,A=+1 on ORIGINAL nonzero-direction support; zero-A geometry unavailable,C_centered::token::unsigned,False,0.1996171802054155,0.13846153846153847,0.05714285714285714,-0.5371376236766757,,,,-0.3853920648738226,
placebo,all_alfworld,all,0.0,18,5,7,6,token,reward_alignment_reference,+abs(A) * C_centered,True,reward,C_adv_centered,,C_adv_centered::token::reward,False,0.3588235294117647,0.4461538461538462,0.3142857142857143,-0.3605444323309193,,,,-0.3165720532892114,
placebo,all_alfworld,all,0.0,18,5,7,6,token,reward_alignment_reference,+abs(A) * C_centered,True,unsigned,C_adv_centered,A=+1 on ORIGINAL nonzero-direction support; zero-A geometry unavailable,C_adv_centered::token::unsigned,False,0.1996171802054155,0.13846153846153847,0.05714285714285714,-0.5371376236766757,,,,-0.3853920648738226,
placebo,all_alfworld,all,0.0,18,5,7,6,token,magnitude_only,delta_norm,False,magnitude,M_delta_raw,,M_delta_raw::token::magnitude,False,0.3615384615384615,0.5538461538461539,0.5714285714285714,0.06412014685768536,,,,0.055056009267688936,
placebo,all_alfworld,all,0.0,18,5,7,6,token,magnitude_only,delta_centered_norm,False,magnitude,M_delta_centered,,M_delta_centered::token::magnitude,False,0.6136507936507936,0.7384615384615385,0.7428571428571429,0.3489817828975662,,,,0.23398803938767798,
placebo,all_alfworld,all,0.0,18,5,7,6,token,magnitude_only,u_original_norm,False,magnitude,M_original_norm,,M_original_norm::token::magnitude,False,0.5031746031746032,0.676923076923077,0.7428571428571429,0.5077054251190496,,,,0.39915606719074476,
placebo,all_alfworld,all,0.0,18,5,7,6,token,magnitude_only,u_control_norm,False,magnitude,M_control_norm,,M_control_norm::token::magnitude,False,0.35215686274509805,0.5538461538461539,0.8285714285714286,0.5203192245008894,,,,0.3853920648738226,
placebo,all_alfworld,all,0.0,18,5,7,6,token,magnitude_only,forward_kl_original,False,magnitude,M_kl,,M_kl::token::magnitude,False,0.2655555555555555,0.3384615384615385,0.22857142857142856,-0.4299203289310379,,,,-0.3165720532892114,
placebo,all_alfworld,all,0.0,18,5,7,6,token,magnitude_only,js_original,False,magnitude,M_js,,M_js::token::magnitude,False,0.23174603174603173,0.27692307692307694,0.17142857142857143,-0.4604036774371506,,,,-0.3165720532892114,
placebo,all_alfworld,all,0.0,18,5,7,6,token,magnitude_only,abs(chosen_delta),False,magnitude,M_action_abs,,M_action_abs::token::magnitude,False,0.46345238095238095,0.6923076923076923,0.6571428571428571,0.012613799381839742,,,,-0.04129200695076671,
placebo,all_alfworld,all,0.0,18,5,7,6,decision,rectification,g_raw * [-P]+,True,reward,D_original,,D_original::decision::reward,False,0.5429836829836829,0.6461538461538462,0.45714285714285713,-0.11983109412747756,,,,-0.09634801621845565,
placebo,all_alfworld,all,0.0,18,5,7,6,decision,rectification,g_raw * [-P]+,True,unsigned,D_original,A=+1 on ORIGINAL nonzero-direction support; zero-A geometry unavailable,D_original::decision::unsigned,False,0.5797979797979798,0.7538461538461538,0.6857142857142857,0.13875179320023717,,,,0.09634801621845565,
placebo,all_alfworld,all,0.0,18,5,7,6,decision,rectification,g_centered * [-P]+,True,reward,D_centered_gate,,D_centered_gate::decision::reward,False,0.5429836829836829,0.6461538461538462,0.45714285714285713,-0.11983109412747756,,,,-0.09634801621845565,
placebo,all_alfworld,all,0.0,18,5,7,6,decision,rectification,g_centered * [-P]+,True,unsigned,D_centered_gate,A=+1 on ORIGINAL nonzero-direction support; zero-A geometry unavailable,D_centered_gate::decision::unsigned,False,0.5797979797979798,0.7538461538461538,0.6857142857142857,0.13875179320023717,,,,0.09634801621845565,
placebo,all_alfworld,all,0.0,18,5,7,6,decision,rectification,valid * [-P]+,True,reward,D_ungated,,D_ungated::decision::reward,False,0.5688888888888889,0.7538461538461538,0.5428571428571428,0.019971849021246258,,,,0.027528004633844468,
placebo,all_alfworld,all,0.0,18,5,7,6,decision,rectification,valid * [-P]+,True,unsigned,D_ungated,A=+1 on ORIGINAL nonzero-direction support; zero-A geometry unavailable,D_ungated::decision::unsigned,False,0.6176190476190475,0.7846153846153846,0.6571428571428571,0.11352419443655767,,,,0.06882001158461118,
placebo,all_alfworld,all,0.0,18,5,7,6,decision,rectification,-P,True,reward,D_signed,,D_signed::decision::reward,True,0.4238095238095238,0.46153846153846156,0.45714285714285713,-0.04835289763038568,0.4166666666666667,1.0,0.4166666666666667,-0.09634801621845565,
placebo,all_alfworld,all,0.0,18,5,7,6,decision,rectification,-P,True,unsigned,D_signed,A=+1 on ORIGINAL nonzero-direction support; zero-A geometry unavailable,D_signed::decision::unsigned,True,0.44118131868131866,0.5076923076923077,0.5142857142857142,0.04625059773341239,0.5,1.0,0.5,0.013764002316922234,
placebo,all_alfworld,all,0.0,18,5,7,6,decision,rectification,-g_raw * P,True,reward,D_signed_gate,,D_signed_gate::decision::reward,True,0.4298412698412698,0.46153846153846156,0.45714285714285713,-0.0031534498454599356,0.4166666666666667,1.0,0.4166666666666667,-0.013764002316922234,
placebo,all_alfworld,all,0.0,18,5,7,6,decision,rectification,-g_raw * P,True,unsigned,D_signed_gate,A=+1 on ORIGINAL nonzero-direction support; zero-A geometry unavailable,D_signed_gate::decision::unsigned,True,0.5736953242835595,0.6307692307692307,0.6285714285714286,0.3300610838248066,0.5833333333333334,1.0,0.5833333333333334,0.26151604402152245,
placebo,all_alfworld,all,0.0,18,5,7,6,decision,rectification,-valid * sign(P),True,reward,D_sign_balance,,D_sign_balance::decision::reward,True,0.45999999999999996,0.5538461538461539,0.5142857142857142,0.013664949330326387,0.4166666666666667,1.0,0.4166666666666667,-0.013764002316922234,
placebo,all_alfworld,all,0.0,18,5,7,6,decision,rectification,-valid * sign(P),True,unsigned,D_sign_balance,A=+1 on ORIGINAL nonzero-direction support; zero-A geometry unavailable,D_sign_balance::decision::unsigned,True,0.4576330532212885,0.5230769230769231,0.4857142857142857,-0.007358049639406517,0.5,1.0,0.5,0.013764002316922234,
placebo,all_alfworld,all,0.0,18,5,7,6,decision,rectification,valid * I(P < -epsilon),True,reward,D_negative_fraction,,D_negative_fraction::decision::reward,False,0.5597979797979798,0.7384615384615385,0.6571428571428571,0.1261379938183974,,,,0.09634801621845565,
placebo,all_alfworld,all,0.0,18,5,7,6,decision,rectification,valid * I(P < -epsilon),True,unsigned,D_negative_fraction,A=+1 on ORIGINAL nonzero-direction support; zero-A geometry unavailable,D_negative_fraction::decision::unsigned,False,0.6466666666666667,0.7692307692307693,0.7142857142857143,0.13980294314872382,,,,0.11011201853537787,
placebo,all_alfworld,all,0.0,18,5,7,6,decision,reward_strength,-abs(A) * P,True,reward,D_adv,,D_adv::decision::reward,True,0.5703787878787878,0.5384615384615384,0.5714285714285714,0.2070765398518691,0.5833333333333334,1.0,0.5833333333333334,0.13764002316922236,
placebo,all_alfworld,all,0.0,18,5,7,6,decision,reward_strength,-abs(A) * P,True,unsigned,D_adv,A=+1 on ORIGINAL nonzero-direction support; zero-A geometry unavailable,D_adv::decision::unsigned,True,0.44118131868131866,0.5076923076923077,0.5142857142857142,0.04625059773341239,0.5,1.0,0.5,0.013764002316922234,
placebo,all_alfworld,all,0.0,18,5,7,6,decision,reward_strength,-g_raw * abs(A) * P,True,reward,D_adv_gate,,D_adv_gate::decision::reward,True,0.4458333333333333,0.47692307692307695,0.5142857142857142,0.16082594211845672,0.5833333333333334,1.0,0.5833333333333334,0.12387602085230012,
placebo,all_alfworld,all,0.0,18,5,7,6,decision,reward_strength,-g_raw * abs(A) * P,True,unsigned,D_adv_gate,A=+1 on ORIGINAL nonzero-direction support; zero-A geometry unavailable,D_adv_gate::decision::unsigned,True,0.5736953242835595,0.6307692307692307,0.6285714285714286,0.3300610838248066,0.5833333333333334,1.0,0.5833333333333334,0.26151604402152245,
placebo,all_alfworld,all,0.0,18,5,7,6,decision,reward_strength,-sqrt(abs(A)) * P,True,reward,D_sqrtadv,,D_sqrtadv::decision::reward,True,0.5314285714285714,0.6153846153846154,0.6,0.18920699072759614,0.4166666666666667,1.0,0.4166666666666667,0.11011201853537787,
placebo,all_alfworld,all,0.0,18,5,7,6,decision,reward_strength,-sqrt(abs(A)) * P,True,unsigned,D_sqrtadv,A=+1 on ORIGINAL nonzero-direction support; zero-A geometry unavailable,D_sqrtadv::decision::unsigned,True,0.44118131868131866,0.5076923076923077,0.5142857142857142,0.04625059773341239,0.5,1.0,0.5,0.013764002316922234,
placebo,all_alfworld,all,0.0,18,5,7,6,decision,reward_strength,"-valid * dot(d, delta)",True,reward,D_work,,D_work::decision::reward,True,0.25717850776674306,0.36923076923076925,0.5428571428571428,0.08304084593044497,0.5833333333333334,1.0,0.5833333333333334,0.06882001158461118,
placebo,all_alfworld,all,0.0,18,5,7,6,decision,reward_strength,"-valid * dot(d, delta)",True,unsigned,D_work,A=+1 on ORIGINAL nonzero-direction support; zero-A geometry unavailable,D_work::decision::unsigned,True,0.3071428571428571,0.46153846153846156,0.5428571428571428,0.045199447784925746,0.6666666666666666,1.0,0.6666666666666666,0.04129200695076671,
placebo,all_alfworld,all,0.0,18,5,7,6,decision,reward_strength,"-g_raw * dot(d, delta)",True,reward,D_work_gate,,D_work_gate::decision::reward,True,0.4259663865546218,0.46153846153846156,0.6,0.3142938345975069,0.6666666666666666,1.0,0.6666666666666666,0.23398803938767798,
placebo,all_alfworld,all,0.0,18,5,7,6,decision,reward_strength,"-g_raw * dot(d, delta)",True,unsigned,D_work_gate,A=+1 on ORIGINAL nonzero-direction support; zero-A geometry unavailable,D_work_gate::decision::unsigned,True,0.36916666666666664,0.5384615384615384,0.6285714285714286,0.30378233511264047,0.6666666666666666,1.0,0.6666666666666666,0.2064600347538335,
placebo,all_alfworld,all,0.0,18,5,7,6,decision,interaction_cosine,"-valid_delta * dot(d,delta)/(norm(d)*norm(delta)+epsilon)",True,reward,D_cos_raw,,D_cos_raw::decision::reward,True,0.4353479853479854,0.49230769230769234,0.45714285714285713,-0.019971849021246258,0.4166666666666667,1.0,0.4166666666666667,-0.013764002316922234,
placebo,all_alfworld,all,0.0,18,5,7,6,decision,interaction_cosine,"-valid_delta * dot(d,delta)/(norm(d)*norm(delta)+epsilon)",True,unsigned,D_cos_raw,A=+1 on ORIGINAL nonzero-direction support; zero-A geometry unavailable,D_cos_raw::decision::unsigned,True,0.43650793650793646,0.47692307692307695,0.4857142857142857,0.05571094726979219,0.6666666666666666,1.0,0.6666666666666666,0.08258401390153342,
placebo,all_alfworld,all,0.0,18,5,7,6,decision,interaction_cosine,"-valid_delta_centered * dot(d,delta)/(norm(d)*norm(delta_centered)+epsilon)",True,reward,D_cos_centered,,D_cos_centered::decision::reward,True,0.44010989010989016,0.5076923076923077,0.4857142857142857,-0.012613799381839742,0.4166666666666667,1.0,0.4166666666666667,-0.04129200695076671,
placebo,all_alfworld,all,0.0,18,5,7,6,decision,interaction_cosine,"-valid_delta_centered * dot(d,delta)/(norm(d)*norm(delta_centered)+epsilon)",True,unsigned,D_cos_centered,A=+1 on ORIGINAL nonzero-direction support; zero-A geometry unavailable,D_cos_centered::decision::unsigned,True,0.45714285714285713,0.5538461538461539,0.5428571428571428,0.1072172947456378,0.5,1.0,0.5,0.06882001158461118,
placebo,all_alfworld,all,0.0,18,5,7,6,decision,interaction_cosine,-g_centered * Q_centered,True,reward,D_cos_centered_gate,,D_cos_centered_gate::decision::reward,True,0.4526984126984127,0.49230769230769234,0.4857142857142857,0.013664949330326387,0.4166666666666667,1.0,0.4166666666666667,0.0,
placebo,all_alfworld,all,0.0,18,5,7,6,decision,interaction_cosine,-g_centered * Q_centered,True,unsigned,D_cos_centered_gate,A=+1 on ORIGINAL nonzero-direction support; zero-A geometry unavailable,D_cos_centered_gate::decision::unsigned,True,0.5746031746031746,0.6923076923076923,0.7428571428571429,0.4509433279007708,0.6666666666666666,1.0,0.6666666666666666,0.33033605560613366,
placebo,all_alfworld,all,0.0,18,5,7,6,decision,interaction_cosine,-abs(A) * Q_centered,True,reward,D_cos_adv,,D_cos_adv::decision::reward,True,0.5703787878787878,0.5384615384615384,0.5714285714285714,0.22494608897614207,0.5833333333333334,1.0,0.5833333333333334,0.13764002316922236,
placebo,all_alfworld,all,0.0,18,5,7,6,decision,interaction_cosine,-abs(A) * Q_centered,True,unsigned,D_cos_adv,A=+1 on ORIGINAL nonzero-direction support; zero-A geometry unavailable,D_cos_adv::decision::unsigned,True,0.45714285714285713,0.5538461538461539,0.5428571428571428,0.1072172947456378,0.5,1.0,0.5,0.06882001158461118,
placebo,all_alfworld,all,0.0,18,5,7,6,decision,interaction_cosine,[-Q_centered]+,True,reward,D_cos_negative,,D_cos_negative::decision::reward,False,0.4153646353646354,0.6461538461538462,0.5142857142857142,-0.08093854603347168,,,,-0.055056009267688936,
placebo,all_alfworld,all,0.0,18,5,7,6,decision,interaction_cosine,[-Q_centered]+,True,unsigned,D_cos_negative,A=+1 on ORIGINAL nonzero-direction support; zero-A geometry unavailable,D_cos_negative::decision::unsigned,False,0.5296503496503497,0.676923076923077,0.5714285714285714,-0.016818399175786324,,,,-0.027528004633844468,
placebo,all_alfworld,all,0.0,18,5,7,6,decision,soft_gate,-[C_centered]+ * P,True,reward,D_soft,,D_soft::decision::reward,True,0.46212023270846797,0.47692307692307695,0.4857142857142857,0.06517129680617201,0.4166666666666667,1.0,0.4166666666666667,0.04129200695076671,
placebo,all_alfworld,all,0.0,18,5,7,6,decision,soft_gate,-[C_centered]+ * P,True,unsigned,D_soft,A=+1 on ORIGINAL nonzero-direction support; zero-A geometry unavailable,D_soft::decision::unsigned,True,0.5288235294117647,0.5692307692307692,0.5428571428571428,0.22915068877008865,0.6666666666666666,1.0,0.6666666666666666,0.2064600347538335,
placebo,all_alfworld,all,0.0,18,5,7,6,decision,soft_gate,[C_centered]+ * [-P]+,True,reward,D_soft_negative,,D_soft_negative::decision::reward,False,0.5163003663003662,0.5692307692307692,0.45714285714285713,-0.13770064325175052,,,,-0.12387602085230012,
placebo,all_alfworld,all,0.0,18,5,7,6,decision,soft_gate,[C_centered]+ * [-P]+,True,unsigned,D_soft_negative,A=+1 on ORIGINAL nonzero-direction support; zero-A geometry unavailable,D_soft_negative::decision::unsigned,False,0.5441558441558442,0.676923076923077,0.5714285714285714,0.08514314582741826,,,,0.06882001158461118,
placebo,all_alfworld,all,0.0,18,5,7,6,decision,soft_gate,-[C_centered]+ * Q_centered,True,reward,D_soft_cos,,D_soft_cos::decision::reward,True,0.46212023270846797,0.47692307692307695,0.4857142857142857,0.023125298866706195,0.4166666666666667,1.0,0.4166666666666667,0.0,
placebo,all_alfworld,all,0.0,18,5,7,6,decision,soft_gate,-[C_centered]+ * Q_centered,True,unsigned,D_soft_cos,A=+1 on ORIGINAL nonzero-direction support; zero-A geometry unavailable,D_soft_cos::decision::unsigned,True,0.532156862745098,0.5846153846153846,0.5714285714285714,0.2617363371731746,0.6666666666666666,1.0,0.6666666666666666,0.23398803938767798,
placebo,all_alfworld,all,0.0,18,5,7,6,decision,soft_gate,-sigmoid(C_centered/median_abs_C) * valid * P,True,reward,D_sigmoid,,D_sigmoid::decision::reward,True,0.4407051282051282,0.49230769230769234,0.4857142857142857,-0.011562649433353098,0.4166666666666667,1.0,0.4166666666666667,-0.04129200695076671,
placebo,all_alfworld,all,0.0,18,5,7,6,decision,soft_gate,-sigmoid(C_centered/median_abs_C) * valid * P,True,unsigned,D_sigmoid,A=+1 on ORIGINAL nonzero-direction support; zero-A geometry unavailable,D_sigmoid::decision::unsigned,True,0.5359663865546218,0.6,0.5714285714285714,0.24596908794587496,0.5833333333333334,1.0,0.5833333333333334,0.2064600347538335,
placebo,all_alfworld,all,0.0,18,5,7,6,decision,threshold,-P * I(C_centered >= Q25(abs(C_centered))) * valid_delta_centered,True,reward,D_tauC_q25,,D_tauC_q25::decision::reward,True,0.43010101010101004,0.4461538461538462,0.45714285714285713,-0.009460349536379807,0.4166666666666667,1.0,0.4166666666666667,-0.027528004633844468,
placebo,all_alfworld,all,0.0,18,5,7,6,decision,threshold,-P * I(C_centered >= Q25(abs(C_centered))) * valid_delta_centered,True,unsigned,D_tauC_q25,A=+1 on ORIGINAL nonzero-direction support; zero-A geometry unavailable,D_tauC_q25::decision::unsigned,True,0.5691666666666666,0.6153846153846154,0.6285714285714286,0.38892548094005874,0.5833333333333334,1.0,0.5833333333333334,0.33033605560613366,
placebo,all_alfworld,all,0.0,18,5,7,6,decision,threshold,-P * I(C_centered >= Q50(abs(C_centered))) * valid_delta_centered,True,reward,D_tauC_q50,,D_tauC_q50::decision::reward,True,0.42170940170940174,0.4153846153846154,0.42857142857142855,-0.008409199587893162,0.3333333333333333,1.0,0.3333333333333333,-0.013764002316922234,
placebo,all_alfworld,all,0.0,18,5,7,6,decision,threshold,-P * I(C_centered >= Q50(abs(C_centered))) * valid_delta_centered,True,unsigned,D_tauC_q50,A=+1 on ORIGINAL nonzero-direction support; zero-A geometry unavailable,D_tauC_q50::decision::unsigned,True,0.5358333333333334,0.6,0.6,0.2817081861944209,0.6666666666666666,1.0,0.6666666666666666,0.24775204170460025,
placebo,all_alfworld,all,0.0,18,5,7,6,decision,threshold,-P * I(C_centered >= Q75(abs(C_centered))) * valid_delta_centered,True,reward,D_tauC_q75,,D_tauC_q75::decision::reward,True,0.4699633699633699,0.5076923076923077,0.5428571428571428,0.12508684386991079,0.3333333333333333,1.0,0.3333333333333333,0.06882001158461118,
placebo,all_alfworld,all,0.0,18,5,7,6,decision,threshold,-P * I(C_centered >= Q75(abs(C_centered))) * valid_delta_centered,True,unsigned,D_tauC_q75,A=+1 on ORIGINAL nonzero-direction support; zero-A geometry unavailable,D_tauC_q75::decision::unsigned,True,0.48882352941176466,0.5384615384615384,0.5428571428571428,0.13664949330326387,0.5833333333333334,1.0,0.5833333333333334,0.09634801621845565,
placebo,all_alfworld,all,0.0,18,5,7,6,decision,threshold,-P * I(norm(delta_centered) >= Q25(norm(delta_centered))) * valid,True,reward,D_delta_q25,,D_delta_q25::decision::reward,True,0.4238095238095238,0.46153846153846156,0.45714285714285713,-0.04835289763038568,0.4166666666666667,1.0,0.4166666666666667,-0.08258401390153342,
placebo,all_alfworld,all,0.0,18,5,7,6,decision,threshold,-P * I(norm(delta_centered) >= Q25(norm(delta_centered))) * valid,True,unsigned,D_delta_q25,A=+1 on ORIGINAL nonzero-direction support; zero-A geometry unavailable,D_delta_q25::decision::unsigned,True,0.4370454545454545,0.47692307692307695,0.4857142857142857,0.014716099278813033,0.5,1.0,0.5,0.013764002316922234,
placebo,all_alfworld,all,0.0,18,5,7,6,decision,threshold,-P * I(norm(delta_centered) >= Q50(norm(delta_centered))) * valid,True,reward,D_delta_q50,,D_delta_q50::decision::reward,True,0.2726495726495727,0.4153846153846154,0.37142857142857144,-0.10616614479715117,0.3333333333333333,1.0,0.3333333333333333,-0.09634801621845565,
placebo,all_alfworld,all,0.0,18,5,7,6,decision,threshold,-P * I(norm(delta_centered) >= Q50(norm(delta_centered))) * valid,True,unsigned,D_delta_q50,A=+1 on ORIGINAL nonzero-direction support; zero-A geometry unavailable,D_delta_q50::decision::unsigned,True,0.5015476190476191,0.5692307692307692,0.5428571428571428,0.17343974150029645,0.5833333333333334,1.0,0.5833333333333334,0.12387602085230012,
placebo,all_alfworld,all,0.0,18,5,7,6,decision,threshold,-P * I(norm(delta_centered) >= Q75(norm(delta_centered))) * valid,True,reward,D_delta_q75,,D_delta_q75::decision::reward,True,0.29218559218559215,0.3230769230769231,0.34285714285714286,-0.13559834335477722,0.3333333333333333,1.0,0.3333333333333333,-0.12387602085230012,
placebo,all_alfworld,all,0.0,18,5,7,6,decision,threshold,-P * I(norm(delta_centered) >= Q75(norm(delta_centered))) * valid,True,unsigned,D_delta_q75,A=+1 on ORIGINAL nonzero-direction support; zero-A geometry unavailable,D_delta_q75::decision::unsigned,True,0.4953205128205128,0.49230769230769234,0.5428571428571428,0.07778509618801174,0.5833333333333334,1.0,0.5833333333333334,0.06882001158461118,
placebo,all_alfworld,all,0.0,18,5,7,6,decision,robust,"-clip(P, -Q95(abs(P)), Q95(abs(P)))",True,reward,D_winsor,,D_winsor::decision::reward,True,0.4282051282051282,0.47692307692307695,0.45714285714285713,-0.032585648403086004,0.4166666666666667,1.0,0.4166666666666667,-0.06882001158461118,
placebo,all_alfworld,all,0.0,18,5,7,6,decision,robust,"-clip(P, -Q95(abs(P)), Q95(abs(P)))",True,unsigned,D_winsor,A=+1 on ORIGINAL nonzero-direction support; zero-A geometry unavailable,D_winsor::decision::unsigned,True,0.4367857142857143,0.49230769230769234,0.4857142857142857,0.0,0.5,1.0,0.5,-0.013764002316922234,
placebo,all_alfworld,all,0.0,18,5,7,6,decision,robust,-tanh(P/median_abs_P),True,reward,D_tanh,,D_tanh::decision::reward,True,0.4398934398934399,0.5076923076923077,0.4857142857142857,-0.013664949330326387,0.4166666666666667,1.0,0.4166666666666667,-0.055056009267688936,
placebo,all_alfworld,all,0.0,18,5,7,6,decision,robust,-tanh(P/median_abs_P),True,unsigned,D_tanh,A=+1 on ORIGINAL nonzero-direction support; zero-A geometry unavailable,D_tanh::decision::unsigned,True,0.45178571428571423,0.5230769230769231,0.5428571428571428,0.02417644881519284,0.5,1.0,0.5,0.0,
placebo,all_alfworld,all,0.0,18,5,7,6,decision,sampled_action,-sign(A) * chosen_delta,False,reward,D_action_sign,,D_action_sign::decision::reward,True,0.30436507936507934,0.47692307692307695,0.5714285714285714,0.19341159052154272,0.5,1.0,0.5,0.13764002316922236,
placebo,all_alfworld,all,0.0,18,5,7,6,decision,sampled_action,-sign(A) * chosen_delta,False,unsigned,D_action_sign,A=+1 on ALL recorded loss tokens,D_action_sign::decision::unsigned,True,0.3667023172905526,0.47692307692307695,0.42857142857142855,-0.10091039505471794,0.4166666666666667,1.0,0.4166666666666667,-0.06882001158461118,
placebo,all_alfworld,all,0.0,18,5,7,6,decision,sampled_action,-A * chosen_delta,False,reward,D_action_adv,,D_action_adv::decision::reward,True,0.3946743452625806,0.35384615384615387,0.4857142857142857,0.17133744160332318,0.6666666666666666,1.0,0.6666666666666666,0.15140402548614457,
placebo,all_alfworld,all,0.0,18,5,7,6,decision,sampled_action,-A * chosen_delta,False,unsigned,D_action_adv,A=+1 on ALL recorded loss tokens,D_action_adv::decision::unsigned,True,0.3667023172905526,0.47692307692307695,0.42857142857142855,-0.10091039505471794,0.4166666666666667,1.0,0.4166666666666667,-0.06882001158461118,
placebo,all_alfworld,all,0.0,18,5,7,6,decision,sampled_action,"-clip(A,-2,2) * chosen_delta",False,reward,D_action_adv_clip,,D_action_adv_clip::decision::reward,True,0.30275515334338865,0.36923076923076925,0.5142857142857142,0.19236044057305607,0.6666666666666666,1.0,0.6666666666666666,0.16516802780306683,
placebo,all_alfworld,all,0.0,18,5,7,6,decision,sampled_action,"-clip(A,-2,2) * chosen_delta",False,unsigned,D_action_adv_clip,A=+1 on ALL recorded loss tokens,D_action_adv_clip::decision::unsigned,True,0.3667023172905526,0.47692307692307695,0.42857142857142855,-0.10091039505471794,0.4166666666666667,1.0,0.4166666666666667,-0.06882001158461118,
placebo,all_alfworld,all,0.0,18,5,7,6,decision,sampled_action,"-A * (clip(exp(chosen_u_O),.8,1.2)-clip(exp(chosen_u_control),.8,1.2))",False,reward,D_ratio_adv,,D_ratio_adv::decision::reward,True,0.43702865761689286,0.47692307692307695,0.6,0.2302018387185753,0.6666666666666666,1.0,0.6666666666666666,0.16516802780306683,
placebo,all_alfworld,all,0.0,18,5,7,6,decision,sampled_action,"-A * (clip(exp(chosen_u_O),.8,1.2)-clip(exp(chosen_u_control),.8,1.2))",False,unsigned,D_ratio_adv,A=+1 on ALL recorded loss tokens,D_ratio_adv::decision::unsigned,True,0.32487179487179485,0.49230769230769234,0.4,-0.0672735967031453,0.5,1.0,0.5,-0.04129200695076671,
placebo,all_alfworld,all,0.0,18,5,7,6,decision,policy_only,-A * chosen_u_O,False,reward,D_policy_action_adv,,D_policy_action_adv::decision::reward,True,0.23913003663003662,0.3230769230769231,0.5714285714285714,0.1818489410881896,0.5833333333333334,1.0,0.5833333333333334,0.09634801621845565,
placebo,all_alfworld,all,0.0,18,5,7,6,decision,policy_only,-A * chosen_u_O,False,unsigned,D_policy_action_adv,A=+1 on ALL recorded loss tokens,D_policy_action_adv::decision::unsigned,True,0.3300356506238859,0.4461538461538462,0.37142857142857144,-0.34057258330967305,0.4166666666666667,1.0,0.4166666666666667,-0.2752800463384447,
placebo,all_alfworld,all,0.0,18,5,7,6,decision,reward_only,-A,False,reward,D_reward_only,,D_reward_only::decision::reward,True,0.4170940170940171,0.4307692307692308,0.2857142857142857,-0.31024936351797844,0.3333333333333333,1.0,0.3333333333333333,-0.2347564750830957,
placebo,all_alfworld,all,0.0,18,5,7,6,decision,reward_only,-A,False,unsigned,D_reward_only,A=+1 on ALL recorded loss tokens,D_reward_only::decision::unsigned,True,0.2777777777777778,0.5,0.5,,0.5833333333333334,1.0,0.5833333333333334,,
placebo,all_alfworld,all,0.0,18,5,7,6,decision,reward_only,I(A < -epsilon),False,reward,D_adv_negative_fraction,,D_adv_negative_fraction::decision::reward,False,0.5509090909090909,0.7230769230769231,0.5428571428571428,-0.015775391365320936,,,,0.0,
placebo,all_alfworld,all,0.0,18,5,7,6,decision,reward_only,I(A < -epsilon),False,unsigned,D_adv_negative_fraction,A=+1 on ALL recorded loss tokens,D_adv_negative_fraction::decision::unsigned,False,0.2777777777777778,0.5,0.5,,,,,,
placebo,all_alfworld,all,0.0,18,5,7,6,decision,reward_alignment_reference,+C_raw,True,reward,C_raw,,C_raw::decision::reward,False,0.38571428571428573,0.6615384615384615,0.6571428571428571,0.09880809515774465,,,,0.08258401390153342,
placebo,all_alfworld,all,0.0,18,5,7,6,decision,reward_alignment_reference,+C_raw,True,unsigned,C_raw,A=+1 on ORIGINAL nonzero-direction support; zero-A geometry unavailable,C_raw::decision::unsigned,False,0.5038095238095238,0.6,0.4857142857142857,-0.1261379938183974,,,,-0.06882001158461118,
placebo,all_alfworld,all,0.0,18,5,7,6,decision,reward_alignment_reference,+C_centered,True,reward,C_centered,,C_centered::decision::reward,False,0.6935897435897436,0.7384615384615385,0.6857142857142857,0.042045997939465805,,,,-0.04129200695076671,
placebo,all_alfworld,all,0.0,18,5,7,6,decision,reward_alignment_reference,+C_centered,True,unsigned,C_centered,A=+1 on ORIGINAL nonzero-direction support; zero-A geometry unavailable,C_centered::decision::unsigned,False,0.21072829131652662,0.2,0.11428571428571428,-0.4824778263553701,,,,-0.33033605560613366,
placebo,all_alfworld,all,0.0,18,5,7,6,decision,reward_alignment_reference,+abs(A) * C_centered,True,reward,C_adv_centered,,C_adv_centered::decision::reward,False,0.36215686274509806,0.46153846153846156,0.3142857142857143,-0.3321633837217799,,,,-0.26151604402152245,
placebo,all_alfworld,all,0.0,18,5,7,6,decision,reward_alignment_reference,+abs(A) * C_centered,True,unsigned,C_adv_centered,A=+1 on ORIGINAL nonzero-direction support; zero-A geometry unavailable,C_adv_centered::decision::unsigned,False,0.21072829131652662,0.2,0.11428571428571428,-0.4824778263553701,,,,-0.33033605560613366,
placebo,all_alfworld,all,0.0,18,5,7,6,decision,magnitude_only,delta_norm,False,magnitude,M_delta_raw,,M_delta_raw::decision::magnitude,False,0.40189393939393936,0.5846153846153846,0.5714285714285714,0.029432198557626067,,,,0.013764002316922234,
placebo,all_alfworld,all,0.0,18,5,7,6,decision,magnitude_only,delta_centered_norm,False,magnitude,M_delta_centered,,M_delta_centered::decision::magnitude,False,0.6422222222222222,0.8,0.7714285714285715,0.4067950300643317,,,,0.30280805097228913,
placebo,all_alfworld,all,0.0,18,5,7,6,decision,magnitude_only,u_original_norm,False,magnitude,M_original_norm,,M_original_norm::decision::magnitude,False,0.512156862745098,0.7076923076923077,0.7428571428571429,0.49824507558266984,,,,0.39915606719074476,
placebo,all_alfworld,all,0.0,18,5,7,6,decision,magnitude_only,u_control_norm,False,magnitude,M_control_norm,,M_control_norm::decision::magnitude,False,0.3164502164502164,0.5076923076923077,0.7714285714285715,0.3679024819703258,,,,0.22022403707075575,
placebo,all_alfworld,all,0.0,18,5,7,6,decision,magnitude_only,forward_kl_original,False,magnitude,M_kl,,M_kl::decision::magnitude,False,0.25787878787878793,0.35384615384615387,0.22857142857142856,-0.4067950300643317,,,,-0.2890440486553669,
placebo,all_alfworld,all,0.0,18,5,7,6,decision,magnitude_only,js_original,False,magnitude,M_js,,M_js::decision::magnitude,False,0.22119047619047622,0.24615384615384617,0.11428571428571428,-0.4772220766129369,,,,-0.3165720532892114,
placebo,all_alfworld,all,0.0,18,5,7,6,decision,magnitude_only,abs(chosen_delta),False,magnitude,M_action_abs,,M_action_abs::decision::magnitude,False,0.4180555555555555,0.6461538461538462,0.5714285714285714,-0.08829659567287819,,,,-0.09634801621845565,
placebo,all_alfworld,all,0.0,18,5,7,6,game,rectification,g_raw * [-P]+,True,reward,D_original,,D_original::game::reward,False,0.49022727272727273,0.6,0.4857142857142857,-0.016818399175786324,,,,-0.013764002316922234,
placebo,all_alfworld,all,0.0,18,5,7,6,game,rectification,g_raw * [-P]+,True,unsigned,D_original,A=+1 on ORIGINAL nonzero-direction support; zero-A geometry unavailable,D_original::game::unsigned,False,0.5514285714285714,0.7076923076923077,0.6571428571428571,0.20602538990338246,,,,0.17893203011998907,
placebo,all_alfworld,all,0.0,18,5,7,6,game,rectification,g_centered * [-P]+,True,reward,D_centered_gate,,D_centered_gate::game::reward,False,0.49022727272727273,0.6,0.4857142857142857,-0.016818399175786324,,,,-0.013764002316922234,
placebo,all_alfworld,all,0.0,18,5,7,6,game,rectification,g_centered * [-P]+,True,unsigned,D_centered_gate,A=+1 on ORIGINAL nonzero-direction support; zero-A geometry unavailable,D_centered_gate::game::unsigned,False,0.5514285714285714,0.7076923076923077,0.6571428571428571,0.20602538990338246,,,,0.17893203011998907,
placebo,all_alfworld,all,0.0,18,5,7,6,game,rectification,valid * [-P]+,True,reward,D_ungated,,D_ungated::game::reward,False,0.47082251082251075,0.5846153846153846,0.5142857142857142,0.016818399175786324,,,,0.013764002316922234,
placebo,all_alfworld,all,0.0,18,5,7,6,game,rectification,valid * [-P]+,True,unsigned,D_ungated,A=+1 on ORIGINAL nonzero-direction support; zero-A geometry unavailable,D_ungated::game::unsigned,False,0.6247619047619047,0.7692307692307693,0.6571428571428571,0.12718914376688406,,,,0.09634801621845565,
placebo,all_alfworld,all,0.0,18,5,7,6,game,rectification,-P,True,reward,D_signed,,D_signed::game::reward,True,0.3338235294117647,0.49230769230769234,0.5714285714285714,0.17659319134575638,0.6666666666666666,1.0,0.6666666666666666,0.11011201853537787,
placebo,all_alfworld,all,0.0,18,5,7,6,game,rectification,-P,True,unsigned,D_signed,A=+1 on ORIGINAL nonzero-direction support; zero-A geometry unavailable,D_signed::game::unsigned,True,0.4426984126984127,0.46153846153846156,0.37142857142857144,-0.19446274047002937,0.5,1.0,0.5,-0.13764002316922236,
placebo,all_alfworld,all,0.0,18,5,7,6,game,rectification,-g_raw * P,True,reward,D_signed_gate,,D_signed_gate::game::reward,True,0.566031746031746,0.6,0.6571428571428571,0.32585648403086,0.6666666666666666,1.0,0.6666666666666666,0.24775204170460025,
placebo,all_alfworld,all,0.0,18,5,7,6,game,rectification,-g_raw * P,True,unsigned,D_signed_gate,A=+1 on ORIGINAL nonzero-direction support; zero-A geometry unavailable,D_signed_gate::game::unsigned,True,0.5758333333333333,0.676923076923077,0.6,0.22179263913068215,0.6666666666666666,1.0,0.6666666666666666,0.1926960324369113,
placebo,all_alfworld,all,0.0,18,5,7,6,game,rectification,-valid * sign(P),True,reward,D_sign_balance,,D_sign_balance::game::reward,True,0.5323717948717949,0.6,0.6,0.16082594211845672,0.5,1.0,0.5,0.09634801621845565,
placebo,all_alfworld,all,0.0,18,5,7,6,game,rectification,-valid * sign(P),True,unsigned,D_sign_balance,A=+1 on ORIGINAL nonzero-direction support; zero-A geometry unavailable,D_sign_balance::game::unsigned,True,0.46336898395721915,0.47692307692307695,0.4,-0.17133744160332318,0.5,1.0,0.5,-0.12387602085230012,
placebo,all_alfworld,all,0.0,18,5,7,6,game,rectification,valid * I(P < -epsilon),True,reward,D_negative_fraction,,D_negative_fraction::game::reward,False,0.6472222222222223,0.7384615384615385,0.6285714285714286,0.1208822440759642,,,,0.08258401390153342,
placebo,all_alfworld,all,0.0,18,5,7,6,game,rectification,valid * I(P < -epsilon),True,unsigned,D_negative_fraction,A=+1 on ORIGINAL nonzero-direction support; zero-A geometry unavailable,D_negative_fraction::game::unsigned,False,0.5704761904761904,0.6923076923076923,0.6,0.05255749742433226,,,,0.055056009267688936,
placebo,all_alfworld,all,0.0,18,5,7,6,game,reward_strength,-abs(A) * P,True,reward,D_adv,,D_adv::game::reward,True,0.5428571428571428,0.6153846153846154,0.6857142857142857,0.38261858124913883,0.6666666666666666,1.0,0.6666666666666666,0.2752800463384447,
placebo,all_alfworld,all,0.0,18,5,7,6,game,reward_strength,-abs(A) * P,True,unsigned,D_adv,A=+1 on ORIGINAL nonzero-direction support; zero-A geometry unavailable,D_adv::game::unsigned,True,0.4426984126984127,0.46153846153846156,0.37142857142857144,-0.19446274047002937,0.5,1.0,0.5,-0.13764002316922236,
placebo,all_alfworld,all,0.0,18,5,7,6,game,reward_strength,-g_raw * abs(A) * P,True,reward,D_adv_gate,,D_adv_gate::game::reward,True,0.5699633699633699,0.5384615384615384,0.5714285714285714,0.27014553676106784,0.6666666666666666,1.0,0.6666666666666666,0.24775204170460025,
placebo,all_alfworld,all,0.0,18,5,7,6,game,reward_strength,-g_raw * abs(A) * P,True,unsigned,D_adv_gate,A=+1 on ORIGINAL nonzero-direction support; zero-A geometry unavailable,D_adv_gate::game::unsigned,True,0.5758333333333333,0.676923076923077,0.6,0.22179263913068215,0.6666666666666666,1.0,0.6666666666666666,0.1926960324369113,
placebo,all_alfworld,all,0.0,18,5,7,6,game,reward_strength,-sqrt(abs(A)) * P,True,reward,D_sqrtadv,,D_sqrtadv::game::reward,True,0.42666666666666664,0.6461538461538462,0.7428571428571429,0.3563398325369727,0.75,1.0,0.75,0.24775204170460025,
placebo,all_alfworld,all,0.0,18,5,7,6,game,reward_strength,-sqrt(abs(A)) * P,True,unsigned,D_sqrtadv,A=+1 on ORIGINAL nonzero-direction support; zero-A geometry unavailable,D_sqrtadv::game::unsigned,True,0.4426984126984127,0.46153846153846156,0.37142857142857144,-0.19446274047002937,0.5,1.0,0.5,-0.13764002316922236,
placebo,all_alfworld,all,0.0,18,5,7,6,game,reward_strength,"-valid * dot(d, delta)",True,reward,D_work,,D_work::game::reward,True,0.316923076923077,0.5384615384615384,0.7428571428571429,0.1839512409851629,0.5833333333333334,1.0,0.5833333333333334,0.11011201853537787,
placebo,all_alfworld,all,0.0,18,5,7,6,game,reward_strength,"-valid * dot(d, delta)",True,unsigned,D_work,A=+1 on ORIGINAL nonzero-direction support; zero-A geometry unavailable,D_work::game::unsigned,True,0.3059663865546219,0.46153846153846156,0.5428571428571428,0.05571094726979219,0.6666666666666666,1.0,0.6666666666666666,0.04129200695076671,
placebo,all_alfworld,all,0.0,18,5,7,6,game,reward_strength,"-g_raw * dot(d, delta)",True,reward,D_work_gate,,D_work_gate::game::reward,True,0.44333333333333336,0.5230769230769231,0.6857142857142857,0.2817081861944209,0.6666666666666666,1.0,0.6666666666666666,0.17893203011998907,
placebo,all_alfworld,all,0.0,18,5,7,6,game,reward_strength,"-g_raw * dot(d, delta)",True,unsigned,D_work_gate,A=+1 on ORIGINAL nonzero-direction support; zero-A geometry unavailable,D_work_gate::game::unsigned,True,0.3670286576168929,0.5230769230769231,0.6571428571428571,0.26068518722468803,0.6666666666666666,1.0,0.6666666666666666,0.16516802780306683,
placebo,all_alfworld,all,0.0,18,5,7,6,game,interaction_cosine,"-valid_delta * dot(d,delta)/(norm(d)*norm(delta)+epsilon)",True,reward,D_cos_raw,,D_cos_raw::game::reward,True,0.4454901960784313,0.49230769230769234,0.5142857142857142,0.1324448935093173,0.5833333333333334,1.0,0.5833333333333334,0.09634801621845565,
placebo,all_alfworld,all,0.0,18,5,7,6,game,interaction_cosine,"-valid_delta * dot(d,delta)/(norm(d)*norm(delta)+epsilon)",True,unsigned,D_cos_raw,A=+1 on ORIGINAL nonzero-direction support; zero-A geometry unavailable,D_cos_raw::game::unsigned,True,0.4255555555555556,0.4307692307692308,0.37142857142857144,-0.20392309000640918,0.6666666666666666,1.0,0.6666666666666666,-0.15140402548614457,
placebo,all_alfworld,all,0.0,18,5,7,6,game,interaction_cosine,"-valid_delta_centered * dot(d,delta)/(norm(d)*norm(delta_centered)+epsilon)",True,reward,D_cos_centered,,D_cos_centered::game::reward,True,0.3538235294117647,0.49230769230769234,0.5714285714285714,0.15662134232451014,0.6666666666666666,1.0,0.6666666666666666,0.08258401390153342,
placebo,all_alfworld,all,0.0,18,5,7,6,game,interaction_cosine,"-valid_delta_centered * dot(d,delta)/(norm(d)*norm(delta_centered)+epsilon)",True,unsigned,D_cos_centered,A=+1 on ORIGINAL nonzero-direction support; zero-A geometry unavailable,D_cos_centered::game::unsigned,True,0.4383061383061383,0.47692307692307695,0.42857142857142855,-0.10091039505471794,0.5,1.0,0.5,-0.08258401390153342,
placebo,all_alfworld,all,0.0,18,5,7,6,game,interaction_cosine,-g_centered * Q_centered,True,reward,D_cos_centered_gate,,D_cos_centered_gate::game::reward,True,0.5704273504273504,0.6153846153846154,0.6857142857142857,0.3605444323309193,0.6666666666666666,1.0,0.6666666666666666,0.26151604402152245,
placebo,all_alfworld,all,0.0,18,5,7,6,game,interaction_cosine,-g_centered * Q_centered,True,unsigned,D_cos_centered_gate,A=+1 on ORIGINAL nonzero-direction support; zero-A geometry unavailable,D_cos_centered_gate::game::unsigned,True,0.6136507936507936,0.7384615384615385,0.6571428571428571,0.2596340372762014,0.6666666666666666,1.0,0.6666666666666666,0.2064600347538335,
placebo,all_alfworld,all,0.0,18,5,7,6,game,interaction_cosine,-abs(A) * Q_centered,True,reward,D_cos_adv,,D_cos_adv::game::reward,True,0.5238095238095238,0.5846153846153846,0.6857142857142857,0.35528868258848606,0.6666666666666666,1.0,0.6666666666666666,0.23398803938767798,
placebo,all_alfworld,all,0.0,18,5,7,6,game,interaction_cosine,-abs(A) * Q_centered,True,unsigned,D_cos_adv,A=+1 on ORIGINAL nonzero-direction support; zero-A geometry unavailable,D_cos_adv::game::unsigned,True,0.4383061383061383,0.47692307692307695,0.42857142857142855,-0.10091039505471794,0.5,1.0,0.5,-0.08258401390153342,
placebo,all_alfworld,all,0.0,18,5,7,6,game,interaction_cosine,[-Q_centered]+,True,reward,D_cos_negative,,D_cos_negative::game::reward,False,0.4708333333333333,0.5692307692307692,0.4857142857142857,-0.02627874871216613,,,,-0.027528004633844468,
placebo,all_alfworld,all,0.0,18,5,7,6,game,interaction_cosine,[-Q_centered]+,True,unsigned,D_cos_negative,A=+1 on ORIGINAL nonzero-direction support; zero-A geometry unavailable,D_cos_negative::game::unsigned,False,0.49653679653679655,0.6307692307692307,0.5142857142857142,-0.05781324716676549,,,,-0.04129200695076671,
placebo,all_alfworld,all,0.0,18,5,7,6,game,soft_gate,-[C_centered]+ * P,True,reward,D_soft,,D_soft::game::reward,True,0.49603174603174593,0.49230769230769234,0.5428571428571428,0.20287194005792253,0.5,1.0,0.5,0.17893203011998907,
placebo,all_alfworld,all,0.0,18,5,7,6,game,soft_gate,-[C_centered]+ * P,True,unsigned,D_soft,A=+1 on ORIGINAL nonzero-direction support; zero-A geometry unavailable,D_soft::game::unsigned,True,0.5454901960784313,0.5846153846153846,0.5714285714285714,0.19656504036700265,0.6666666666666666,1.0,0.6666666666666666,0.13764002316922236,
placebo,all_alfworld,all,0.0,18,5,7,6,game,soft_gate,[C_centered]+ * [-P]+,True,reward,D_soft_negative,,D_soft_negative::game::reward,False,0.5758333333333333,0.5538461538461539,0.5142857142857142,0.015767249227299676,,,,0.013764002316922234,
placebo,all_alfworld,all,0.0,18,5,7,6,game,soft_gate,[C_centered]+ * [-P]+,True,unsigned,D_soft_negative,A=+1 on ORIGINAL nonzero-direction support; zero-A geometry unavailable,D_soft_negative::game::unsigned,False,0.4958333333333333,0.5692307692307692,0.4857142857142857,0.03048334850611271,,,,0.04129200695076671,
placebo,all_alfworld,all,0.0,18,5,7,6,game,soft_gate,-[C_centered]+ * Q_centered,True,reward,D_soft_cos,,D_soft_cos::game::reward,True,0.521031746031746,0.5538461538461539,0.6285714285714286,0.30903808485507367,0.6666666666666666,1.0,0.6666666666666666,0.23398803938767798,
placebo,all_alfworld,all,0.0,18,5,7,6,game,soft_gate,-[C_centered]+ * Q_centered,True,unsigned,D_soft_cos,A=+1 on ORIGINAL nonzero-direction support; zero-A geometry unavailable,D_soft_cos::game::unsigned,True,0.5422222222222222,0.5692307692307692,0.5428571428571428,0.1723885915518098,0.6666666666666666,1.0,0.6666666666666666,0.13764002316922236,
placebo,all_alfworld,all,0.0,18,5,7,6,game,soft_gate,-sigmoid(C_centered/median_abs_C) * valid * P,True,reward,D_sigmoid,,D_sigmoid::game::reward,True,0.521031746031746,0.5538461538461539,0.6,0.22389493902765542,0.5833333333333334,1.0,0.5833333333333334,0.16516802780306683,
placebo,all_alfworld,all,0.0,18,5,7,6,game,soft_gate,-sigmoid(C_centered/median_abs_C) * valid * P,True,unsigned,D_sigmoid,A=+1 on ORIGINAL nonzero-direction support; zero-A geometry unavailable,D_sigmoid::game::unsigned,True,0.5359663865546218,0.6,0.5142857142857142,0.1261379938183974,0.6666666666666666,1.0,0.6666666666666666,0.09634801621845565,
placebo,all_alfworld,all,0.0,18,5,7,6,game,threshold,-P * I(C_centered >= Q25(abs(C_centered))) * valid_delta_centered,True,reward,D_tauC_q25,,D_tauC_q25::game::reward,True,0.5922222222222222,0.6,0.6285714285714286,0.37736283150670563,0.75,1.0,0.75,0.3165720532892114,
placebo,all_alfworld,all,0.0,18,5,7,6,game,threshold,-P * I(C_centered >= Q25(abs(C_centered))) * valid_delta_centered,True,unsigned,D_tauC_q25,A=+1 on ORIGINAL nonzero-direction support; zero-A geometry unavailable,D_tauC_q25::game::unsigned,True,0.562156862745098,0.5846153846153846,0.5428571428571428,0.24596908794587496,0.6666666666666666,1.0,0.6666666666666666,0.1926960324369113,
placebo,all_alfworld,all,0.0,18,5,7,6,game,threshold,-P * I(C_centered >= Q50(abs(C_centered))) * valid_delta_centered,True,reward,D_tauC_q50,,D_tauC_q50::game::reward,True,0.521031746031746,0.5538461538461539,0.6,0.2911685357308007,0.5,1.0,0.5,0.23398803938767798,
placebo,all_alfworld,all,0.0,18,5,7,6,game,threshold,-P * I(C_centered >= Q50(abs(C_centered))) * valid_delta_centered,True,unsigned,D_tauC_q50,A=+1 on ORIGINAL nonzero-direction support; zero-A geometry unavailable,D_tauC_q50::game::unsigned,True,0.542156862745098,0.5692307692307692,0.5714285714285714,0.18710469083062284,0.6666666666666666,1.0,0.6666666666666666,0.13764002316922236,
placebo,all_alfworld,all,0.0,18,5,7,6,game,threshold,-P * I(C_centered >= Q75(abs(C_centered))) * valid_delta_centered,True,reward,D_tauC_q75,,D_tauC_q75::game::reward,True,0.4991300366300366,0.5076923076923077,0.5428571428571428,0.16923514170634987,0.4166666666666667,1.0,0.4166666666666667,0.13764002316922236,
placebo,all_alfworld,all,0.0,18,5,7,6,game,threshold,-P * I(C_centered >= Q75(abs(C_centered))) * valid_delta_centered,True,unsigned,D_tauC_q75,A=+1 on ORIGINAL nonzero-direction support; zero-A geometry unavailable,D_tauC_q75::game::unsigned,True,0.48882352941176466,0.5384615384615384,0.5428571428571428,0.12718914376688406,0.5833333333333334,1.0,0.5833333333333334,0.08258401390153342,
placebo,all_alfworld,all,0.0,18,5,7,6,game,threshold,-P * I(norm(delta_centered) >= Q25(norm(delta_centered))) * valid,True,reward,D_delta_q25,,D_delta_q25::game::reward,True,0.3393650793650793,0.47692307692307695,0.5714285714285714,0.16292824201543,0.5,1.0,0.5,0.09634801621845565,
placebo,all_alfworld,all,0.0,18,5,7,6,game,threshold,-P * I(norm(delta_centered) >= Q25(norm(delta_centered))) * valid,True,unsigned,D_delta_q25,A=+1 on ORIGINAL nonzero-direction support; zero-A geometry unavailable,D_delta_q25::game::unsigned,True,0.43831070889894413,0.4461538461538462,0.34285714285714286,-0.2417644881519284,0.5,1.0,0.5,-0.17893203011998907,
placebo,all_alfworld,all,0.0,18,5,7,6,game,threshold,-P * I(norm(delta_centered) >= Q50(norm(delta_centered))) * valid,True,reward,D_delta_q50,,D_delta_q50::game::reward,True,0.37555555555555553,0.5230769230769231,0.6,0.1419052430456971,0.6666666666666666,1.0,0.6666666666666666,0.06882001158461118,
placebo,all_alfworld,all,0.0,18,5,7,6,game,threshold,-P * I(norm(delta_centered) >= Q50(norm(delta_centered))) * valid,True,unsigned,D_delta_q50,A=+1 on ORIGINAL nonzero-direction support; zero-A geometry unavailable,D_delta_q50::game::unsigned,True,0.5196428571428571,0.6,0.4857142857142857,-0.016818399175786324,0.5833333333333334,1.0,0.5833333333333334,-0.013764002316922234,
placebo,all_alfworld,all,0.0,18,5,7,6,game,threshold,-P * I(norm(delta_centered) >= Q75(norm(delta_centered))) * valid,True,reward,D_delta_q75,,D_delta_q75::game::reward,True,0.3434343434343434,0.47692307692307695,0.5428571428571428,0.16397939196391664,0.5,1.0,0.5,0.12387602085230012,
placebo,all_alfworld,all,0.0,18,5,7,6,game,threshold,-P * I(norm(delta_centered) >= Q75(norm(delta_centered))) * valid,True,unsigned,D_delta_q75,A=+1 on ORIGINAL nonzero-direction support; zero-A geometry unavailable,D_delta_q75::game::unsigned,True,0.5032967032967033,0.5230769230769231,0.5428571428571428,-0.022074148918219547,0.5833333333333334,1.0,0.5833333333333334,-0.027528004633844468,
placebo,all_alfworld,all,0.0,18,5,7,6,game,robust,"-clip(P, -Q95(abs(P)), Q95(abs(P)))",True,reward,D_winsor,,D_winsor::game::reward,True,0.367156862745098,0.5076923076923077,0.5714285714285714,0.19236044057305607,0.75,1.0,0.75,0.12387602085230012,
placebo,all_alfworld,all,0.0,18,5,7,6,game,robust,"-clip(P, -Q95(abs(P)), Q95(abs(P)))",True,unsigned,D_winsor,A=+1 on ORIGINAL nonzero-direction support; zero-A geometry unavailable,D_winsor::game::unsigned,True,0.435042735042735,0.4307692307692308,0.37142857142857144,-0.24281563810041504,0.5,1.0,0.5,-0.1926960324369113,
placebo,all_alfworld,all,0.0,18,5,7,6,game,robust,-tanh(P/median_abs_P),True,reward,D_tanh,,D_tanh::game::reward,True,0.49083333333333334,0.5538461538461539,0.5714285714285714,0.16818399175786322,0.5833333333333334,1.0,0.5833333333333334,0.11011201853537787,
placebo,all_alfworld,all,0.0,18,5,7,6,game,robust,-tanh(P/median_abs_P),True,unsigned,D_tanh,A=+1 on ORIGINAL nonzero-direction support; zero-A geometry unavailable,D_tanh::game::unsigned,True,0.46336898395721915,0.47692307692307695,0.4,-0.14610984283964368,0.5,1.0,0.5,-0.09634801621845565,
placebo,all_alfworld,all,0.0,18,5,7,6,game,sampled_action,-sign(A) * chosen_delta,False,reward,D_action_sign,,D_action_sign::game::reward,True,0.31269841269841264,0.47692307692307695,0.5714285714285714,0.0630689969091987,0.5833333333333334,1.0,0.5833333333333334,0.08258401390153342,
placebo,all_alfworld,all,0.0,18,5,7,6,game,sampled_action,-sign(A) * chosen_delta,False,unsigned,D_action_sign,A=+1 on ALL recorded loss tokens,D_action_sign::game::unsigned,True,0.27249999999999996,0.36923076923076925,0.2857142857142857,-0.2617363371731746,0.4166666666666667,1.0,0.4166666666666667,-0.1926960324369113,
placebo,all_alfworld,all,0.0,18,5,7,6,game,sampled_action,-A * chosen_delta,False,reward,D_action_adv,,D_action_adv::game::reward,True,0.33215686274509804,0.5076923076923077,0.6,0.07147819649709188,0.5833333333333334,1.0,0.5833333333333334,0.06882001158461118,
placebo,all_alfworld,all,0.0,18,5,7,6,game,sampled_action,-A * chosen_delta,False,unsigned,D_action_adv,A=+1 on ALL recorded loss tokens,D_action_adv::game::unsigned,True,0.27249999999999996,0.36923076923076925,0.2857142857142857,-0.2617363371731746,0.4166666666666667,1.0,0.4166666666666667,-0.1926960324369113,
placebo,all_alfworld,all,0.0,18,5,7,6,game,sampled_action,"-clip(A,-2,2) * chosen_delta",False,reward,D_action_adv_clip,,D_action_adv_clip::game::reward,True,0.2854901960784314,0.4461538461538462,0.6,0.039943698042492516,0.5833333333333334,1.0,0.5833333333333334,0.027528004633844468,
placebo,all_alfworld,all,0.0,18,5,7,6,game,sampled_action,"-clip(A,-2,2) * chosen_delta",False,unsigned,D_action_adv_clip,A=+1 on ALL recorded loss tokens,D_action_adv_clip::game::unsigned,True,0.27249999999999996,0.36923076923076925,0.2857142857142857,-0.2617363371731746,0.4166666666666667,1.0,0.4166666666666667,-0.1926960324369113,
placebo,all_alfworld,all,0.0,18,5,7,6,game,sampled_action,"-A * (clip(exp(chosen_u_O),.8,1.2)-clip(exp(chosen_u_control),.8,1.2))",False,reward,D_ratio_adv,,D_ratio_adv::game::reward,True,0.41579670329670326,0.4307692307692308,0.45714285714285713,-0.02838104860913942,0.5,1.0,0.5,-0.013764002316922234,
placebo,all_alfworld,all,0.0,18,5,7,6,game,sampled_action,"-A * (clip(exp(chosen_u_O),.8,1.2)-clip(exp(chosen_u_control),.8,1.2))",False,unsigned,D_ratio_adv,A=+1 on ALL recorded loss tokens,D_ratio_adv::game::unsigned,True,0.2894172494172494,0.4307692307692308,0.37142857142857144,-0.17764434129424303,0.5,1.0,0.5,-0.12387602085230012,
placebo,all_alfworld,all,0.0,18,5,7,6,game,policy_only,-A * chosen_u_O,False,reward,D_policy_action_adv,,D_policy_action_adv::game::reward,True,0.2963095238095238,0.46153846153846156,0.5714285714285714,0.045199447784925746,0.5833333333333334,1.0,0.5833333333333334,0.013764002316922234,
placebo,all_alfworld,all,0.0,18,5,7,6,game,policy_only,-A * chosen_u_O,False,unsigned,D_policy_action_adv,A=+1 on ALL recorded loss tokens,D_policy_action_adv::game::unsigned,True,0.24336898395721923,0.3230769230769231,0.17142857142857143,-0.5297795740372692,0.4166666666666667,1.0,0.4166666666666667,-0.39915606719074476,
placebo,all_alfworld,all,0.0,18,5,7,6,game,reward_only,-A,False,reward,D_reward_only,,D_reward_only::game::reward,True,0.3200356506238859,0.4307692307692308,0.5428571428571428,0.06415325821897182,0.5833333333333334,1.0,0.5833333333333334,0.027618408833305377,
placebo,all_alfworld,all,0.0,18,5,7,6,game,reward_only,-A,False,unsigned,D_reward_only,A=+1 on ALL recorded loss tokens,D_reward_only::game::unsigned,True,0.2777777777777778,0.5,0.5,,0.5833333333333334,1.0,0.5833333333333334,,
placebo,all_alfworld,all,0.0,18,5,7,6,game,reward_only,I(A < -epsilon),False,reward,D_adv_negative_fraction,,D_adv_negative_fraction::game::reward,False,0.5212121212121212,0.5846153846153846,0.5714285714285714,0.09470127678045674,,,,0.08312912882220554,
placebo,all_alfworld,all,0.0,18,5,7,6,game,reward_only,I(A < -epsilon),False,unsigned,D_adv_negative_fraction,A=+1 on ALL recorded loss tokens,D_adv_negative_fraction::game::unsigned,False,0.2777777777777778,0.5,0.5,,,,,,
placebo,all_alfworld,all,0.0,18,5,7,6,game,reward_alignment_reference,+C_raw,True,reward,C_raw,,C_raw::game::reward,False,0.30357142857142855,0.5076923076923077,0.37142857142857144,-0.24596908794587496,,,,-0.15140402548614457,
placebo,all_alfworld,all,0.0,18,5,7,6,game,reward_alignment_reference,+C_raw,True,unsigned,C_raw,A=+1 on ORIGINAL nonzero-direction support; zero-A geometry unavailable,C_raw::game::unsigned,False,0.40643162393162396,0.4,0.42857142857142855,-0.1534678924790502,,,,-0.12387602085230012,
placebo,all_alfworld,all,0.0,18,5,7,6,game,reward_alignment_reference,+C_centered,True,reward,C_centered,,C_centered::game::reward,False,0.5840384615384615,0.5846153846153846,0.5428571428571428,0.10406384490017788,,,,0.08258401390153342,
placebo,all_alfworld,all,0.0,18,5,7,6,game,reward_alignment_reference,+C_centered,True,unsigned,C_centered,A=+1 on ORIGINAL nonzero-direction support; zero-A geometry unavailable,C_centered::game::unsigned,False,0.2195927601809955,0.2153846153846154,0.17142857142857143,-0.4246645791886047,,,,-0.3165720532892114,
placebo,all_alfworld,all,0.0,18,5,7,6,game,reward_alignment_reference,+abs(A) * C_centered,True,reward,C_adv_centered,,C_adv_centered::game::reward,False,0.41841269841269846,0.4,0.45714285714285713,0.05465979732130555,,,,0.04129200695076671,
placebo,all_alfworld,all,0.0,18,5,7,6,game,reward_alignment_reference,+abs(A) * C_centered,True,unsigned,C_adv_centered,A=+1 on ORIGINAL nonzero-direction support; zero-A geometry unavailable,C_adv_centered::game::unsigned,False,0.2195927601809955,0.2153846153846154,0.17142857142857143,-0.4246645791886047,,,,-0.3165720532892114,
placebo,all_alfworld,all,0.0,18,5,7,6,game,magnitude_only,delta_norm,False,magnitude,M_delta_raw,,M_delta_raw::game::magnitude,False,0.4129761904761905,0.5384615384615384,0.4857142857142857,-0.11667764428201761,,,,-0.06882001158461118,
placebo,all_alfworld,all,0.0,18,5,7,6,game,magnitude_only,delta_centered_norm,False,magnitude,M_delta_centered,,M_delta_centered::game::magnitude,False,0.7247619047619047,0.8,0.8,0.36264673222789257,,,,0.24775204170460025,
placebo,all_alfworld,all,0.0,18,5,7,6,game,magnitude_only,u_original_norm,False,magnitude,M_original_norm,,M_original_norm::game::magnitude,False,0.512156862745098,0.6923076923076923,0.8,0.45725022759169065,,,,0.33033605560613366,
placebo,all_alfworld,all,0.0,18,5,7,6,game,magnitude_only,u_control_norm,False,magnitude,M_control_norm,,M_control_norm::game::magnitude,False,0.38995670995670995,0.6615384615384615,0.8285714285714286,0.44568757815833754,,,,0.3165720532892114,
placebo,all_alfworld,all,0.0,18,5,7,6,game,magnitude_only,forward_kl_original,False,magnitude,M_kl,,M_kl::game::magnitude,False,0.29170940170940174,0.3230769230769231,0.22857142857142856,-0.46460827723109716,,,,-0.35786406023997813,
placebo,all_alfworld,all,0.0,18,5,7,6,game,magnitude_only,js_original,False,magnitude,M_js,,M_js::game::magnitude,False,0.2352158952158952,0.2923076923076923,0.17142857142857143,-0.4320226288280112,,,,-0.30280805097228913,
placebo,all_alfworld,all,0.0,18,5,7,6,game,magnitude_only,abs(chosen_delta),False,magnitude,M_action_abs,,M_action_abs::game::magnitude,False,0.29417151475975,0.46153846153846156,0.34285714285714286,-0.24596908794587496,,,,-0.16516802780306683,
placebo,all_alfworld,all,0.0,18,5,7,6,original,retained_reference,,False,reference,activation_l8_norm,,B_activation_l8_norm,False,0.7433333333333334,0.8769230769230769,0.8285714285714286,0.3100892348035603,,,,0.1926960324369113,
placebo,all_alfworld,all,0.0,18,5,7,6,original,retained_reference,,False,reference,activation_l16_norm,,B_activation_l16_norm,False,0.5911111111111111,0.7846153846153846,0.7142857142857143,0.1881558407791095,,,,0.16516802780306683,
placebo,all_alfworld,all,0.0,18,5,7,6,original,retained_reference,,False,reference,activation_l24_norm,,B_activation_l24_norm,False,0.6555555555555556,0.7846153846153846,0.7142857142857143,0.20287194005792253,,,,0.15140402548614457,
placebo,all_alfworld,all,0.0,18,5,7,6,original,retained_reference,,False,reference,activation_l32_norm,,B_activation_l32_norm,False,0.6533333333333333,0.8153846153846154,0.8,0.4025904302703851,,,,0.2890440486553669,
placebo,all_alfworld,all,0.0,18,5,7,6,original,retained_reference,,False,reference,old_margin,,B_old_margin,False,0.43583333333333335,0.6307692307692307,0.5428571428571428,-0.10176755610835668,,,,-0.08727330428821684,
placebo,all_alfworld,all,0.0,18,5,7,6,original,retained_reference,,False,reference,random_expected,,B_random_expected,False,0.2777777777777778,0.5,0.5,,,,,,
placebo,all_alfworld,all,0.0,18,5,7,6,token,realized_reward_secant_v1,"-A*u(a)*dot(Hu,Hdelta)/(norm(Hu)^2+epsilon)",True,reward,D_real,All original rows including A=0; no advantage-based support mask,D_real::token::reward,True,0.22800767859591392,0.27692307692307694,0.4857142857142857,0.13139374356083064,0.5833333333333334,1.0,0.5833333333333334,0.09634801621845565,real_D
placebo,all_alfworld,all,0.0,18,5,7,6,token,realized_reward_secant_v1,"-u(a)*dot(Hu,Hdelta)/(norm(Hu)^2+epsilon)",True,reward_free,D_real_A1,All original rows including A=0; no advantage-based support mask,D_real_A1::token::reward_free,False,0.3355555555555555,0.47692307692307695,0.42857142857142855,-0.228099538821602,,,,-0.12387602085230012,real_A1
placebo,all_alfworld,all,0.0,18,5,7,6,token,realized_reward_secant_v1,"-abs(A)*u(a)*dot(Hu,Hdelta)/(norm(Hu)^2+epsilon)",True,reward_sign_removed,D_real_absA,All original rows including A=0; no advantage-based support mask,D_real_absA::token::reward_sign_removed,False,0.45042735042735044,0.5846153846153846,0.4857142857142857,-0.22915068877008865,,,,-0.16516802780306683,real_absA
placebo,all_alfworld,all,0.0,18,5,7,6,token,realized_reward_secant_v1,"-dot(Hu,Hdelta)/(norm(Hu)^2+epsilon)",True,geometry_only,D_real_projection_only,All original rows including A=0; no advantage-based support mask,D_real_projection_only::token::geometry_only,False,0.207156862745098,0.18461538461538463,0.2571428571428571,-0.26383863707014793,,,,-0.2064600347538335,real_projection_only
placebo,all_alfworld,all,0.0,18,5,7,6,decision,realized_reward_secant_v1,"-A*u(a)*dot(Hu,Hdelta)/(norm(Hu)^2+epsilon)",True,reward,D_real,All original rows including A=0; no advantage-based support mask,D_real::decision::reward,True,0.23181720240543774,0.2923076923076923,0.5142857142857142,0.14610984283964368,0.5833333333333334,1.0,0.5833333333333334,0.09634801621845565,real_D
placebo,all_alfworld,all,0.0,18,5,7,6,decision,realized_reward_secant_v1,"-u(a)*dot(Hu,Hdelta)/(norm(Hu)^2+epsilon)",True,reward_free,D_real_A1,All original rows including A=0; no advantage-based support mask,D_real_A1::decision::reward_free,False,0.32497737556561085,0.4307692307692308,0.4,-0.23335528856403523,,,,-0.15140402548614457,real_A1
placebo,all_alfworld,all,0.0,18,5,7,6,decision,realized_reward_secant_v1,"-abs(A)*u(a)*dot(Hu,Hdelta)/(norm(Hu)^2+epsilon)",True,reward_sign_removed,D_real_absA,All original rows including A=0; no advantage-based support mask,D_real_absA::decision::reward_sign_removed,False,0.517094017094017,0.5846153846153846,0.4857142857142857,-0.21128113964581569,,,,-0.15140402548614457,real_absA
placebo,all_alfworld,all,0.0,18,5,7,6,decision,realized_reward_secant_v1,"-dot(Hu,Hdelta)/(norm(Hu)^2+epsilon)",True,geometry_only,D_real_projection_only,All original rows including A=0; no advantage-based support mask,D_real_projection_only::decision::geometry_only,False,0.24326797385620919,0.2923076923076923,0.34285714285714286,-0.1881558407791095,,,,-0.15140402548614457,real_projection_only
placebo,all_alfworld,all,0.0,18,5,7,6,game,realized_reward_secant_v1,"-A*u(a)*dot(Hu,Hdelta)/(norm(Hu)^2+epsilon)",True,reward,D_real,All original rows including A=0; no advantage-based support mask,D_real::game::reward,True,0.3253619909502263,0.5076923076923077,0.6285714285714286,0.1744908914487831,0.5,1.0,0.5,0.12387602085230012,real_D
placebo,all_alfworld,all,0.0,18,5,7,6,game,realized_reward_secant_v1,"-u(a)*dot(Hu,Hdelta)/(norm(Hu)^2+epsilon)",True,reward_free,D_real_A1,All original rows including A=0; no advantage-based support mask,D_real_A1::game::reward_free,False,0.2654901960784314,0.38461538461538464,0.3142857142857143,-0.39418123068249195,,,,-0.2752800463384447,real_A1
placebo,all_alfworld,all,0.0,18,5,7,6,game,realized_reward_secant_v1,"-abs(A)*u(a)*dot(Hu,Hdelta)/(norm(Hu)^2+epsilon)",True,reward_sign_removed,D_real_absA,All original rows including A=0; no advantage-based support mask,D_real_absA::game::reward_sign_removed,False,0.3194749694749695,0.49230769230769234,0.3142857142857143,-0.39838583047643855,,,,-0.26151604402152245,real_absA
placebo,all_alfworld,all,0.0,18,5,7,6,game,realized_reward_secant_v1,"-dot(Hu,Hdelta)/(norm(Hu)^2+epsilon)",True,geometry_only,D_real_projection_only,All original rows including A=0; no advantage-based support mask,D_real_projection_only::game::geometry_only,False,0.2550793650793651,0.3230769230769231,0.34285714285714286,-0.22915068877008865,,,,-0.1926960324369113,real_projection_only
