context_id,phase,score,k,n_candidates,events,threshold,target,expected_hits,precision_at_k,recall_at_k,captured_change_mass,spearman,kendall,start_update,global_update,window_role,seed
all_alfworld,all,C_upd,1,3,1,0.0,decline,1.0,1.0,1.0,1.0,0.5,0.3333333333333333,0,5,test,404
all_alfworld,all,C_upd,2,3,1,0.0,decline,1.0,0.5,1.0,1.0,0.5,0.3333333333333333,0,5,test,404
all_alfworld,all,D_contribution,1,3,1,0.0,decline,0.0,0.0,0.0,0.0,-1.0,-1.0,0,5,test,404
all_alfworld,all,D_contribution,2,3,1,0.0,decline,0.0,0.0,0.0,0.0,-1.0,-1.0,0,5,test,404
all_alfworld,all,D_ungated_contribution,1,3,1,0.0,decline,0.0,0.0,0.0,0.0,-1.0,-1.0,0,5,test,404
all_alfworld,all,D_ungated_contribution,2,3,1,0.0,decline,0.0,0.0,0.0,0.0,-1.0,-1.0,0,5,test,404
all_alfworld,all,P_int,1,3,1,0.0,decline,0.0,0.0,0.0,0.0,-0.5,-0.3333333333333333,0,5,test,404
all_alfworld,all,P_int,2,3,1,0.0,decline,0.0,0.0,0.0,0.0,-0.5,-0.3333333333333333,0,5,test,404
all_alfworld,all,activation_l16_norm,1,3,1,0.0,decline,1.0,1.0,1.0,1.0,0.5,0.3333333333333333,0,5,test,404
all_alfworld,all,activation_l16_norm,2,3,1,0.0,decline,1.0,0.5,1.0,1.0,0.5,0.3333333333333333,0,5,test,404
all_alfworld,all,activation_l24_norm,1,3,1,0.0,decline,1.0,1.0,1.0,1.0,0.5,0.3333333333333333,0,5,test,404
all_alfworld,all,activation_l24_norm,2,3,1,0.0,decline,1.0,0.5,1.0,1.0,0.5,0.3333333333333333,0,5,test,404
all_alfworld,all,activation_l32_norm,1,3,1,0.0,decline,1.0,1.0,1.0,1.0,0.5,0.3333333333333333,0,5,test,404
all_alfworld,all,activation_l32_norm,2,3,1,0.0,decline,1.0,0.5,1.0,1.0,0.5,0.3333333333333333,0,5,test,404
all_alfworld,all,activation_l8_norm,1,3,1,0.0,decline,1.0,1.0,1.0,1.0,0.5,0.3333333333333333,0,5,test,404
all_alfworld,all,activation_l8_norm,2,3,1,0.0,decline,1.0,0.5,1.0,1.0,0.5,0.3333333333333333,0,5,test,404
all_alfworld,all,delta_centered_norm,1,3,1,0.0,decline,0.0,0.0,0.0,0.0,-0.5,-0.3333333333333333,0,5,test,404
all_alfworld,all,delta_centered_norm,2,3,1,0.0,decline,1.0,0.5,1.0,1.0,-0.5,-0.3333333333333333,0,5,test,404
all_alfworld,all,delta_norm,1,3,1,0.0,decline,0.0,0.0,0.0,0.0,-0.5,-0.3333333333333333,0,5,test,404
all_alfworld,all,delta_norm,2,3,1,0.0,decline,1.0,0.5,1.0,1.0,-0.5,-0.3333333333333333,0,5,test,404
all_alfworld,all,forward_kl_original,1,3,1,0.0,decline,1.0,1.0,1.0,1.0,1.0,1.0,0,5,test,404
all_alfworld,all,forward_kl_original,2,3,1,0.0,decline,1.0,0.5,1.0,1.0,1.0,1.0,0,5,test,404
all_alfworld,all,js_original,1,3,1,0.0,decline,1.0,1.0,1.0,1.0,0.5,0.3333333333333333,0,5,test,404
all_alfworld,all,js_original,2,3,1,0.0,decline,1.0,0.5,1.0,1.0,0.5,0.3333333333333333,0,5,test,404
all_alfworld,all,old_margin,1,3,1,0.0,decline,0.0,0.0,0.0,0.0,-0.5,-0.3333333333333333,0,5,test,404
all_alfworld,all,old_margin,2,3,1,0.0,decline,1.0,0.5,1.0,1.0,-0.5,-0.3333333333333333,0,5,test,404
all_alfworld,all,u_control_norm,1,3,1,0.0,decline,0.0,0.0,0.0,0.0,-0.5,-0.3333333333333333,0,5,test,404
all_alfworld,all,u_control_norm,2,3,1,0.0,decline,0.0,0.0,0.0,0.0,-0.5,-0.3333333333333333,0,5,test,404
all_alfworld,all,u_original_norm,1,3,1,0.0,decline,0.0,0.0,0.0,0.0,-1.0,-1.0,0,5,test,404
all_alfworld,all,u_original_norm,2,3,1,0.0,decline,0.0,0.0,0.0,0.0,-1.0,-1.0,0,5,test,404
all_alfworld,all,random_expected,1,3,1,0.0,decline,0.3333333333333333,0.3333333333333333,0.3333333333333333,0.3333333333333333,,,0,5,test,404
all_alfworld,all,random_expected,2,3,1,0.0,decline,0.6666666666666666,0.3333333333333333,0.6666666666666666,0.6666666666666666,,,0,5,test,404
all_alfworld,all,C_upd,1,3,0,0.05,decline,0.0,0.0,,1.0,0.5,0.3333333333333333,0,5,test,404
all_alfworld,all,C_upd,2,3,0,0.05,decline,0.0,0.0,,1.0,0.5,0.3333333333333333,0,5,test,404
all_alfworld,all,D_contribution,1,3,0,0.05,decline,0.0,0.0,,0.0,-1.0,-1.0,0,5,test,404
all_alfworld,all,D_contribution,2,3,0,0.05,decline,0.0,0.0,,0.0,-1.0,-1.0,0,5,test,404
all_alfworld,all,D_ungated_contribution,1,3,0,0.05,decline,0.0,0.0,,0.0,-1.0,-1.0,0,5,test,404
all_alfworld,all,D_ungated_contribution,2,3,0,0.05,decline,0.0,0.0,,0.0,-1.0,-1.0,0,5,test,404
all_alfworld,all,P_int,1,3,0,0.05,decline,0.0,0.0,,0.0,-0.5,-0.3333333333333333,0,5,test,404
all_alfworld,all,P_int,2,3,0,0.05,decline,0.0,0.0,,0.0,-0.5,-0.3333333333333333,0,5,test,404
all_alfworld,all,activation_l16_norm,1,3,0,0.05,decline,0.0,0.0,,1.0,0.5,0.3333333333333333,0,5,test,404
all_alfworld,all,activation_l16_norm,2,3,0,0.05,decline,0.0,0.0,,1.0,0.5,0.3333333333333333,0,5,test,404
all_alfworld,all,activation_l24_norm,1,3,0,0.05,decline,0.0,0.0,,1.0,0.5,0.3333333333333333,0,5,test,404
all_alfworld,all,activation_l24_norm,2,3,0,0.05,decline,0.0,0.0,,1.0,0.5,0.3333333333333333,0,5,test,404
all_alfworld,all,activation_l32_norm,1,3,0,0.05,decline,0.0,0.0,,1.0,0.5,0.3333333333333333,0,5,test,404
all_alfworld,all,activation_l32_norm,2,3,0,0.05,decline,0.0,0.0,,1.0,0.5,0.3333333333333333,0,5,test,404
all_alfworld,all,activation_l8_norm,1,3,0,0.05,decline,0.0,0.0,,1.0,0.5,0.3333333333333333,0,5,test,404
all_alfworld,all,activation_l8_norm,2,3,0,0.05,decline,0.0,0.0,,1.0,0.5,0.3333333333333333,0,5,test,404
all_alfworld,all,delta_centered_norm,1,3,0,0.05,decline,0.0,0.0,,0.0,-0.5,-0.3333333333333333,0,5,test,404
all_alfworld,all,delta_centered_norm,2,3,0,0.05,decline,0.0,0.0,,1.0,-0.5,-0.3333333333333333,0,5,test,404
all_alfworld,all,delta_norm,1,3,0,0.05,decline,0.0,0.0,,0.0,-0.5,-0.3333333333333333,0,5,test,404
all_alfworld,all,delta_norm,2,3,0,0.05,decline,0.0,0.0,,1.0,-0.5,-0.3333333333333333,0,5,test,404
all_alfworld,all,forward_kl_original,1,3,0,0.05,decline,0.0,0.0,,1.0,1.0,1.0,0,5,test,404
all_alfworld,all,forward_kl_original,2,3,0,0.05,decline,0.0,0.0,,1.0,1.0,1.0,0,5,test,404
all_alfworld,all,js_original,1,3,0,0.05,decline,0.0,0.0,,1.0,0.5,0.3333333333333333,0,5,test,404
all_alfworld,all,js_original,2,3,0,0.05,decline,0.0,0.0,,1.0,0.5,0.3333333333333333,0,5,test,404
all_alfworld,all,old_margin,1,3,0,0.05,decline,0.0,0.0,,0.0,-0.5,-0.3333333333333333,0,5,test,404
all_alfworld,all,old_margin,2,3,0,0.05,decline,0.0,0.0,,1.0,-0.5,-0.3333333333333333,0,5,test,404
all_alfworld,all,u_control_norm,1,3,0,0.05,decline,0.0,0.0,,0.0,-0.5,-0.3333333333333333,0,5,test,404
all_alfworld,all,u_control_norm,2,3,0,0.05,decline,0.0,0.0,,0.0,-0.5,-0.3333333333333333,0,5,test,404
all_alfworld,all,u_original_norm,1,3,0,0.05,decline,0.0,0.0,,0.0,-1.0,-1.0,0,5,test,404
all_alfworld,all,u_original_norm,2,3,0,0.05,decline,0.0,0.0,,0.0,-1.0,-1.0,0,5,test,404
all_alfworld,all,random_expected,1,3,0,0.05,decline,0.0,0.0,,0.3333333333333333,,,0,5,test,404
all_alfworld,all,random_expected,2,3,0,0.05,decline,0.0,0.0,,0.6666666666666666,,,0,5,test,404
all_alfworld,all,C_upd,1,3,2,0.0,any_change,1.0,1.0,0.5,0.3333333333333333,0.5,0.3333333333333333,0,5,test,404
all_alfworld,all,C_upd,2,3,2,0.0,any_change,2.0,1.0,1.0,1.0,0.5,0.3333333333333333,0,5,test,404
all_alfworld,all,D_contribution,1,3,2,0.0,any_change,1.0,1.0,0.5,0.6666666666666666,0.5,0.3333333333333333,0,5,test,404
all_alfworld,all,D_contribution,2,3,2,0.0,any_change,1.0,0.5,0.5,0.6666666666666666,0.5,0.3333333333333333,0,5,test,404
all_alfworld,all,D_ungated_contribution,1,3,2,0.0,any_change,1.0,1.0,0.5,0.6666666666666666,0.5,0.3333333333333333,0,5,test,404
all_alfworld,all,D_ungated_contribution,2,3,2,0.0,any_change,1.0,0.5,0.5,0.6666666666666666,0.5,0.3333333333333333,0,5,test,404
all_alfworld,all,P_int,1,3,2,0.0,any_change,0.0,0.0,0.0,0.0,-0.5,-0.3333333333333333,0,5,test,404
all_alfworld,all,P_int,2,3,2,0.0,any_change,1.0,0.5,0.5,0.6666666666666666,-0.5,-0.3333333333333333,0,5,test,404
all_alfworld,all,activation_l16_norm,1,3,2,0.0,any_change,1.0,1.0,0.5,0.3333333333333333,0.5,0.3333333333333333,0,5,test,404
all_alfworld,all,activation_l16_norm,2,3,2,0.0,any_change,2.0,1.0,1.0,1.0,0.5,0.3333333333333333,0,5,test,404
all_alfworld,all,activation_l24_norm,1,3,2,0.0,any_change,1.0,1.0,0.5,0.3333333333333333,0.5,0.3333333333333333,0,5,test,404
all_alfworld,all,activation_l24_norm,2,3,2,0.0,any_change,2.0,1.0,1.0,1.0,0.5,0.3333333333333333,0,5,test,404
all_alfworld,all,activation_l32_norm,1,3,2,0.0,any_change,1.0,1.0,0.5,0.3333333333333333,0.5,0.3333333333333333,0,5,test,404
all_alfworld,all,activation_l32_norm,2,3,2,0.0,any_change,2.0,1.0,1.0,1.0,0.5,0.3333333333333333,0,5,test,404
all_alfworld,all,activation_l8_norm,1,3,2,0.0,any_change,1.0,1.0,0.5,0.3333333333333333,0.5,0.3333333333333333,0,5,test,404
all_alfworld,all,activation_l8_norm,2,3,2,0.0,any_change,2.0,1.0,1.0,1.0,0.5,0.3333333333333333,0,5,test,404
all_alfworld,all,delta_centered_norm,1,3,2,0.0,any_change,1.0,1.0,0.5,0.6666666666666666,1.0,1.0,0,5,test,404
all_alfworld,all,delta_centered_norm,2,3,2,0.0,any_change,2.0,1.0,1.0,1.0,1.0,1.0,0,5,test,404
all_alfworld,all,delta_norm,1,3,2,0.0,any_change,1.0,1.0,0.5,0.6666666666666666,1.0,1.0,0,5,test,404
all_alfworld,all,delta_norm,2,3,2,0.0,any_change,2.0,1.0,1.0,1.0,1.0,1.0,0,5,test,404
all_alfworld,all,forward_kl_original,1,3,2,0.0,any_change,1.0,1.0,0.5,0.3333333333333333,-0.5,-0.3333333333333333,0,5,test,404
all_alfworld,all,forward_kl_original,2,3,2,0.0,any_change,1.0,0.5,0.5,0.3333333333333333,-0.5,-0.3333333333333333,0,5,test,404
all_alfworld,all,js_original,1,3,2,0.0,any_change,1.0,1.0,0.5,0.3333333333333333,0.5,0.3333333333333333,0,5,test,404
all_alfworld,all,js_original,2,3,2,0.0,any_change,2.0,1.0,1.0,1.0,0.5,0.3333333333333333,0,5,test,404
all_alfworld,all,old_margin,1,3,2,0.0,any_change,1.0,1.0,0.5,0.6666666666666666,1.0,1.0,0,5,test,404
all_alfworld,all,old_margin,2,3,2,0.0,any_change,2.0,1.0,1.0,1.0,1.0,1.0,0,5,test,404
all_alfworld,all,u_control_norm,1,3,2,0.0,any_change,0.0,0.0,0.0,0.0,-0.5,-0.3333333333333333,0,5,test,404
all_alfworld,all,u_control_norm,2,3,2,0.0,any_change,1.0,0.5,0.5,0.6666666666666666,-0.5,-0.3333333333333333,0,5,test,404
all_alfworld,all,u_original_norm,1,3,2,0.0,any_change,1.0,1.0,0.5,0.6666666666666666,0.5,0.3333333333333333,0,5,test,404
all_alfworld,all,u_original_norm,2,3,2,0.0,any_change,1.0,0.5,0.5,0.6666666666666666,0.5,0.3333333333333333,0,5,test,404
all_alfworld,all,random_expected,1,3,2,0.0,any_change,0.6666666666666666,0.6666666666666666,0.3333333333333333,0.3333333333333333,,,0,5,test,404
all_alfworld,all,random_expected,2,3,2,0.0,any_change,1.3333333333333333,0.6666666666666666,0.6666666666666666,0.6666666666666666,,,0,5,test,404
all_alfworld,all,C_upd,1,3,1,0.05,any_change,0.0,0.0,0.0,0.3333333333333333,0.5,0.3333333333333333,0,5,test,404
all_alfworld,all,C_upd,2,3,1,0.05,any_change,1.0,0.5,1.0,1.0,0.5,0.3333333333333333,0,5,test,404
all_alfworld,all,D_contribution,1,3,1,0.05,any_change,1.0,1.0,1.0,0.6666666666666666,0.5,0.3333333333333333,0,5,test,404
all_alfworld,all,D_contribution,2,3,1,0.05,any_change,1.0,0.5,1.0,0.6666666666666666,0.5,0.3333333333333333,0,5,test,404
all_alfworld,all,D_ungated_contribution,1,3,1,0.05,any_change,1.0,1.0,1.0,0.6666666666666666,0.5,0.3333333333333333,0,5,test,404
all_alfworld,all,D_ungated_contribution,2,3,1,0.05,any_change,1.0,0.5,1.0,0.6666666666666666,0.5,0.3333333333333333,0,5,test,404
all_alfworld,all,P_int,1,3,1,0.05,any_change,0.0,0.0,0.0,0.0,-0.5,-0.3333333333333333,0,5,test,404
all_alfworld,all,P_int,2,3,1,0.05,any_change,1.0,0.5,1.0,0.6666666666666666,-0.5,-0.3333333333333333,0,5,test,404
all_alfworld,all,activation_l16_norm,1,3,1,0.05,any_change,0.0,0.0,0.0,0.3333333333333333,0.5,0.3333333333333333,0,5,test,404
all_alfworld,all,activation_l16_norm,2,3,1,0.05,any_change,1.0,0.5,1.0,1.0,0.5,0.3333333333333333,0,5,test,404
all_alfworld,all,activation_l24_norm,1,3,1,0.05,any_change,0.0,0.0,0.0,0.3333333333333333,0.5,0.3333333333333333,0,5,test,404
all_alfworld,all,activation_l24_norm,2,3,1,0.05,any_change,1.0,0.5,1.0,1.0,0.5,0.3333333333333333,0,5,test,404
all_alfworld,all,activation_l32_norm,1,3,1,0.05,any_change,0.0,0.0,0.0,0.3333333333333333,0.5,0.3333333333333333,0,5,test,404
all_alfworld,all,activation_l32_norm,2,3,1,0.05,any_change,1.0,0.5,1.0,1.0,0.5,0.3333333333333333,0,5,test,404
all_alfworld,all,activation_l8_norm,1,3,1,0.05,any_change,0.0,0.0,0.0,0.3333333333333333,0.5,0.3333333333333333,0,5,test,404
all_alfworld,all,activation_l8_norm,2,3,1,0.05,any_change,1.0,0.5,1.0,1.0,0.5,0.3333333333333333,0,5,test,404
all_alfworld,all,delta_centered_norm,1,3,1,0.05,any_change,1.0,1.0,1.0,0.6666666666666666,1.0,1.0,0,5,test,404
all_alfworld,all,delta_centered_norm,2,3,1,0.05,any_change,1.0,0.5,1.0,1.0,1.0,1.0,0,5,test,404
all_alfworld,all,delta_norm,1,3,1,0.05,any_change,1.0,1.0,1.0,0.6666666666666666,1.0,1.0,0,5,test,404
all_alfworld,all,delta_norm,2,3,1,0.05,any_change,1.0,0.5,1.0,1.0,1.0,1.0,0,5,test,404
all_alfworld,all,forward_kl_original,1,3,1,0.05,any_change,0.0,0.0,0.0,0.3333333333333333,-0.5,-0.3333333333333333,0,5,test,404
all_alfworld,all,forward_kl_original,2,3,1,0.05,any_change,0.0,0.0,0.0,0.3333333333333333,-0.5,-0.3333333333333333,0,5,test,404
all_alfworld,all,js_original,1,3,1,0.05,any_change,0.0,0.0,0.0,0.3333333333333333,0.5,0.3333333333333333,0,5,test,404
all_alfworld,all,js_original,2,3,1,0.05,any_change,1.0,0.5,1.0,1.0,0.5,0.3333333333333333,0,5,test,404
all_alfworld,all,old_margin,1,3,1,0.05,any_change,1.0,1.0,1.0,0.6666666666666666,1.0,1.0,0,5,test,404
all_alfworld,all,old_margin,2,3,1,0.05,any_change,1.0,0.5,1.0,1.0,1.0,1.0,0,5,test,404
all_alfworld,all,u_control_norm,1,3,1,0.05,any_change,0.0,0.0,0.0,0.0,-0.5,-0.3333333333333333,0,5,test,404
all_alfworld,all,u_control_norm,2,3,1,0.05,any_change,1.0,0.5,1.0,0.6666666666666666,-0.5,-0.3333333333333333,0,5,test,404
all_alfworld,all,u_original_norm,1,3,1,0.05,any_change,1.0,1.0,1.0,0.6666666666666666,0.5,0.3333333333333333,0,5,test,404
all_alfworld,all,u_original_norm,2,3,1,0.05,any_change,1.0,0.5,1.0,0.6666666666666666,0.5,0.3333333333333333,0,5,test,404
all_alfworld,all,random_expected,1,3,1,0.05,any_change,0.3333333333333333,0.3333333333333333,0.3333333333333333,0.3333333333333333,,,0,5,test,404
all_alfworld,all,random_expected,2,3,1,0.05,any_change,0.6666666666666666,0.3333333333333333,0.6666666666666666,0.6666666666666666,,,0,5,test,404
all_alfworld,early,C_upd,1,2,1,0.0,decline,0.0,0.0,0.0,0.0,-1.0,-1.0,0,5,test,404
all_alfworld,early,C_upd,2,2,1,0.0,decline,1.0,0.5,1.0,1.0,-1.0,-1.0,0,5,test,404
all_alfworld,early,D_contribution,1,2,1,0.0,decline,1.0,1.0,1.0,1.0,1.0,1.0,0,5,test,404
all_alfworld,early,D_contribution,2,2,1,0.0,decline,1.0,0.5,1.0,1.0,1.0,1.0,0,5,test,404
all_alfworld,early,D_ungated_contribution,1,2,1,0.0,decline,0.0,0.0,0.0,0.0,-1.0,-1.0,0,5,test,404
all_alfworld,early,D_ungated_contribution,2,2,1,0.0,decline,1.0,0.5,1.0,1.0,-1.0,-1.0,0,5,test,404
all_alfworld,early,P_int,1,2,1,0.0,decline,1.0,1.0,1.0,1.0,1.0,1.0,0,5,test,404
all_alfworld,early,P_int,2,2,1,0.0,decline,1.0,0.5,1.0,1.0,1.0,1.0,0,5,test,404
all_alfworld,early,activation_l16_norm,1,2,1,0.0,decline,0.0,0.0,0.0,0.0,-1.0,-1.0,0,5,test,404
all_alfworld,early,activation_l16_norm,2,2,1,0.0,decline,1.0,0.5,1.0,1.0,-1.0,-1.0,0,5,test,404
all_alfworld,early,activation_l24_norm,1,2,1,0.0,decline,1.0,1.0,1.0,1.0,1.0,1.0,0,5,test,404
all_alfworld,early,activation_l24_norm,2,2,1,0.0,decline,1.0,0.5,1.0,1.0,1.0,1.0,0,5,test,404
all_alfworld,early,activation_l32_norm,1,2,1,0.0,decline,0.0,0.0,0.0,0.0,-1.0,-1.0,0,5,test,404
all_alfworld,early,activation_l32_norm,2,2,1,0.0,decline,1.0,0.5,1.0,1.0,-1.0,-1.0,0,5,test,404
all_alfworld,early,activation_l8_norm,1,2,1,0.0,decline,0.0,0.0,0.0,0.0,-1.0,-1.0,0,5,test,404
all_alfworld,early,activation_l8_norm,2,2,1,0.0,decline,1.0,0.5,1.0,1.0,-1.0,-1.0,0,5,test,404
all_alfworld,early,delta_centered_norm,1,2,1,0.0,decline,0.0,0.0,0.0,0.0,-1.0,-1.0,0,5,test,404
all_alfworld,early,delta_centered_norm,2,2,1,0.0,decline,1.0,0.5,1.0,1.0,-1.0,-1.0,0,5,test,404
all_alfworld,early,delta_norm,1,2,1,0.0,decline,1.0,1.0,1.0,1.0,1.0,1.0,0,5,test,404
all_alfworld,early,delta_norm,2,2,1,0.0,decline,1.0,0.5,1.0,1.0,1.0,1.0,0,5,test,404
all_alfworld,early,forward_kl_original,1,2,1,0.0,decline,0.0,0.0,0.0,0.0,-1.0,-1.0,0,5,test,404
all_alfworld,early,forward_kl_original,2,2,1,0.0,decline,1.0,0.5,1.0,1.0,-1.0,-1.0,0,5,test,404
all_alfworld,early,js_original,1,2,1,0.0,decline,1.0,1.0,1.0,1.0,1.0,1.0,0,5,test,404
all_alfworld,early,js_original,2,2,1,0.0,decline,1.0,0.5,1.0,1.0,1.0,1.0,0,5,test,404
all_alfworld,early,old_margin,1,2,1,0.0,decline,1.0,1.0,1.0,1.0,1.0,1.0,0,5,test,404
all_alfworld,early,old_margin,2,2,1,0.0,decline,1.0,0.5,1.0,1.0,1.0,1.0,0,5,test,404
all_alfworld,early,u_control_norm,1,2,1,0.0,decline,0.0,0.0,0.0,0.0,-1.0,-1.0,0,5,test,404
all_alfworld,early,u_control_norm,2,2,1,0.0,decline,1.0,0.5,1.0,1.0,-1.0,-1.0,0,5,test,404
all_alfworld,early,u_original_norm,1,2,1,0.0,decline,1.0,1.0,1.0,1.0,1.0,1.0,0,5,test,404
all_alfworld,early,u_original_norm,2,2,1,0.0,decline,1.0,0.5,1.0,1.0,1.0,1.0,0,5,test,404
all_alfworld,early,random_expected,1,2,1,0.0,decline,0.5,0.5,0.5,0.5,,,0,5,test,404
all_alfworld,early,random_expected,2,2,1,0.0,decline,1.0,0.5,1.0,1.0,,,0,5,test,404
all_alfworld,early,C_upd,1,2,1,0.05,decline,0.0,0.0,0.0,0.0,-1.0,-1.0,0,5,test,404
all_alfworld,early,C_upd,2,2,1,0.05,decline,1.0,0.5,1.0,1.0,-1.0,-1.0,0,5,test,404
all_alfworld,early,D_contribution,1,2,1,0.05,decline,1.0,1.0,1.0,1.0,1.0,1.0,0,5,test,404
all_alfworld,early,D_contribution,2,2,1,0.05,decline,1.0,0.5,1.0,1.0,1.0,1.0,0,5,test,404
all_alfworld,early,D_ungated_contribution,1,2,1,0.05,decline,0.0,0.0,0.0,0.0,-1.0,-1.0,0,5,test,404
all_alfworld,early,D_ungated_contribution,2,2,1,0.05,decline,1.0,0.5,1.0,1.0,-1.0,-1.0,0,5,test,404
all_alfworld,early,P_int,1,2,1,0.05,decline,1.0,1.0,1.0,1.0,1.0,1.0,0,5,test,404
all_alfworld,early,P_int,2,2,1,0.05,decline,1.0,0.5,1.0,1.0,1.0,1.0,0,5,test,404
all_alfworld,early,activation_l16_norm,1,2,1,0.05,decline,0.0,0.0,0.0,0.0,-1.0,-1.0,0,5,test,404
all_alfworld,early,activation_l16_norm,2,2,1,0.05,decline,1.0,0.5,1.0,1.0,-1.0,-1.0,0,5,test,404
all_alfworld,early,activation_l24_norm,1,2,1,0.05,decline,1.0,1.0,1.0,1.0,1.0,1.0,0,5,test,404
all_alfworld,early,activation_l24_norm,2,2,1,0.05,decline,1.0,0.5,1.0,1.0,1.0,1.0,0,5,test,404
all_alfworld,early,activation_l32_norm,1,2,1,0.05,decline,0.0,0.0,0.0,0.0,-1.0,-1.0,0,5,test,404
all_alfworld,early,activation_l32_norm,2,2,1,0.05,decline,1.0,0.5,1.0,1.0,-1.0,-1.0,0,5,test,404
all_alfworld,early,activation_l8_norm,1,2,1,0.05,decline,0.0,0.0,0.0,0.0,-1.0,-1.0,0,5,test,404
all_alfworld,early,activation_l8_norm,2,2,1,0.05,decline,1.0,0.5,1.0,1.0,-1.0,-1.0,0,5,test,404
all_alfworld,early,delta_centered_norm,1,2,1,0.05,decline,0.0,0.0,0.0,0.0,-1.0,-1.0,0,5,test,404
all_alfworld,early,delta_centered_norm,2,2,1,0.05,decline,1.0,0.5,1.0,1.0,-1.0,-1.0,0,5,test,404
all_alfworld,early,delta_norm,1,2,1,0.05,decline,1.0,1.0,1.0,1.0,1.0,1.0,0,5,test,404
all_alfworld,early,delta_norm,2,2,1,0.05,decline,1.0,0.5,1.0,1.0,1.0,1.0,0,5,test,404
all_alfworld,early,forward_kl_original,1,2,1,0.05,decline,0.0,0.0,0.0,0.0,-1.0,-1.0,0,5,test,404
all_alfworld,early,forward_kl_original,2,2,1,0.05,decline,1.0,0.5,1.0,1.0,-1.0,-1.0,0,5,test,404
all_alfworld,early,js_original,1,2,1,0.05,decline,1.0,1.0,1.0,1.0,1.0,1.0,0,5,test,404
all_alfworld,early,js_original,2,2,1,0.05,decline,1.0,0.5,1.0,1.0,1.0,1.0,0,5,test,404
all_alfworld,early,old_margin,1,2,1,0.05,decline,1.0,1.0,1.0,1.0,1.0,1.0,0,5,test,404
all_alfworld,early,old_margin,2,2,1,0.05,decline,1.0,0.5,1.0,1.0,1.0,1.0,0,5,test,404
all_alfworld,early,u_control_norm,1,2,1,0.05,decline,0.0,0.0,0.0,0.0,-1.0,-1.0,0,5,test,404
all_alfworld,early,u_control_norm,2,2,1,0.05,decline,1.0,0.5,1.0,1.0,-1.0,-1.0,0,5,test,404
all_alfworld,early,u_original_norm,1,2,1,0.05,decline,1.0,1.0,1.0,1.0,1.0,1.0,0,5,test,404
all_alfworld,early,u_original_norm,2,2,1,0.05,decline,1.0,0.5,1.0,1.0,1.0,1.0,0,5,test,404
all_alfworld,early,random_expected,1,2,1,0.05,decline,0.5,0.5,0.5,0.5,,,0,5,test,404
all_alfworld,early,random_expected,2,2,1,0.05,decline,1.0,0.5,1.0,1.0,,,0,5,test,404
all_alfworld,early,C_upd,1,2,2,0.0,any_change,1.0,1.0,0.5,0.3636363636363636,-1.0,-1.0,0,5,test,404
all_alfworld,early,C_upd,2,2,2,0.0,any_change,2.0,1.0,1.0,1.0,-1.0,-1.0,0,5,test,404
all_alfworld,early,D_contribution,1,2,2,0.0,any_change,1.0,1.0,0.5,0.6363636363636364,1.0,1.0,0,5,test,404
all_alfworld,early,D_contribution,2,2,2,0.0,any_change,2.0,1.0,1.0,1.0,1.0,1.0,0,5,test,404
all_alfworld,early,D_ungated_contribution,1,2,2,0.0,any_change,1.0,1.0,0.5,0.3636363636363636,-1.0,-1.0,0,5,test,404
all_alfworld,early,D_ungated_contribution,2,2,2,0.0,any_change,2.0,1.0,1.0,1.0,-1.0,-1.0,0,5,test,404
all_alfworld,early,P_int,1,2,2,0.0,any_change,1.0,1.0,0.5,0.6363636363636364,1.0,1.0,0,5,test,404
all_alfworld,early,P_int,2,2,2,0.0,any_change,2.0,1.0,1.0,1.0,1.0,1.0,0,5,test,404
all_alfworld,early,activation_l16_norm,1,2,2,0.0,any_change,1.0,1.0,0.5,0.3636363636363636,-1.0,-1.0,0,5,test,404
all_alfworld,early,activation_l16_norm,2,2,2,0.0,any_change,2.0,1.0,1.0,1.0,-1.0,-1.0,0,5,test,404
all_alfworld,early,activation_l24_norm,1,2,2,0.0,any_change,1.0,1.0,0.5,0.6363636363636364,1.0,1.0,0,5,test,404
all_alfworld,early,activation_l24_norm,2,2,2,0.0,any_change,2.0,1.0,1.0,1.0,1.0,1.0,0,5,test,404
all_alfworld,early,activation_l32_norm,1,2,2,0.0,any_change,1.0,1.0,0.5,0.3636363636363636,-1.0,-1.0,0,5,test,404
all_alfworld,early,activation_l32_norm,2,2,2,0.0,any_change,2.0,1.0,1.0,1.0,-1.0,-1.0,0,5,test,404
all_alfworld,early,activation_l8_norm,1,2,2,0.0,any_change,1.0,1.0,0.5,0.3636363636363636,-1.0,-1.0,0,5,test,404
all_alfworld,early,activation_l8_norm,2,2,2,0.0,any_change,2.0,1.0,1.0,1.0,-1.0,-1.0,0,5,test,404
all_alfworld,early,delta_centered_norm,1,2,2,0.0,any_change,1.0,1.0,0.5,0.3636363636363636,-1.0,-1.0,0,5,test,404
all_alfworld,early,delta_centered_norm,2,2,2,0.0,any_change,2.0,1.0,1.0,1.0,-1.0,-1.0,0,5,test,404
all_alfworld,early,delta_norm,1,2,2,0.0,any_change,1.0,1.0,0.5,0.6363636363636364,1.0,1.0,0,5,test,404
all_alfworld,early,delta_norm,2,2,2,0.0,any_change,2.0,1.0,1.0,1.0,1.0,1.0,0,5,test,404
all_alfworld,early,forward_kl_original,1,2,2,0.0,any_change,1.0,1.0,0.5,0.3636363636363636,-1.0,-1.0,0,5,test,404
all_alfworld,early,forward_kl_original,2,2,2,0.0,any_change,2.0,1.0,1.0,1.0,-1.0,-1.0,0,5,test,404
all_alfworld,early,js_original,1,2,2,0.0,any_change,1.0,1.0,0.5,0.6363636363636364,1.0,1.0,0,5,test,404
all_alfworld,early,js_original,2,2,2,0.0,any_change,2.0,1.0,1.0,1.0,1.0,1.0,0,5,test,404
all_alfworld,early,old_margin,1,2,2,0.0,any_change,1.0,1.0,0.5,0.6363636363636364,1.0,1.0,0,5,test,404
all_alfworld,early,old_margin,2,2,2,0.0,any_change,2.0,1.0,1.0,1.0,1.0,1.0,0,5,test,404
all_alfworld,early,u_control_norm,1,2,2,0.0,any_change,1.0,1.0,0.5,0.3636363636363636,-1.0,-1.0,0,5,test,404
all_alfworld,early,u_control_norm,2,2,2,0.0,any_change,2.0,1.0,1.0,1.0,-1.0,-1.0,0,5,test,404
all_alfworld,early,u_original_norm,1,2,2,0.0,any_change,1.0,1.0,0.5,0.6363636363636364,1.0,1.0,0,5,test,404
all_alfworld,early,u_original_norm,2,2,2,0.0,any_change,2.0,1.0,1.0,1.0,1.0,1.0,0,5,test,404
all_alfworld,early,random_expected,1,2,2,0.0,any_change,1.0,1.0,0.5,0.5,,,0,5,test,404
all_alfworld,early,random_expected,2,2,2,0.0,any_change,2.0,1.0,1.0,1.0,,,0,5,test,404
all_alfworld,early,C_upd,1,2,2,0.05,any_change,1.0,1.0,0.5,0.3636363636363636,-1.0,-1.0,0,5,test,404
all_alfworld,early,C_upd,2,2,2,0.05,any_change,2.0,1.0,1.0,1.0,-1.0,-1.0,0,5,test,404
all_alfworld,early,D_contribution,1,2,2,0.05,any_change,1.0,1.0,0.5,0.6363636363636364,1.0,1.0,0,5,test,404
all_alfworld,early,D_contribution,2,2,2,0.05,any_change,2.0,1.0,1.0,1.0,1.0,1.0,0,5,test,404
all_alfworld,early,D_ungated_contribution,1,2,2,0.05,any_change,1.0,1.0,0.5,0.3636363636363636,-1.0,-1.0,0,5,test,404
all_alfworld,early,D_ungated_contribution,2,2,2,0.05,any_change,2.0,1.0,1.0,1.0,-1.0,-1.0,0,5,test,404
all_alfworld,early,P_int,1,2,2,0.05,any_change,1.0,1.0,0.5,0.6363636363636364,1.0,1.0,0,5,test,404
all_alfworld,early,P_int,2,2,2,0.05,any_change,2.0,1.0,1.0,1.0,1.0,1.0,0,5,test,404
all_alfworld,early,activation_l16_norm,1,2,2,0.05,any_change,1.0,1.0,0.5,0.3636363636363636,-1.0,-1.0,0,5,test,404
all_alfworld,early,activation_l16_norm,2,2,2,0.05,any_change,2.0,1.0,1.0,1.0,-1.0,-1.0,0,5,test,404
all_alfworld,early,activation_l24_norm,1,2,2,0.05,any_change,1.0,1.0,0.5,0.6363636363636364,1.0,1.0,0,5,test,404
all_alfworld,early,activation_l24_norm,2,2,2,0.05,any_change,2.0,1.0,1.0,1.0,1.0,1.0,0,5,test,404
all_alfworld,early,activation_l32_norm,1,2,2,0.05,any_change,1.0,1.0,0.5,0.3636363636363636,-1.0,-1.0,0,5,test,404
all_alfworld,early,activation_l32_norm,2,2,2,0.05,any_change,2.0,1.0,1.0,1.0,-1.0,-1.0,0,5,test,404
all_alfworld,early,activation_l8_norm,1,2,2,0.05,any_change,1.0,1.0,0.5,0.3636363636363636,-1.0,-1.0,0,5,test,404
all_alfworld,early,activation_l8_norm,2,2,2,0.05,any_change,2.0,1.0,1.0,1.0,-1.0,-1.0,0,5,test,404
all_alfworld,early,delta_centered_norm,1,2,2,0.05,any_change,1.0,1.0,0.5,0.3636363636363636,-1.0,-1.0,0,5,test,404
all_alfworld,early,delta_centered_norm,2,2,2,0.05,any_change,2.0,1.0,1.0,1.0,-1.0,-1.0,0,5,test,404
all_alfworld,early,delta_norm,1,2,2,0.05,any_change,1.0,1.0,0.5,0.6363636363636364,1.0,1.0,0,5,test,404
all_alfworld,early,delta_norm,2,2,2,0.05,any_change,2.0,1.0,1.0,1.0,1.0,1.0,0,5,test,404
all_alfworld,early,forward_kl_original,1,2,2,0.05,any_change,1.0,1.0,0.5,0.3636363636363636,-1.0,-1.0,0,5,test,404
all_alfworld,early,forward_kl_original,2,2,2,0.05,any_change,2.0,1.0,1.0,1.0,-1.0,-1.0,0,5,test,404
all_alfworld,early,js_original,1,2,2,0.05,any_change,1.0,1.0,0.5,0.6363636363636364,1.0,1.0,0,5,test,404
all_alfworld,early,js_original,2,2,2,0.05,any_change,2.0,1.0,1.0,1.0,1.0,1.0,0,5,test,404
all_alfworld,early,old_margin,1,2,2,0.05,any_change,1.0,1.0,0.5,0.6363636363636364,1.0,1.0,0,5,test,404
all_alfworld,early,old_margin,2,2,2,0.05,any_change,2.0,1.0,1.0,1.0,1.0,1.0,0,5,test,404
all_alfworld,early,u_control_norm,1,2,2,0.05,any_change,1.0,1.0,0.5,0.3636363636363636,-1.0,-1.0,0,5,test,404
all_alfworld,early,u_control_norm,2,2,2,0.05,any_change,2.0,1.0,1.0,1.0,-1.0,-1.0,0,5,test,404
all_alfworld,early,u_original_norm,1,2,2,0.05,any_change,1.0,1.0,0.5,0.6363636363636364,1.0,1.0,0,5,test,404
all_alfworld,early,u_original_norm,2,2,2,0.05,any_change,2.0,1.0,1.0,1.0,1.0,1.0,0,5,test,404
all_alfworld,early,random_expected,1,2,2,0.05,any_change,1.0,1.0,0.5,0.5,,,0,5,test,404
all_alfworld,early,random_expected,2,2,2,0.05,any_change,2.0,1.0,1.0,1.0,,,0,5,test,404
all_alfworld,initial,C_upd,1,1,0,0.0,decline,0.0,0.0,,,,,0,5,test,404
all_alfworld,initial,D_contribution,1,1,0,0.0,decline,0.0,0.0,,,,,0,5,test,404
all_alfworld,initial,D_ungated_contribution,1,1,0,0.0,decline,0.0,0.0,,,,,0,5,test,404
all_alfworld,initial,P_int,1,1,0,0.0,decline,0.0,0.0,,,,,0,5,test,404
all_alfworld,initial,activation_l16_norm,1,1,0,0.0,decline,0.0,0.0,,,,,0,5,test,404
all_alfworld,initial,activation_l24_norm,1,1,0,0.0,decline,0.0,0.0,,,,,0,5,test,404
all_alfworld,initial,activation_l32_norm,1,1,0,0.0,decline,0.0,0.0,,,,,0,5,test,404
all_alfworld,initial,activation_l8_norm,1,1,0,0.0,decline,0.0,0.0,,,,,0,5,test,404
all_alfworld,initial,delta_centered_norm,1,1,0,0.0,decline,0.0,0.0,,,,,0,5,test,404
all_alfworld,initial,delta_norm,1,1,0,0.0,decline,0.0,0.0,,,,,0,5,test,404
all_alfworld,initial,forward_kl_original,1,1,0,0.0,decline,0.0,0.0,,,,,0,5,test,404
all_alfworld,initial,js_original,1,1,0,0.0,decline,0.0,0.0,,,,,0,5,test,404
all_alfworld,initial,old_margin,1,1,0,0.0,decline,0.0,0.0,,,,,0,5,test,404
all_alfworld,initial,u_control_norm,1,1,0,0.0,decline,0.0,0.0,,,,,0,5,test,404
all_alfworld,initial,u_original_norm,1,1,0,0.0,decline,0.0,0.0,,,,,0,5,test,404
all_alfworld,initial,random_expected,1,1,0,0.0,decline,0.0,0.0,,,,,0,5,test,404
all_alfworld,initial,C_upd,1,1,0,0.05,decline,0.0,0.0,,,,,0,5,test,404
all_alfworld,initial,D_contribution,1,1,0,0.05,decline,0.0,0.0,,,,,0,5,test,404
all_alfworld,initial,D_ungated_contribution,1,1,0,0.05,decline,0.0,0.0,,,,,0,5,test,404
all_alfworld,initial,P_int,1,1,0,0.05,decline,0.0,0.0,,,,,0,5,test,404
all_alfworld,initial,activation_l16_norm,1,1,0,0.05,decline,0.0,0.0,,,,,0,5,test,404
all_alfworld,initial,activation_l24_norm,1,1,0,0.05,decline,0.0,0.0,,,,,0,5,test,404
all_alfworld,initial,activation_l32_norm,1,1,0,0.05,decline,0.0,0.0,,,,,0,5,test,404
all_alfworld,initial,activation_l8_norm,1,1,0,0.05,decline,0.0,0.0,,,,,0,5,test,404
all_alfworld,initial,delta_centered_norm,1,1,0,0.05,decline,0.0,0.0,,,,,0,5,test,404
all_alfworld,initial,delta_norm,1,1,0,0.05,decline,0.0,0.0,,,,,0,5,test,404
all_alfworld,initial,forward_kl_original,1,1,0,0.05,decline,0.0,0.0,,,,,0,5,test,404
all_alfworld,initial,js_original,1,1,0,0.05,decline,0.0,0.0,,,,,0,5,test,404
all_alfworld,initial,old_margin,1,1,0,0.05,decline,0.0,0.0,,,,,0,5,test,404
all_alfworld,initial,u_control_norm,1,1,0,0.05,decline,0.0,0.0,,,,,0,5,test,404
all_alfworld,initial,u_original_norm,1,1,0,0.05,decline,0.0,0.0,,,,,0,5,test,404
all_alfworld,initial,random_expected,1,1,0,0.05,decline,0.0,0.0,,,,,0,5,test,404
all_alfworld,initial,C_upd,1,1,0,0.0,any_change,0.0,0.0,,,,,0,5,test,404
all_alfworld,initial,D_contribution,1,1,0,0.0,any_change,0.0,0.0,,,,,0,5,test,404
all_alfworld,initial,D_ungated_contribution,1,1,0,0.0,any_change,0.0,0.0,,,,,0,5,test,404
all_alfworld,initial,P_int,1,1,0,0.0,any_change,0.0,0.0,,,,,0,5,test,404
all_alfworld,initial,activation_l16_norm,1,1,0,0.0,any_change,0.0,0.0,,,,,0,5,test,404
all_alfworld,initial,activation_l24_norm,1,1,0,0.0,any_change,0.0,0.0,,,,,0,5,test,404
all_alfworld,initial,activation_l32_norm,1,1,0,0.0,any_change,0.0,0.0,,,,,0,5,test,404
all_alfworld,initial,activation_l8_norm,1,1,0,0.0,any_change,0.0,0.0,,,,,0,5,test,404
all_alfworld,initial,delta_centered_norm,1,1,0,0.0,any_change,0.0,0.0,,,,,0,5,test,404
all_alfworld,initial,delta_norm,1,1,0,0.0,any_change,0.0,0.0,,,,,0,5,test,404
all_alfworld,initial,forward_kl_original,1,1,0,0.0,any_change,0.0,0.0,,,,,0,5,test,404
all_alfworld,initial,js_original,1,1,0,0.0,any_change,0.0,0.0,,,,,0,5,test,404
all_alfworld,initial,old_margin,1,1,0,0.0,any_change,0.0,0.0,,,,,0,5,test,404
all_alfworld,initial,u_control_norm,1,1,0,0.0,any_change,0.0,0.0,,,,,0,5,test,404
all_alfworld,initial,u_original_norm,1,1,0,0.0,any_change,0.0,0.0,,,,,0,5,test,404
all_alfworld,initial,random_expected,1,1,0,0.0,any_change,0.0,0.0,,,,,0,5,test,404
all_alfworld,initial,C_upd,1,1,0,0.05,any_change,0.0,0.0,,,,,0,5,test,404
all_alfworld,initial,D_contribution,1,1,0,0.05,any_change,0.0,0.0,,,,,0,5,test,404
all_alfworld,initial,D_ungated_contribution,1,1,0,0.05,any_change,0.0,0.0,,,,,0,5,test,404
all_alfworld,initial,P_int,1,1,0,0.05,any_change,0.0,0.0,,,,,0,5,test,404
all_alfworld,initial,activation_l16_norm,1,1,0,0.05,any_change,0.0,0.0,,,,,0,5,test,404
all_alfworld,initial,activation_l24_norm,1,1,0,0.05,any_change,0.0,0.0,,,,,0,5,test,404
all_alfworld,initial,activation_l32_norm,1,1,0,0.05,any_change,0.0,0.0,,,,,0,5,test,404
all_alfworld,initial,activation_l8_norm,1,1,0,0.05,any_change,0.0,0.0,,,,,0,5,test,404
all_alfworld,initial,delta_centered_norm,1,1,0,0.05,any_change,0.0,0.0,,,,,0,5,test,404
all_alfworld,initial,delta_norm,1,1,0,0.05,any_change,0.0,0.0,,,,,0,5,test,404
all_alfworld,initial,forward_kl_original,1,1,0,0.05,any_change,0.0,0.0,,,,,0,5,test,404
all_alfworld,initial,js_original,1,1,0,0.05,any_change,0.0,0.0,,,,,0,5,test,404
all_alfworld,initial,old_margin,1,1,0,0.05,any_change,0.0,0.0,,,,,0,5,test,404
all_alfworld,initial,u_control_norm,1,1,0,0.05,any_change,0.0,0.0,,,,,0,5,test,404
all_alfworld,initial,u_original_norm,1,1,0,0.05,any_change,0.0,0.0,,,,,0,5,test,404
all_alfworld,initial,random_expected,1,1,0,0.05,any_change,0.0,0.0,,,,,0,5,test,404
all_alfworld,late,C_upd,1,1,0,0.0,decline,0.0,0.0,,,,,0,5,test,404
all_alfworld,late,D_contribution,1,1,0,0.0,decline,0.0,0.0,,,,,0,5,test,404
all_alfworld,late,D_ungated_contribution,1,1,0,0.0,decline,0.0,0.0,,,,,0,5,test,404
all_alfworld,late,P_int,1,1,0,0.0,decline,0.0,0.0,,,,,0,5,test,404
all_alfworld,late,activation_l16_norm,1,1,0,0.0,decline,0.0,0.0,,,,,0,5,test,404
all_alfworld,late,activation_l24_norm,1,1,0,0.0,decline,0.0,0.0,,,,,0,5,test,404
all_alfworld,late,activation_l32_norm,1,1,0,0.0,decline,0.0,0.0,,,,,0,5,test,404
all_alfworld,late,activation_l8_norm,1,1,0,0.0,decline,0.0,0.0,,,,,0,5,test,404
all_alfworld,late,delta_centered_norm,1,1,0,0.0,decline,0.0,0.0,,,,,0,5,test,404
all_alfworld,late,delta_norm,1,1,0,0.0,decline,0.0,0.0,,,,,0,5,test,404
all_alfworld,late,forward_kl_original,1,1,0,0.0,decline,0.0,0.0,,,,,0,5,test,404
all_alfworld,late,js_original,1,1,0,0.0,decline,0.0,0.0,,,,,0,5,test,404
all_alfworld,late,old_margin,1,1,0,0.0,decline,0.0,0.0,,,,,0,5,test,404
all_alfworld,late,u_control_norm,1,1,0,0.0,decline,0.0,0.0,,,,,0,5,test,404
all_alfworld,late,u_original_norm,1,1,0,0.0,decline,0.0,0.0,,,,,0,5,test,404
all_alfworld,late,random_expected,1,1,0,0.0,decline,0.0,0.0,,,,,0,5,test,404
all_alfworld,late,C_upd,1,1,0,0.05,decline,0.0,0.0,,,,,0,5,test,404
all_alfworld,late,D_contribution,1,1,0,0.05,decline,0.0,0.0,,,,,0,5,test,404
all_alfworld,late,D_ungated_contribution,1,1,0,0.05,decline,0.0,0.0,,,,,0,5,test,404
all_alfworld,late,P_int,1,1,0,0.05,decline,0.0,0.0,,,,,0,5,test,404
all_alfworld,late,activation_l16_norm,1,1,0,0.05,decline,0.0,0.0,,,,,0,5,test,404
all_alfworld,late,activation_l24_norm,1,1,0,0.05,decline,0.0,0.0,,,,,0,5,test,404
all_alfworld,late,activation_l32_norm,1,1,0,0.05,decline,0.0,0.0,,,,,0,5,test,404
all_alfworld,late,activation_l8_norm,1,1,0,0.05,decline,0.0,0.0,,,,,0,5,test,404
all_alfworld,late,delta_centered_norm,1,1,0,0.05,decline,0.0,0.0,,,,,0,5,test,404
all_alfworld,late,delta_norm,1,1,0,0.05,decline,0.0,0.0,,,,,0,5,test,404
all_alfworld,late,forward_kl_original,1,1,0,0.05,decline,0.0,0.0,,,,,0,5,test,404
all_alfworld,late,js_original,1,1,0,0.05,decline,0.0,0.0,,,,,0,5,test,404
all_alfworld,late,old_margin,1,1,0,0.05,decline,0.0,0.0,,,,,0,5,test,404
all_alfworld,late,u_control_norm,1,1,0,0.05,decline,0.0,0.0,,,,,0,5,test,404
all_alfworld,late,u_original_norm,1,1,0,0.05,decline,0.0,0.0,,,,,0,5,test,404
all_alfworld,late,random_expected,1,1,0,0.05,decline,0.0,0.0,,,,,0,5,test,404
all_alfworld,late,C_upd,1,1,0,0.0,any_change,0.0,0.0,,,,,0,5,test,404
all_alfworld,late,D_contribution,1,1,0,0.0,any_change,0.0,0.0,,,,,0,5,test,404
all_alfworld,late,D_ungated_contribution,1,1,0,0.0,any_change,0.0,0.0,,,,,0,5,test,404
all_alfworld,late,P_int,1,1,0,0.0,any_change,0.0,0.0,,,,,0,5,test,404
all_alfworld,late,activation_l16_norm,1,1,0,0.0,any_change,0.0,0.0,,,,,0,5,test,404
all_alfworld,late,activation_l24_norm,1,1,0,0.0,any_change,0.0,0.0,,,,,0,5,test,404
all_alfworld,late,activation_l32_norm,1,1,0,0.0,any_change,0.0,0.0,,,,,0,5,test,404
all_alfworld,late,activation_l8_norm,1,1,0,0.0,any_change,0.0,0.0,,,,,0,5,test,404
all_alfworld,late,delta_centered_norm,1,1,0,0.0,any_change,0.0,0.0,,,,,0,5,test,404
all_alfworld,late,delta_norm,1,1,0,0.0,any_change,0.0,0.0,,,,,0,5,test,404
all_alfworld,late,forward_kl_original,1,1,0,0.0,any_change,0.0,0.0,,,,,0,5,test,404
all_alfworld,late,js_original,1,1,0,0.0,any_change,0.0,0.0,,,,,0,5,test,404
all_alfworld,late,old_margin,1,1,0,0.0,any_change,0.0,0.0,,,,,0,5,test,404
all_alfworld,late,u_control_norm,1,1,0,0.0,any_change,0.0,0.0,,,,,0,5,test,404
all_alfworld,late,u_original_norm,1,1,0,0.0,any_change,0.0,0.0,,,,,0,5,test,404
all_alfworld,late,random_expected,1,1,0,0.0,any_change,0.0,0.0,,,,,0,5,test,404
all_alfworld,late,C_upd,1,1,0,0.05,any_change,0.0,0.0,,,,,0,5,test,404
all_alfworld,late,D_contribution,1,1,0,0.05,any_change,0.0,0.0,,,,,0,5,test,404
all_alfworld,late,D_ungated_contribution,1,1,0,0.05,any_change,0.0,0.0,,,,,0,5,test,404
all_alfworld,late,P_int,1,1,0,0.05,any_change,0.0,0.0,,,,,0,5,test,404
all_alfworld,late,activation_l16_norm,1,1,0,0.05,any_change,0.0,0.0,,,,,0,5,test,404
all_alfworld,late,activation_l24_norm,1,1,0,0.05,any_change,0.0,0.0,,,,,0,5,test,404
all_alfworld,late,activation_l32_norm,1,1,0,0.05,any_change,0.0,0.0,,,,,0,5,test,404
all_alfworld,late,activation_l8_norm,1,1,0,0.05,any_change,0.0,0.0,,,,,0,5,test,404
all_alfworld,late,delta_centered_norm,1,1,0,0.05,any_change,0.0,0.0,,,,,0,5,test,404
all_alfworld,late,delta_norm,1,1,0,0.05,any_change,0.0,0.0,,,,,0,5,test,404
all_alfworld,late,forward_kl_original,1,1,0,0.05,any_change,0.0,0.0,,,,,0,5,test,404
all_alfworld,late,js_original,1,1,0,0.05,any_change,0.0,0.0,,,,,0,5,test,404
all_alfworld,late,old_margin,1,1,0,0.05,any_change,0.0,0.0,,,,,0,5,test,404
all_alfworld,late,u_control_norm,1,1,0,0.05,any_change,0.0,0.0,,,,,0,5,test,404
all_alfworld,late,u_original_norm,1,1,0,0.05,any_change,0.0,0.0,,,,,0,5,test,404
all_alfworld,late,random_expected,1,1,0,0.05,any_change,0.0,0.0,,,,,0,5,test,404
all_alfworld,middle,C_upd,1,2,1,0.0,decline,1.0,1.0,1.0,1.0,1.0,1.0,0,5,test,404
all_alfworld,middle,C_upd,2,2,1,0.0,decline,1.0,0.5,1.0,1.0,1.0,1.0,0,5,test,404
all_alfworld,middle,D_contribution,1,2,1,0.0,decline,0.0,0.0,0.0,0.0,-1.0,-1.0,0,5,test,404
all_alfworld,middle,D_contribution,2,2,1,0.0,decline,1.0,0.5,1.0,1.0,-1.0,-1.0,0,5,test,404
all_alfworld,middle,D_ungated_contribution,1,2,1,0.0,decline,0.0,0.0,0.0,0.0,-1.0,-1.0,0,5,test,404
all_alfworld,middle,D_ungated_contribution,2,2,1,0.0,decline,1.0,0.5,1.0,1.0,-1.0,-1.0,0,5,test,404
all_alfworld,middle,P_int,1,2,1,0.0,decline,0.0,0.0,0.0,0.0,-1.0,-1.0,0,5,test,404
all_alfworld,middle,P_int,2,2,1,0.0,decline,1.0,0.5,1.0,1.0,-1.0,-1.0,0,5,test,404
all_alfworld,middle,activation_l16_norm,1,2,1,0.0,decline,1.0,1.0,1.0,1.0,1.0,1.0,0,5,test,404
all_alfworld,middle,activation_l16_norm,2,2,1,0.0,decline,1.0,0.5,1.0,1.0,1.0,1.0,0,5,test,404
all_alfworld,middle,activation_l24_norm,1,2,1,0.0,decline,1.0,1.0,1.0,1.0,1.0,1.0,0,5,test,404
all_alfworld,middle,activation_l24_norm,2,2,1,0.0,decline,1.0,0.5,1.0,1.0,1.0,1.0,0,5,test,404
all_alfworld,middle,activation_l32_norm,1,2,1,0.0,decline,1.0,1.0,1.0,1.0,1.0,1.0,0,5,test,404
all_alfworld,middle,activation_l32_norm,2,2,1,0.0,decline,1.0,0.5,1.0,1.0,1.0,1.0,0,5,test,404
all_alfworld,middle,activation_l8_norm,1,2,1,0.0,decline,1.0,1.0,1.0,1.0,1.0,1.0,0,5,test,404
all_alfworld,middle,activation_l8_norm,2,2,1,0.0,decline,1.0,0.5,1.0,1.0,1.0,1.0,0,5,test,404
all_alfworld,middle,delta_centered_norm,1,2,1,0.0,decline,1.0,1.0,1.0,1.0,1.0,1.0,0,5,test,404
all_alfworld,middle,delta_centered_norm,2,2,1,0.0,decline,1.0,0.5,1.0,1.0,1.0,1.0,0,5,test,404
all_alfworld,middle,delta_norm,1,2,1,0.0,decline,0.0,0.0,0.0,0.0,-1.0,-1.0,0,5,test,404
all_alfworld,middle,delta_norm,2,2,1,0.0,decline,1.0,0.5,1.0,1.0,-1.0,-1.0,0,5,test,404
all_alfworld,middle,forward_kl_original,1,2,1,0.0,decline,1.0,1.0,1.0,1.0,1.0,1.0,0,5,test,404
all_alfworld,middle,forward_kl_original,2,2,1,0.0,decline,1.0,0.5,1.0,1.0,1.0,1.0,0,5,test,404
all_alfworld,middle,js_original,1,2,1,0.0,decline,1.0,1.0,1.0,1.0,1.0,1.0,0,5,test,404
all_alfworld,middle,js_original,2,2,1,0.0,decline,1.0,0.5,1.0,1.0,1.0,1.0,0,5,test,404
all_alfworld,middle,old_margin,1,2,1,0.0,decline,1.0,1.0,1.0,1.0,1.0,1.0,0,5,test,404
all_alfworld,middle,old_margin,2,2,1,0.0,decline,1.0,0.5,1.0,1.0,1.0,1.0,0,5,test,404
all_alfworld,middle,u_control_norm,1,2,1,0.0,decline,0.0,0.0,0.0,0.0,-1.0,-1.0,0,5,test,404
all_alfworld,middle,u_control_norm,2,2,1,0.0,decline,1.0,0.5,1.0,1.0,-1.0,-1.0,0,5,test,404
all_alfworld,middle,u_original_norm,1,2,1,0.0,decline,0.0,0.0,0.0,0.0,-1.0,-1.0,0,5,test,404
all_alfworld,middle,u_original_norm,2,2,1,0.0,decline,1.0,0.5,1.0,1.0,-1.0,-1.0,0,5,test,404
all_alfworld,middle,random_expected,1,2,1,0.0,decline,0.5,0.5,0.5,0.5,,,0,5,test,404
all_alfworld,middle,random_expected,2,2,1,0.0,decline,1.0,0.5,1.0,1.0,,,0,5,test,404
all_alfworld,middle,C_upd,1,2,1,0.05,decline,1.0,1.0,1.0,1.0,1.0,1.0,0,5,test,404
all_alfworld,middle,C_upd,2,2,1,0.05,decline,1.0,0.5,1.0,1.0,1.0,1.0,0,5,test,404
all_alfworld,middle,D_contribution,1,2,1,0.05,decline,0.0,0.0,0.0,0.0,-1.0,-1.0,0,5,test,404
all_alfworld,middle,D_contribution,2,2,1,0.05,decline,1.0,0.5,1.0,1.0,-1.0,-1.0,0,5,test,404
all_alfworld,middle,D_ungated_contribution,1,2,1,0.05,decline,0.0,0.0,0.0,0.0,-1.0,-1.0,0,5,test,404
all_alfworld,middle,D_ungated_contribution,2,2,1,0.05,decline,1.0,0.5,1.0,1.0,-1.0,-1.0,0,5,test,404
all_alfworld,middle,P_int,1,2,1,0.05,decline,0.0,0.0,0.0,0.0,-1.0,-1.0,0,5,test,404
all_alfworld,middle,P_int,2,2,1,0.05,decline,1.0,0.5,1.0,1.0,-1.0,-1.0,0,5,test,404
all_alfworld,middle,activation_l16_norm,1,2,1,0.05,decline,1.0,1.0,1.0,1.0,1.0,1.0,0,5,test,404
all_alfworld,middle,activation_l16_norm,2,2,1,0.05,decline,1.0,0.5,1.0,1.0,1.0,1.0,0,5,test,404
all_alfworld,middle,activation_l24_norm,1,2,1,0.05,decline,1.0,1.0,1.0,1.0,1.0,1.0,0,5,test,404
all_alfworld,middle,activation_l24_norm,2,2,1,0.05,decline,1.0,0.5,1.0,1.0,1.0,1.0,0,5,test,404
all_alfworld,middle,activation_l32_norm,1,2,1,0.05,decline,1.0,1.0,1.0,1.0,1.0,1.0,0,5,test,404
all_alfworld,middle,activation_l32_norm,2,2,1,0.05,decline,1.0,0.5,1.0,1.0,1.0,1.0,0,5,test,404
all_alfworld,middle,activation_l8_norm,1,2,1,0.05,decline,1.0,1.0,1.0,1.0,1.0,1.0,0,5,test,404
all_alfworld,middle,activation_l8_norm,2,2,1,0.05,decline,1.0,0.5,1.0,1.0,1.0,1.0,0,5,test,404
all_alfworld,middle,delta_centered_norm,1,2,1,0.05,decline,1.0,1.0,1.0,1.0,1.0,1.0,0,5,test,404
all_alfworld,middle,delta_centered_norm,2,2,1,0.05,decline,1.0,0.5,1.0,1.0,1.0,1.0,0,5,test,404
all_alfworld,middle,delta_norm,1,2,1,0.05,decline,0.0,0.0,0.0,0.0,-1.0,-1.0,0,5,test,404
all_alfworld,middle,delta_norm,2,2,1,0.05,decline,1.0,0.5,1.0,1.0,-1.0,-1.0,0,5,test,404
all_alfworld,middle,forward_kl_original,1,2,1,0.05,decline,1.0,1.0,1.0,1.0,1.0,1.0,0,5,test,404
all_alfworld,middle,forward_kl_original,2,2,1,0.05,decline,1.0,0.5,1.0,1.0,1.0,1.0,0,5,test,404
all_alfworld,middle,js_original,1,2,1,0.05,decline,1.0,1.0,1.0,1.0,1.0,1.0,0,5,test,404
all_alfworld,middle,js_original,2,2,1,0.05,decline,1.0,0.5,1.0,1.0,1.0,1.0,0,5,test,404
all_alfworld,middle,old_margin,1,2,1,0.05,decline,1.0,1.0,1.0,1.0,1.0,1.0,0,5,test,404
all_alfworld,middle,old_margin,2,2,1,0.05,decline,1.0,0.5,1.0,1.0,1.0,1.0,0,5,test,404
all_alfworld,middle,u_control_norm,1,2,1,0.05,decline,0.0,0.0,0.0,0.0,-1.0,-1.0,0,5,test,404
all_alfworld,middle,u_control_norm,2,2,1,0.05,decline,1.0,0.5,1.0,1.0,-1.0,-1.0,0,5,test,404
all_alfworld,middle,u_original_norm,1,2,1,0.05,decline,0.0,0.0,0.0,0.0,-1.0,-1.0,0,5,test,404
all_alfworld,middle,u_original_norm,2,2,1,0.05,decline,1.0,0.5,1.0,1.0,-1.0,-1.0,0,5,test,404
all_alfworld,middle,random_expected,1,2,1,0.05,decline,0.5,0.5,0.5,0.5,,,0,5,test,404
all_alfworld,middle,random_expected,2,2,1,0.05,decline,1.0,0.5,1.0,1.0,,,0,5,test,404
all_alfworld,middle,C_upd,1,2,1,0.0,any_change,1.0,1.0,1.0,1.0,1.0,1.0,0,5,test,404
all_alfworld,middle,C_upd,2,2,1,0.0,any_change,1.0,0.5,1.0,1.0,1.0,1.0,0,5,test,404
all_alfworld,middle,D_contribution,1,2,1,0.0,any_change,0.0,0.0,0.0,0.0,-1.0,-1.0,0,5,test,404
all_alfworld,middle,D_contribution,2,2,1,0.0,any_change,1.0,0.5,1.0,1.0,-1.0,-1.0,0,5,test,404
all_alfworld,middle,D_ungated_contribution,1,2,1,0.0,any_change,0.0,0.0,0.0,0.0,-1.0,-1.0,0,5,test,404
all_alfworld,middle,D_ungated_contribution,2,2,1,0.0,any_change,1.0,0.5,1.0,1.0,-1.0,-1.0,0,5,test,404
all_alfworld,middle,P_int,1,2,1,0.0,any_change,0.0,0.0,0.0,0.0,-1.0,-1.0,0,5,test,404
all_alfworld,middle,P_int,2,2,1,0.0,any_change,1.0,0.5,1.0,1.0,-1.0,-1.0,0,5,test,404
all_alfworld,middle,activation_l16_norm,1,2,1,0.0,any_change,1.0,1.0,1.0,1.0,1.0,1.0,0,5,test,404
all_alfworld,middle,activation_l16_norm,2,2,1,0.0,any_change,1.0,0.5,1.0,1.0,1.0,1.0,0,5,test,404
all_alfworld,middle,activation_l24_norm,1,2,1,0.0,any_change,1.0,1.0,1.0,1.0,1.0,1.0,0,5,test,404
all_alfworld,middle,activation_l24_norm,2,2,1,0.0,any_change,1.0,0.5,1.0,1.0,1.0,1.0,0,5,test,404
all_alfworld,middle,activation_l32_norm,1,2,1,0.0,any_change,1.0,1.0,1.0,1.0,1.0,1.0,0,5,test,404
all_alfworld,middle,activation_l32_norm,2,2,1,0.0,any_change,1.0,0.5,1.0,1.0,1.0,1.0,0,5,test,404
all_alfworld,middle,activation_l8_norm,1,2,1,0.0,any_change,1.0,1.0,1.0,1.0,1.0,1.0,0,5,test,404
all_alfworld,middle,activation_l8_norm,2,2,1,0.0,any_change,1.0,0.5,1.0,1.0,1.0,1.0,0,5,test,404
all_alfworld,middle,delta_centered_norm,1,2,1,0.0,any_change,1.0,1.0,1.0,1.0,1.0,1.0,0,5,test,404
all_alfworld,middle,delta_centered_norm,2,2,1,0.0,any_change,1.0,0.5,1.0,1.0,1.0,1.0,0,5,test,404
all_alfworld,middle,delta_norm,1,2,1,0.0,any_change,0.0,0.0,0.0,0.0,-1.0,-1.0,0,5,test,404
all_alfworld,middle,delta_norm,2,2,1,0.0,any_change,1.0,0.5,1.0,1.0,-1.0,-1.0,0,5,test,404
all_alfworld,middle,forward_kl_original,1,2,1,0.0,any_change,1.0,1.0,1.0,1.0,1.0,1.0,0,5,test,404
all_alfworld,middle,forward_kl_original,2,2,1,0.0,any_change,1.0,0.5,1.0,1.0,1.0,1.0,0,5,test,404
all_alfworld,middle,js_original,1,2,1,0.0,any_change,1.0,1.0,1.0,1.0,1.0,1.0,0,5,test,404
all_alfworld,middle,js_original,2,2,1,0.0,any_change,1.0,0.5,1.0,1.0,1.0,1.0,0,5,test,404
all_alfworld,middle,old_margin,1,2,1,0.0,any_change,1.0,1.0,1.0,1.0,1.0,1.0,0,5,test,404
all_alfworld,middle,old_margin,2,2,1,0.0,any_change,1.0,0.5,1.0,1.0,1.0,1.0,0,5,test,404
all_alfworld,middle,u_control_norm,1,2,1,0.0,any_change,0.0,0.0,0.0,0.0,-1.0,-1.0,0,5,test,404
all_alfworld,middle,u_control_norm,2,2,1,0.0,any_change,1.0,0.5,1.0,1.0,-1.0,-1.0,0,5,test,404
all_alfworld,middle,u_original_norm,1,2,1,0.0,any_change,0.0,0.0,0.0,0.0,-1.0,-1.0,0,5,test,404
all_alfworld,middle,u_original_norm,2,2,1,0.0,any_change,1.0,0.5,1.0,1.0,-1.0,-1.0,0,5,test,404
all_alfworld,middle,random_expected,1,2,1,0.0,any_change,0.5,0.5,0.5,0.5,,,0,5,test,404
all_alfworld,middle,random_expected,2,2,1,0.0,any_change,1.0,0.5,1.0,1.0,,,0,5,test,404
all_alfworld,middle,C_upd,1,2,1,0.05,any_change,1.0,1.0,1.0,1.0,1.0,1.0,0,5,test,404
all_alfworld,middle,C_upd,2,2,1,0.05,any_change,1.0,0.5,1.0,1.0,1.0,1.0,0,5,test,404
all_alfworld,middle,D_contribution,1,2,1,0.05,any_change,0.0,0.0,0.0,0.0,-1.0,-1.0,0,5,test,404
all_alfworld,middle,D_contribution,2,2,1,0.05,any_change,1.0,0.5,1.0,1.0,-1.0,-1.0,0,5,test,404
all_alfworld,middle,D_ungated_contribution,1,2,1,0.05,any_change,0.0,0.0,0.0,0.0,-1.0,-1.0,0,5,test,404
all_alfworld,middle,D_ungated_contribution,2,2,1,0.05,any_change,1.0,0.5,1.0,1.0,-1.0,-1.0,0,5,test,404
all_alfworld,middle,P_int,1,2,1,0.05,any_change,0.0,0.0,0.0,0.0,-1.0,-1.0,0,5,test,404
all_alfworld,middle,P_int,2,2,1,0.05,any_change,1.0,0.5,1.0,1.0,-1.0,-1.0,0,5,test,404
all_alfworld,middle,activation_l16_norm,1,2,1,0.05,any_change,1.0,1.0,1.0,1.0,1.0,1.0,0,5,test,404
all_alfworld,middle,activation_l16_norm,2,2,1,0.05,any_change,1.0,0.5,1.0,1.0,1.0,1.0,0,5,test,404
all_alfworld,middle,activation_l24_norm,1,2,1,0.05,any_change,1.0,1.0,1.0,1.0,1.0,1.0,0,5,test,404
all_alfworld,middle,activation_l24_norm,2,2,1,0.05,any_change,1.0,0.5,1.0,1.0,1.0,1.0,0,5,test,404
all_alfworld,middle,activation_l32_norm,1,2,1,0.05,any_change,1.0,1.0,1.0,1.0,1.0,1.0,0,5,test,404
all_alfworld,middle,activation_l32_norm,2,2,1,0.05,any_change,1.0,0.5,1.0,1.0,1.0,1.0,0,5,test,404
all_alfworld,middle,activation_l8_norm,1,2,1,0.05,any_change,1.0,1.0,1.0,1.0,1.0,1.0,0,5,test,404
all_alfworld,middle,activation_l8_norm,2,2,1,0.05,any_change,1.0,0.5,1.0,1.0,1.0,1.0,0,5,test,404
all_alfworld,middle,delta_centered_norm,1,2,1,0.05,any_change,1.0,1.0,1.0,1.0,1.0,1.0,0,5,test,404
all_alfworld,middle,delta_centered_norm,2,2,1,0.05,any_change,1.0,0.5,1.0,1.0,1.0,1.0,0,5,test,404
all_alfworld,middle,delta_norm,1,2,1,0.05,any_change,0.0,0.0,0.0,0.0,-1.0,-1.0,0,5,test,404
all_alfworld,middle,delta_norm,2,2,1,0.05,any_change,1.0,0.5,1.0,1.0,-1.0,-1.0,0,5,test,404
all_alfworld,middle,forward_kl_original,1,2,1,0.05,any_change,1.0,1.0,1.0,1.0,1.0,1.0,0,5,test,404
all_alfworld,middle,forward_kl_original,2,2,1,0.05,any_change,1.0,0.5,1.0,1.0,1.0,1.0,0,5,test,404
all_alfworld,middle,js_original,1,2,1,0.05,any_change,1.0,1.0,1.0,1.0,1.0,1.0,0,5,test,404
all_alfworld,middle,js_original,2,2,1,0.05,any_change,1.0,0.5,1.0,1.0,1.0,1.0,0,5,test,404
all_alfworld,middle,old_margin,1,2,1,0.05,any_change,1.0,1.0,1.0,1.0,1.0,1.0,0,5,test,404
all_alfworld,middle,old_margin,2,2,1,0.05,any_change,1.0,0.5,1.0,1.0,1.0,1.0,0,5,test,404
all_alfworld,middle,u_control_norm,1,2,1,0.05,any_change,0.0,0.0,0.0,0.0,-1.0,-1.0,0,5,test,404
all_alfworld,middle,u_control_norm,2,2,1,0.05,any_change,1.0,0.5,1.0,1.0,-1.0,-1.0,0,5,test,404
all_alfworld,middle,u_original_norm,1,2,1,0.05,any_change,0.0,0.0,0.0,0.0,-1.0,-1.0,0,5,test,404
all_alfworld,middle,u_original_norm,2,2,1,0.05,any_change,1.0,0.5,1.0,1.0,-1.0,-1.0,0,5,test,404
all_alfworld,middle,random_expected,1,2,1,0.05,any_change,0.5,0.5,0.5,0.5,,,0,5,test,404
all_alfworld,middle,random_expected,2,2,1,0.05,any_change,1.0,0.5,1.0,1.0,,,0,5,test,404
