global_update,control,skill_id,phase,anchor_count,game_count,delta_utility,ci_low,ci_high,direction,utility_old,utility_new,negative_point_label,context_id,start_update,window_horizon,window_role,continuation_repeats,paired_anchor_repeats,original_old,control_old,original_new,control_new,delta_original,delta_control,seed
5,placebo,skillnet:alfworld-appliance-navigator,all,12,12,-0.08333333333333333,-0.25,0.0,uncertain,0.0,-0.08333333333333333,True,all_alfworld,0,5,test,2,24,0.375,0.375,0.20833333333333334,0.2916666666666667,-0.16666666666666666,-0.08333333333333331,505
5,placebo,skillnet:alfworld-appliance-navigator,initial,10,10,-0.1,-0.3,0.0,uncertain,0.0,-0.1,True,all_alfworld,0,5,test,2,20,0.45,0.45,0.25,0.35,-0.2,-0.10000000000000003,505
5,placebo,skillnet:alfworld-appliance-navigator,middle,2,2,0.0,0.0,0.0,stable,0.0,0.0,False,all_alfworld,0,5,test,2,4,0.0,0.0,0.0,0.0,0.0,0.0,505
5,placebo,skillnet:alfworld-clean-object,all,12,12,0.08333333333333333,-0.16666666666666666,0.3343749999999848,uncertain,-0.08333333333333333,0.0,False,all_alfworld,0,5,test,2,24,0.2916666666666667,0.375,0.25,0.25,-0.041666666666666685,-0.125,505
5,placebo,skillnet:alfworld-clean-object,initial,10,10,0.15,-0.1,0.45,uncertain,-0.3,-0.15,False,all_alfworld,0,5,test,2,20,0.15,0.45,0.1,0.25,-0.04999999999999999,-0.2,505
5,placebo,skillnet:alfworld-clean-object,early,2,2,-0.25,-0.75,0.0,uncertain,1.0,0.75,True,all_alfworld,0,5,test,2,4,1.0,0.0,1.0,0.25,0.0,0.25,505
5,placebo,skillnet:alfworld-device-operator,all,12,12,-0.125,-0.375,0.08333333333333333,uncertain,0.16666666666666666,0.041666666666666664,True,all_alfworld,0,5,test,2,24,0.4583333333333333,0.2916666666666667,0.5833333333333334,0.5416666666666666,0.12500000000000006,0.24999999999999994,505
5,placebo,skillnet:alfworld-device-operator,initial,2,2,-0.25,-0.75,0.0,uncertain,0.25,0.0,True,all_alfworld,0,5,test,2,4,0.75,0.5,1.0,1.0,0.25,0.5,505
5,placebo,skillnet:alfworld-device-operator,early,7,7,-0.14285714285714285,-0.5,0.21428571428571427,uncertain,0.21428571428571427,0.07142857142857142,True,all_alfworld,0,5,test,2,14,0.42857142857142855,0.21428571428571427,0.5714285714285714,0.5,0.14285714285714285,0.2857142857142857,505
5,placebo,skillnet:alfworld-device-operator,middle,2,2,0.0,0.0,0.0,stable,0.0,0.0,False,all_alfworld,0,5,test,2,4,0.5,0.5,0.5,0.5,0.0,0.0,505
5,placebo,skillnet:alfworld-device-operator,late,1,1,0.0,0.0,0.0,stable,0.0,0.0,False,all_alfworld,0,5,test,2,2,0.0,0.0,0.0,0.0,0.0,0.0,505
5,placebo,skillnet:alfworld-heat-object-with-appliance,all,12,12,0.041666666666666664,0.0,0.16666666666666666,uncertain,0.0,0.041666666666666664,False,all_alfworld,0,5,test,2,24,0.0,0.0,0.041666666666666664,0.0,0.041666666666666664,0.0,505
5,placebo,skillnet:alfworld-heat-object-with-appliance,early,4,4,0.125,0.0,0.5,uncertain,0.0,0.125,False,all_alfworld,0,5,test,2,8,0.0,0.0,0.125,0.0,0.125,0.0,505
5,placebo,skillnet:alfworld-heat-object-with-appliance,middle,4,4,0.0,0.0,0.0,stable,0.0,0.0,False,all_alfworld,0,5,test,2,8,0.0,0.0,0.0,0.0,0.0,0.0,505
5,placebo,skillnet:alfworld-heat-object-with-appliance,late,4,4,0.0,0.0,0.0,stable,0.0,0.0,False,all_alfworld,0,5,test,2,8,0.0,0.0,0.0,0.0,0.0,0.0,505
5,placebo,skillnet:alfworld-storage-explorer,all,12,12,-0.20833333333333334,-0.5,0.08333333333333333,uncertain,-0.125,-0.3333333333333333,True,all_alfworld,0,5,test,2,24,0.375,0.5,0.5,0.8333333333333334,0.125,0.33333333333333337,505
5,placebo,skillnet:alfworld-storage-explorer,initial,8,8,-0.1875,-0.5625,0.1875,uncertain,-0.1875,-0.375,True,all_alfworld,0,5,test,2,16,0.3125,0.5,0.625,1.0,0.3125,0.5,505
5,placebo,skillnet:alfworld-storage-explorer,early,4,4,-0.25,-0.75,0.0,uncertain,0.0,-0.25,True,all_alfworld,0,5,test,2,8,0.5,0.5,0.25,0.5,-0.25,0.0,505
5,null,skillnet:alfworld-appliance-navigator,all,12,12,-0.20833333333333334,-0.5,0.0,uncertain,0.125,-0.08333333333333333,True,all_alfworld,0,5,test,2,24,0.375,0.25,0.20833333333333334,0.2916666666666667,-0.16666666666666666,0.041666666666666685,505
5,null,skillnet:alfworld-appliance-navigator,initial,10,10,-0.25,-0.6,0.0,uncertain,0.15,-0.1,True,all_alfworld,0,5,test,2,20,0.45,0.3,0.25,0.35,-0.2,0.04999999999999999,505
5,null,skillnet:alfworld-appliance-navigator,middle,2,2,0.0,0.0,0.0,stable,0.0,0.0,False,all_alfworld,0,5,test,2,4,0.0,0.0,0.0,0.0,0.0,0.0,505
5,null,skillnet:alfworld-clean-object,all,12,12,0.25,-0.08333333333333333,0.625,uncertain,-0.125,0.125,False,all_alfworld,0,5,test,2,24,0.2916666666666667,0.4166666666666667,0.25,0.125,-0.041666666666666685,-0.2916666666666667,505
5,null,skillnet:alfworld-clean-object,initial,10,10,0.3,-0.05,0.7,uncertain,-0.3,0.0,False,all_alfworld,0,5,test,2,20,0.15,0.45,0.1,0.1,-0.04999999999999999,-0.35,505
5,null,skillnet:alfworld-clean-object,early,2,2,0.0,-0.75,0.75,uncertain,0.75,0.75,False,all_alfworld,0,5,test,2,4,1.0,0.25,1.0,0.25,0.0,0.0,505
5,null,skillnet:alfworld-device-operator,all,12,12,-0.25,-0.5833333333333334,0.08333333333333333,uncertain,0.3333333333333333,0.08333333333333333,True,all_alfworld,0,5,test,2,24,0.4583333333333333,0.125,0.5833333333333334,0.5,0.12500000000000006,0.375,505
5,null,skillnet:alfworld-device-operator,initial,2,2,-0.75,-1.0,-0.25,negative,0.75,0.0,True,all_alfworld,0,5,test,2,4,0.75,0.0,1.0,1.0,0.25,1.0,505
5,null,skillnet:alfworld-device-operator,early,7,7,-0.21428571428571427,-0.7142857142857143,0.2857142857142857,uncertain,0.35714285714285715,0.14285714285714285,True,all_alfworld,0,5,test,2,14,0.42857142857142855,0.07142857142857142,0.5714285714285714,0.42857142857142855,0.14285714285714285,0.3571428571428571,505
5,null,skillnet:alfworld-device-operator,middle,2,2,0.0,0.0,0.0,stable,0.0,0.0,False,all_alfworld,0,5,test,2,4,0.5,0.5,0.5,0.5,0.0,0.0,505
5,null,skillnet:alfworld-device-operator,late,1,1,0.0,0.0,0.0,stable,0.0,0.0,False,all_alfworld,0,5,test,2,2,0.0,0.0,0.0,0.0,0.0,0.0,505
5,null,skillnet:alfworld-heat-object-with-appliance,all,12,12,0.041666666666666664,0.0,0.16666666666666666,uncertain,0.0,0.041666666666666664,False,all_alfworld,0,5,test,2,24,0.0,0.0,0.041666666666666664,0.0,0.041666666666666664,0.0,505
5,null,skillnet:alfworld-heat-object-with-appliance,early,4,4,0.125,0.0,0.5,uncertain,0.0,0.125,False,all_alfworld,0,5,test,2,8,0.0,0.0,0.125,0.0,0.125,0.0,505
5,null,skillnet:alfworld-heat-object-with-appliance,middle,4,4,0.0,0.0,0.0,stable,0.0,0.0,False,all_alfworld,0,5,test,2,8,0.0,0.0,0.0,0.0,0.0,0.0,505
5,null,skillnet:alfworld-heat-object-with-appliance,late,4,4,0.0,0.0,0.0,stable,0.0,0.0,False,all_alfworld,0,5,test,2,8,0.0,0.0,0.0,0.0,0.0,0.0,505
5,null,skillnet:alfworld-storage-explorer,all,12,12,-0.125,-0.4166666666666667,0.16666666666666666,uncertain,-0.20833333333333334,-0.3333333333333333,True,all_alfworld,0,5,test,2,24,0.375,0.5833333333333334,0.5,0.8333333333333334,0.125,0.25,505
5,null,skillnet:alfworld-storage-explorer,initial,8,8,-0.0625,-0.4375,0.375,uncertain,-0.3125,-0.375,True,all_alfworld,0,5,test,2,16,0.3125,0.625,0.625,1.0,0.3125,0.375,505
5,null,skillnet:alfworld-storage-explorer,early,4,4,-0.25,-0.75,0.0,uncertain,0.0,-0.25,True,all_alfworld,0,5,test,2,8,0.5,0.5,0.25,0.5,-0.25,0.0,505
