context_id,phase,score,threshold,candidates,declines,average_precision,auroc_decline_vs_rest,spearman,kendall,P_sign_scored_units,P_sign_agreement_on_nonzero_point_delta,tie_handling_ap,zero_event_is_undefined,seed
all_alfworld,all,C_upd,0.0,3,1,1.0,1.0,0.5,0.3333333333333333,,,threshold-grouped standard AP,False,404
all_alfworld,all,D_contribution,0.0,3,1,0.3333333333333333,0.0,-1.0,-1.0,,,threshold-grouped standard AP,False,404
all_alfworld,all,D_ungated_contribution,0.0,3,1,0.3333333333333333,0.0,-1.0,-1.0,,,threshold-grouped standard AP,False,404
all_alfworld,all,P_int,0.0,3,1,0.3333333333333333,0.0,-0.5,-0.3333333333333333,2.0,0.0,threshold-grouped standard AP,False,404
all_alfworld,all,activation_l16_norm,0.0,3,1,1.0,1.0,0.5,0.3333333333333333,,,threshold-grouped standard AP,False,404
all_alfworld,all,activation_l24_norm,0.0,3,1,1.0,1.0,0.5,0.3333333333333333,,,threshold-grouped standard AP,False,404
all_alfworld,all,activation_l32_norm,0.0,3,1,1.0,1.0,0.5,0.3333333333333333,,,threshold-grouped standard AP,False,404
all_alfworld,all,activation_l8_norm,0.0,3,1,1.0,1.0,0.5,0.3333333333333333,,,threshold-grouped standard AP,False,404
all_alfworld,all,delta_centered_norm,0.0,3,1,0.5,0.5,-0.5,-0.3333333333333333,,,threshold-grouped standard AP,False,404
all_alfworld,all,delta_norm,0.0,3,1,0.5,0.5,-0.5,-0.3333333333333333,,,threshold-grouped standard AP,False,404
all_alfworld,all,forward_kl_original,0.0,3,1,1.0,1.0,1.0,1.0,,,threshold-grouped standard AP,False,404
all_alfworld,all,js_original,0.0,3,1,1.0,1.0,0.5,0.3333333333333333,,,threshold-grouped standard AP,False,404
all_alfworld,all,old_margin,0.0,3,1,0.5,0.5,-0.5,-0.3333333333333333,,,threshold-grouped standard AP,False,404
all_alfworld,all,u_control_norm,0.0,3,1,0.3333333333333333,0.0,-0.5,-0.3333333333333333,,,threshold-grouped standard AP,False,404
all_alfworld,all,u_original_norm,0.0,3,1,0.3333333333333333,0.0,-1.0,-1.0,,,threshold-grouped standard AP,False,404
all_alfworld,all,random_expected,0.0,3,1,0.3333333333333333,0.5,,,,,threshold-grouped standard AP,False,404
all_alfworld,all,C_upd,0.05,3,0,,,0.5,0.3333333333333333,,,threshold-grouped standard AP,True,404
all_alfworld,all,D_contribution,0.05,3,0,,,-1.0,-1.0,,,threshold-grouped standard AP,True,404
all_alfworld,all,D_ungated_contribution,0.05,3,0,,,-1.0,-1.0,,,threshold-grouped standard AP,True,404
all_alfworld,all,P_int,0.05,3,0,,,-0.5,-0.3333333333333333,2.0,0.0,threshold-grouped standard AP,True,404
all_alfworld,all,activation_l16_norm,0.05,3,0,,,0.5,0.3333333333333333,,,threshold-grouped standard AP,True,404
all_alfworld,all,activation_l24_norm,0.05,3,0,,,0.5,0.3333333333333333,,,threshold-grouped standard AP,True,404
all_alfworld,all,activation_l32_norm,0.05,3,0,,,0.5,0.3333333333333333,,,threshold-grouped standard AP,True,404
all_alfworld,all,activation_l8_norm,0.05,3,0,,,0.5,0.3333333333333333,,,threshold-grouped standard AP,True,404
all_alfworld,all,delta_centered_norm,0.05,3,0,,,-0.5,-0.3333333333333333,,,threshold-grouped standard AP,True,404
all_alfworld,all,delta_norm,0.05,3,0,,,-0.5,-0.3333333333333333,,,threshold-grouped standard AP,True,404
all_alfworld,all,forward_kl_original,0.05,3,0,,,1.0,1.0,,,threshold-grouped standard AP,True,404
all_alfworld,all,js_original,0.05,3,0,,,0.5,0.3333333333333333,,,threshold-grouped standard AP,True,404
all_alfworld,all,old_margin,0.05,3,0,,,-0.5,-0.3333333333333333,,,threshold-grouped standard AP,True,404
all_alfworld,all,u_control_norm,0.05,3,0,,,-0.5,-0.3333333333333333,,,threshold-grouped standard AP,True,404
all_alfworld,all,u_original_norm,0.05,3,0,,,-1.0,-1.0,,,threshold-grouped standard AP,True,404
all_alfworld,all,random_expected,0.05,3,0,,,,,,,threshold-grouped standard AP,True,404
all_alfworld,early,C_upd,0.0,2,1,0.5,0.0,-1.0,-1.0,,,threshold-grouped standard AP,False,404
all_alfworld,early,D_contribution,0.0,2,1,1.0,1.0,1.0,1.0,,,threshold-grouped standard AP,False,404
all_alfworld,early,D_ungated_contribution,0.0,2,1,0.5,0.0,-1.0,-1.0,,,threshold-grouped standard AP,False,404
all_alfworld,early,P_int,0.0,2,1,1.0,1.0,1.0,1.0,2.0,0.5,threshold-grouped standard AP,False,404
all_alfworld,early,activation_l16_norm,0.0,2,1,0.5,0.0,-1.0,-1.0,,,threshold-grouped standard AP,False,404
all_alfworld,early,activation_l24_norm,0.0,2,1,1.0,1.0,1.0,1.0,,,threshold-grouped standard AP,False,404
all_alfworld,early,activation_l32_norm,0.0,2,1,0.5,0.0,-1.0,-1.0,,,threshold-grouped standard AP,False,404
all_alfworld,early,activation_l8_norm,0.0,2,1,0.5,0.0,-1.0,-1.0,,,threshold-grouped standard AP,False,404
all_alfworld,early,delta_centered_norm,0.0,2,1,0.5,0.0,-1.0,-1.0,,,threshold-grouped standard AP,False,404
all_alfworld,early,delta_norm,0.0,2,1,1.0,1.0,1.0,1.0,,,threshold-grouped standard AP,False,404
all_alfworld,early,forward_kl_original,0.0,2,1,0.5,0.0,-1.0,-1.0,,,threshold-grouped standard AP,False,404
all_alfworld,early,js_original,0.0,2,1,1.0,1.0,1.0,1.0,,,threshold-grouped standard AP,False,404
all_alfworld,early,old_margin,0.0,2,1,1.0,1.0,1.0,1.0,,,threshold-grouped standard AP,False,404
all_alfworld,early,u_control_norm,0.0,2,1,0.5,0.0,-1.0,-1.0,,,threshold-grouped standard AP,False,404
all_alfworld,early,u_original_norm,0.0,2,1,1.0,1.0,1.0,1.0,,,threshold-grouped standard AP,False,404
all_alfworld,early,random_expected,0.0,2,1,0.5,0.5,,,,,threshold-grouped standard AP,False,404
all_alfworld,early,C_upd,0.05,2,1,0.5,0.0,-1.0,-1.0,,,threshold-grouped standard AP,False,404
all_alfworld,early,D_contribution,0.05,2,1,1.0,1.0,1.0,1.0,,,threshold-grouped standard AP,False,404
all_alfworld,early,D_ungated_contribution,0.05,2,1,0.5,0.0,-1.0,-1.0,,,threshold-grouped standard AP,False,404
all_alfworld,early,P_int,0.05,2,1,1.0,1.0,1.0,1.0,2.0,0.5,threshold-grouped standard AP,False,404
all_alfworld,early,activation_l16_norm,0.05,2,1,0.5,0.0,-1.0,-1.0,,,threshold-grouped standard AP,False,404
all_alfworld,early,activation_l24_norm,0.05,2,1,1.0,1.0,1.0,1.0,,,threshold-grouped standard AP,False,404
all_alfworld,early,activation_l32_norm,0.05,2,1,0.5,0.0,-1.0,-1.0,,,threshold-grouped standard AP,False,404
all_alfworld,early,activation_l8_norm,0.05,2,1,0.5,0.0,-1.0,-1.0,,,threshold-grouped standard AP,False,404
all_alfworld,early,delta_centered_norm,0.05,2,1,0.5,0.0,-1.0,-1.0,,,threshold-grouped standard AP,False,404
all_alfworld,early,delta_norm,0.05,2,1,1.0,1.0,1.0,1.0,,,threshold-grouped standard AP,False,404
all_alfworld,early,forward_kl_original,0.05,2,1,0.5,0.0,-1.0,-1.0,,,threshold-grouped standard AP,False,404
all_alfworld,early,js_original,0.05,2,1,1.0,1.0,1.0,1.0,,,threshold-grouped standard AP,False,404
all_alfworld,early,old_margin,0.05,2,1,1.0,1.0,1.0,1.0,,,threshold-grouped standard AP,False,404
all_alfworld,early,u_control_norm,0.05,2,1,0.5,0.0,-1.0,-1.0,,,threshold-grouped standard AP,False,404
all_alfworld,early,u_original_norm,0.05,2,1,1.0,1.0,1.0,1.0,,,threshold-grouped standard AP,False,404
all_alfworld,early,random_expected,0.05,2,1,0.5,0.5,,,,,threshold-grouped standard AP,False,404
all_alfworld,initial,C_upd,0.0,1,0,,,,,,,threshold-grouped standard AP,True,404
all_alfworld,initial,D_contribution,0.0,1,0,,,,,,,threshold-grouped standard AP,True,404
all_alfworld,initial,D_ungated_contribution,0.0,1,0,,,,,,,threshold-grouped standard AP,True,404
all_alfworld,initial,P_int,0.0,1,0,,,,,0.0,,threshold-grouped standard AP,True,404
all_alfworld,initial,activation_l16_norm,0.0,1,0,,,,,,,threshold-grouped standard AP,True,404
all_alfworld,initial,activation_l24_norm,0.0,1,0,,,,,,,threshold-grouped standard AP,True,404
all_alfworld,initial,activation_l32_norm,0.0,1,0,,,,,,,threshold-grouped standard AP,True,404
all_alfworld,initial,activation_l8_norm,0.0,1,0,,,,,,,threshold-grouped standard AP,True,404
all_alfworld,initial,delta_centered_norm,0.0,1,0,,,,,,,threshold-grouped standard AP,True,404
all_alfworld,initial,delta_norm,0.0,1,0,,,,,,,threshold-grouped standard AP,True,404
all_alfworld,initial,forward_kl_original,0.0,1,0,,,,,,,threshold-grouped standard AP,True,404
all_alfworld,initial,js_original,0.0,1,0,,,,,,,threshold-grouped standard AP,True,404
all_alfworld,initial,old_margin,0.0,1,0,,,,,,,threshold-grouped standard AP,True,404
all_alfworld,initial,u_control_norm,0.0,1,0,,,,,,,threshold-grouped standard AP,True,404
all_alfworld,initial,u_original_norm,0.0,1,0,,,,,,,threshold-grouped standard AP,True,404
all_alfworld,initial,random_expected,0.0,1,0,,,,,,,threshold-grouped standard AP,True,404
all_alfworld,initial,C_upd,0.05,1,0,,,,,,,threshold-grouped standard AP,True,404
all_alfworld,initial,D_contribution,0.05,1,0,,,,,,,threshold-grouped standard AP,True,404
all_alfworld,initial,D_ungated_contribution,0.05,1,0,,,,,,,threshold-grouped standard AP,True,404
all_alfworld,initial,P_int,0.05,1,0,,,,,0.0,,threshold-grouped standard AP,True,404
all_alfworld,initial,activation_l16_norm,0.05,1,0,,,,,,,threshold-grouped standard AP,True,404
all_alfworld,initial,activation_l24_norm,0.05,1,0,,,,,,,threshold-grouped standard AP,True,404
all_alfworld,initial,activation_l32_norm,0.05,1,0,,,,,,,threshold-grouped standard AP,True,404
all_alfworld,initial,activation_l8_norm,0.05,1,0,,,,,,,threshold-grouped standard AP,True,404
all_alfworld,initial,delta_centered_norm,0.05,1,0,,,,,,,threshold-grouped standard AP,True,404
all_alfworld,initial,delta_norm,0.05,1,0,,,,,,,threshold-grouped standard AP,True,404
all_alfworld,initial,forward_kl_original,0.05,1,0,,,,,,,threshold-grouped standard AP,True,404
all_alfworld,initial,js_original,0.05,1,0,,,,,,,threshold-grouped standard AP,True,404
all_alfworld,initial,old_margin,0.05,1,0,,,,,,,threshold-grouped standard AP,True,404
all_alfworld,initial,u_control_norm,0.05,1,0,,,,,,,threshold-grouped standard AP,True,404
all_alfworld,initial,u_original_norm,0.05,1,0,,,,,,,threshold-grouped standard AP,True,404
all_alfworld,initial,random_expected,0.05,1,0,,,,,,,threshold-grouped standard AP,True,404
all_alfworld,late,C_upd,0.0,1,0,,,,,,,threshold-grouped standard AP,True,404
all_alfworld,late,D_contribution,0.0,1,0,,,,,,,threshold-grouped standard AP,True,404
all_alfworld,late,D_ungated_contribution,0.0,1,0,,,,,,,threshold-grouped standard AP,True,404
all_alfworld,late,P_int,0.0,1,0,,,,,0.0,,threshold-grouped standard AP,True,404
all_alfworld,late,activation_l16_norm,0.0,1,0,,,,,,,threshold-grouped standard AP,True,404
all_alfworld,late,activation_l24_norm,0.0,1,0,,,,,,,threshold-grouped standard AP,True,404
all_alfworld,late,activation_l32_norm,0.0,1,0,,,,,,,threshold-grouped standard AP,True,404
all_alfworld,late,activation_l8_norm,0.0,1,0,,,,,,,threshold-grouped standard AP,True,404
all_alfworld,late,delta_centered_norm,0.0,1,0,,,,,,,threshold-grouped standard AP,True,404
all_alfworld,late,delta_norm,0.0,1,0,,,,,,,threshold-grouped standard AP,True,404
all_alfworld,late,forward_kl_original,0.0,1,0,,,,,,,threshold-grouped standard AP,True,404
all_alfworld,late,js_original,0.0,1,0,,,,,,,threshold-grouped standard AP,True,404
all_alfworld,late,old_margin,0.0,1,0,,,,,,,threshold-grouped standard AP,True,404
all_alfworld,late,u_control_norm,0.0,1,0,,,,,,,threshold-grouped standard AP,True,404
all_alfworld,late,u_original_norm,0.0,1,0,,,,,,,threshold-grouped standard AP,True,404
all_alfworld,late,random_expected,0.0,1,0,,,,,,,threshold-grouped standard AP,True,404
all_alfworld,late,C_upd,0.05,1,0,,,,,,,threshold-grouped standard AP,True,404
all_alfworld,late,D_contribution,0.05,1,0,,,,,,,threshold-grouped standard AP,True,404
all_alfworld,late,D_ungated_contribution,0.05,1,0,,,,,,,threshold-grouped standard AP,True,404
all_alfworld,late,P_int,0.05,1,0,,,,,0.0,,threshold-grouped standard AP,True,404
all_alfworld,late,activation_l16_norm,0.05,1,0,,,,,,,threshold-grouped standard AP,True,404
all_alfworld,late,activation_l24_norm,0.05,1,0,,,,,,,threshold-grouped standard AP,True,404
all_alfworld,late,activation_l32_norm,0.05,1,0,,,,,,,threshold-grouped standard AP,True,404
all_alfworld,late,activation_l8_norm,0.05,1,0,,,,,,,threshold-grouped standard AP,True,404
all_alfworld,late,delta_centered_norm,0.05,1,0,,,,,,,threshold-grouped standard AP,True,404
all_alfworld,late,delta_norm,0.05,1,0,,,,,,,threshold-grouped standard AP,True,404
all_alfworld,late,forward_kl_original,0.05,1,0,,,,,,,threshold-grouped standard AP,True,404
all_alfworld,late,js_original,0.05,1,0,,,,,,,threshold-grouped standard AP,True,404
all_alfworld,late,old_margin,0.05,1,0,,,,,,,threshold-grouped standard AP,True,404
all_alfworld,late,u_control_norm,0.05,1,0,,,,,,,threshold-grouped standard AP,True,404
all_alfworld,late,u_original_norm,0.05,1,0,,,,,,,threshold-grouped standard AP,True,404
all_alfworld,late,random_expected,0.05,1,0,,,,,,,threshold-grouped standard AP,True,404
all_alfworld,middle,C_upd,0.0,2,1,1.0,1.0,1.0,1.0,,,threshold-grouped standard AP,False,404
all_alfworld,middle,D_contribution,0.0,2,1,0.5,0.0,-1.0,-1.0,,,threshold-grouped standard AP,False,404
all_alfworld,middle,D_ungated_contribution,0.0,2,1,0.5,0.0,-1.0,-1.0,,,threshold-grouped standard AP,False,404
all_alfworld,middle,P_int,0.0,2,1,0.5,0.0,-1.0,-1.0,1.0,0.0,threshold-grouped standard AP,False,404
all_alfworld,middle,activation_l16_norm,0.0,2,1,1.0,1.0,1.0,1.0,,,threshold-grouped standard AP,False,404
all_alfworld,middle,activation_l24_norm,0.0,2,1,1.0,1.0,1.0,1.0,,,threshold-grouped standard AP,False,404
all_alfworld,middle,activation_l32_norm,0.0,2,1,1.0,1.0,1.0,1.0,,,threshold-grouped standard AP,False,404
all_alfworld,middle,activation_l8_norm,0.0,2,1,1.0,1.0,1.0,1.0,,,threshold-grouped standard AP,False,404
all_alfworld,middle,delta_centered_norm,0.0,2,1,1.0,1.0,1.0,1.0,,,threshold-grouped standard AP,False,404
all_alfworld,middle,delta_norm,0.0,2,1,0.5,0.0,-1.0,-1.0,,,threshold-grouped standard AP,False,404
all_alfworld,middle,forward_kl_original,0.0,2,1,1.0,1.0,1.0,1.0,,,threshold-grouped standard AP,False,404
all_alfworld,middle,js_original,0.0,2,1,1.0,1.0,1.0,1.0,,,threshold-grouped standard AP,False,404
all_alfworld,middle,old_margin,0.0,2,1,1.0,1.0,1.0,1.0,,,threshold-grouped standard AP,False,404
all_alfworld,middle,u_control_norm,0.0,2,1,0.5,0.0,-1.0,-1.0,,,threshold-grouped standard AP,False,404
all_alfworld,middle,u_original_norm,0.0,2,1,0.5,0.0,-1.0,-1.0,,,threshold-grouped standard AP,False,404
all_alfworld,middle,random_expected,0.0,2,1,0.5,0.5,,,,,threshold-grouped standard AP,False,404
all_alfworld,middle,C_upd,0.05,2,1,1.0,1.0,1.0,1.0,,,threshold-grouped standard AP,False,404
all_alfworld,middle,D_contribution,0.05,2,1,0.5,0.0,-1.0,-1.0,,,threshold-grouped standard AP,False,404
all_alfworld,middle,D_ungated_contribution,0.05,2,1,0.5,0.0,-1.0,-1.0,,,threshold-grouped standard AP,False,404
all_alfworld,middle,P_int,0.05,2,1,0.5,0.0,-1.0,-1.0,1.0,0.0,threshold-grouped standard AP,False,404
all_alfworld,middle,activation_l16_norm,0.05,2,1,1.0,1.0,1.0,1.0,,,threshold-grouped standard AP,False,404
all_alfworld,middle,activation_l24_norm,0.05,2,1,1.0,1.0,1.0,1.0,,,threshold-grouped standard AP,False,404
all_alfworld,middle,activation_l32_norm,0.05,2,1,1.0,1.0,1.0,1.0,,,threshold-grouped standard AP,False,404
all_alfworld,middle,activation_l8_norm,0.05,2,1,1.0,1.0,1.0,1.0,,,threshold-grouped standard AP,False,404
all_alfworld,middle,delta_centered_norm,0.05,2,1,1.0,1.0,1.0,1.0,,,threshold-grouped standard AP,False,404
all_alfworld,middle,delta_norm,0.05,2,1,0.5,0.0,-1.0,-1.0,,,threshold-grouped standard AP,False,404
all_alfworld,middle,forward_kl_original,0.05,2,1,1.0,1.0,1.0,1.0,,,threshold-grouped standard AP,False,404
all_alfworld,middle,js_original,0.05,2,1,1.0,1.0,1.0,1.0,,,threshold-grouped standard AP,False,404
all_alfworld,middle,old_margin,0.05,2,1,1.0,1.0,1.0,1.0,,,threshold-grouped standard AP,False,404
all_alfworld,middle,u_control_norm,0.05,2,1,0.5,0.0,-1.0,-1.0,,,threshold-grouped standard AP,False,404
all_alfworld,middle,u_original_norm,0.05,2,1,0.5,0.0,-1.0,-1.0,,,threshold-grouped standard AP,False,404
all_alfworld,middle,random_expected,0.05,2,1,0.5,0.5,,,,,threshold-grouped standard AP,False,404
all_alfworld,all,C_upd,0.0,3,2,0.8333333333333333,0.5,-0.5,-0.3333333333333333,,,threshold-grouped standard AP,False,505
all_alfworld,all,D_contribution,0.0,3,2,0.8333333333333333,0.5,-0.5,-0.3333333333333333,,,threshold-grouped standard AP,False,505
all_alfworld,all,D_ungated_contribution,0.0,3,2,0.5833333333333333,0.0,-1.0,-1.0,,,threshold-grouped standard AP,False,505
all_alfworld,all,P_int,0.0,3,2,0.5833333333333333,0.0,-0.5,-0.3333333333333333,3.0,0.6666666666666666,threshold-grouped standard AP,False,505
all_alfworld,all,activation_l16_norm,0.0,3,2,0.5833333333333333,0.0,-0.5,-0.3333333333333333,,,threshold-grouped standard AP,False,505
all_alfworld,all,activation_l24_norm,0.0,3,2,0.5833333333333333,0.0,-0.5,-0.3333333333333333,,,threshold-grouped standard AP,False,505
all_alfworld,all,activation_l32_norm,0.0,3,2,0.5833333333333333,0.0,-0.5,-0.3333333333333333,,,threshold-grouped standard AP,False,505
all_alfworld,all,activation_l8_norm,0.0,3,2,0.5833333333333333,0.0,-0.5,-0.3333333333333333,,,threshold-grouped standard AP,False,505
all_alfworld,all,delta_centered_norm,0.0,3,2,0.5833333333333333,0.0,-0.5,-0.3333333333333333,,,threshold-grouped standard AP,False,505
all_alfworld,all,delta_norm,0.0,3,2,0.5833333333333333,0.0,-0.5,-0.3333333333333333,,,threshold-grouped standard AP,False,505
all_alfworld,all,forward_kl_original,0.0,3,2,0.5833333333333333,0.0,-0.5,-0.3333333333333333,,,threshold-grouped standard AP,False,505
all_alfworld,all,js_original,0.0,3,2,0.5833333333333333,0.0,-0.5,-0.3333333333333333,,,threshold-grouped standard AP,False,505
all_alfworld,all,old_margin,0.0,3,2,0.5833333333333333,0.0,-0.5,-0.3333333333333333,,,threshold-grouped standard AP,False,505
all_alfworld,all,u_control_norm,0.0,3,2,1.0,1.0,1.0,1.0,,,threshold-grouped standard AP,False,505
all_alfworld,all,u_original_norm,0.0,3,2,1.0,1.0,1.0,1.0,,,threshold-grouped standard AP,False,505
all_alfworld,all,random_expected,0.0,3,2,0.6666666666666666,0.5,,,,,threshold-grouped standard AP,False,505
all_alfworld,all,C_upd,0.05,3,2,0.8333333333333333,0.5,-0.5,-0.3333333333333333,,,threshold-grouped standard AP,False,505
all_alfworld,all,D_contribution,0.05,3,2,0.8333333333333333,0.5,-0.5,-0.3333333333333333,,,threshold-grouped standard AP,False,505
all_alfworld,all,D_ungated_contribution,0.05,3,2,0.5833333333333333,0.0,-1.0,-1.0,,,threshold-grouped standard AP,False,505
all_alfworld,all,P_int,0.05,3,2,0.5833333333333333,0.0,-0.5,-0.3333333333333333,3.0,0.6666666666666666,threshold-grouped standard AP,False,505
all_alfworld,all,activation_l16_norm,0.05,3,2,0.5833333333333333,0.0,-0.5,-0.3333333333333333,,,threshold-grouped standard AP,False,505
all_alfworld,all,activation_l24_norm,0.05,3,2,0.5833333333333333,0.0,-0.5,-0.3333333333333333,,,threshold-grouped standard AP,False,505
all_alfworld,all,activation_l32_norm,0.05,3,2,0.5833333333333333,0.0,-0.5,-0.3333333333333333,,,threshold-grouped standard AP,False,505
all_alfworld,all,activation_l8_norm,0.05,3,2,0.5833333333333333,0.0,-0.5,-0.3333333333333333,,,threshold-grouped standard AP,False,505
all_alfworld,all,delta_centered_norm,0.05,3,2,0.5833333333333333,0.0,-0.5,-0.3333333333333333,,,threshold-grouped standard AP,False,505
all_alfworld,all,delta_norm,0.05,3,2,0.5833333333333333,0.0,-0.5,-0.3333333333333333,,,threshold-grouped standard AP,False,505
all_alfworld,all,forward_kl_original,0.05,3,2,0.5833333333333333,0.0,-0.5,-0.3333333333333333,,,threshold-grouped standard AP,False,505
all_alfworld,all,js_original,0.05,3,2,0.5833333333333333,0.0,-0.5,-0.3333333333333333,,,threshold-grouped standard AP,False,505
all_alfworld,all,old_margin,0.05,3,2,0.5833333333333333,0.0,-0.5,-0.3333333333333333,,,threshold-grouped standard AP,False,505
all_alfworld,all,u_control_norm,0.05,3,2,1.0,1.0,1.0,1.0,,,threshold-grouped standard AP,False,505
all_alfworld,all,u_original_norm,0.05,3,2,1.0,1.0,1.0,1.0,,,threshold-grouped standard AP,False,505
all_alfworld,all,random_expected,0.05,3,2,0.6666666666666666,0.5,,,,,threshold-grouped standard AP,False,505
all_alfworld,initial,C_upd,0.0,1,1,1.0,,,,,,threshold-grouped standard AP,False,505
all_alfworld,initial,D_contribution,0.0,1,1,1.0,,,,,,threshold-grouped standard AP,False,505
all_alfworld,initial,D_ungated_contribution,0.0,1,1,1.0,,,,,,threshold-grouped standard AP,False,505
all_alfworld,initial,P_int,0.0,1,1,1.0,,,,1.0,0.0,threshold-grouped standard AP,False,505
all_alfworld,initial,activation_l16_norm,0.0,1,1,1.0,,,,,,threshold-grouped standard AP,False,505
all_alfworld,initial,activation_l24_norm,0.0,1,1,1.0,,,,,,threshold-grouped standard AP,False,505
all_alfworld,initial,activation_l32_norm,0.0,1,1,1.0,,,,,,threshold-grouped standard AP,False,505
all_alfworld,initial,activation_l8_norm,0.0,1,1,1.0,,,,,,threshold-grouped standard AP,False,505
all_alfworld,initial,delta_centered_norm,0.0,1,1,1.0,,,,,,threshold-grouped standard AP,False,505
all_alfworld,initial,delta_norm,0.0,1,1,1.0,,,,,,threshold-grouped standard AP,False,505
all_alfworld,initial,forward_kl_original,0.0,1,1,1.0,,,,,,threshold-grouped standard AP,False,505
all_alfworld,initial,js_original,0.0,1,1,1.0,,,,,,threshold-grouped standard AP,False,505
all_alfworld,initial,old_margin,0.0,1,1,1.0,,,,,,threshold-grouped standard AP,False,505
all_alfworld,initial,u_control_norm,0.0,1,1,1.0,,,,,,threshold-grouped standard AP,False,505
all_alfworld,initial,u_original_norm,0.0,1,1,1.0,,,,,,threshold-grouped standard AP,False,505
all_alfworld,initial,random_expected,0.0,1,1,1.0,,,,,,threshold-grouped standard AP,False,505
all_alfworld,initial,C_upd,0.05,1,1,1.0,,,,,,threshold-grouped standard AP,False,505
all_alfworld,initial,D_contribution,0.05,1,1,1.0,,,,,,threshold-grouped standard AP,False,505
all_alfworld,initial,D_ungated_contribution,0.05,1,1,1.0,,,,,,threshold-grouped standard AP,False,505
all_alfworld,initial,P_int,0.05,1,1,1.0,,,,1.0,0.0,threshold-grouped standard AP,False,505
all_alfworld,initial,activation_l16_norm,0.05,1,1,1.0,,,,,,threshold-grouped standard AP,False,505
all_alfworld,initial,activation_l24_norm,0.05,1,1,1.0,,,,,,threshold-grouped standard AP,False,505
all_alfworld,initial,activation_l32_norm,0.05,1,1,1.0,,,,,,threshold-grouped standard AP,False,505
all_alfworld,initial,activation_l8_norm,0.05,1,1,1.0,,,,,,threshold-grouped standard AP,False,505
all_alfworld,initial,delta_centered_norm,0.05,1,1,1.0,,,,,,threshold-grouped standard AP,False,505
all_alfworld,initial,delta_norm,0.05,1,1,1.0,,,,,,threshold-grouped standard AP,False,505
all_alfworld,initial,forward_kl_original,0.05,1,1,1.0,,,,,,threshold-grouped standard AP,False,505
all_alfworld,initial,js_original,0.05,1,1,1.0,,,,,,threshold-grouped standard AP,False,505
all_alfworld,initial,old_margin,0.05,1,1,1.0,,,,,,threshold-grouped standard AP,False,505
all_alfworld,initial,u_control_norm,0.05,1,1,1.0,,,,,,threshold-grouped standard AP,False,505
all_alfworld,initial,u_original_norm,0.05,1,1,1.0,,,,,,threshold-grouped standard AP,False,505
all_alfworld,initial,random_expected,0.05,1,1,1.0,,,,,,threshold-grouped standard AP,False,505
all_alfworld,middle,C_upd,0.0,1,0,,,,,,,threshold-grouped standard AP,True,505
all_alfworld,middle,D_contribution,0.0,1,0,,,,,,,threshold-grouped standard AP,True,505
all_alfworld,middle,D_ungated_contribution,0.0,1,0,,,,,,,threshold-grouped standard AP,True,505
all_alfworld,middle,P_int,0.0,1,0,,,,,0.0,,threshold-grouped standard AP,True,505
all_alfworld,middle,activation_l16_norm,0.0,1,0,,,,,,,threshold-grouped standard AP,True,505
all_alfworld,middle,activation_l24_norm,0.0,1,0,,,,,,,threshold-grouped standard AP,True,505
all_alfworld,middle,activation_l32_norm,0.0,1,0,,,,,,,threshold-grouped standard AP,True,505
all_alfworld,middle,activation_l8_norm,0.0,1,0,,,,,,,threshold-grouped standard AP,True,505
all_alfworld,middle,delta_centered_norm,0.0,1,0,,,,,,,threshold-grouped standard AP,True,505
all_alfworld,middle,delta_norm,0.0,1,0,,,,,,,threshold-grouped standard AP,True,505
all_alfworld,middle,forward_kl_original,0.0,1,0,,,,,,,threshold-grouped standard AP,True,505
all_alfworld,middle,js_original,0.0,1,0,,,,,,,threshold-grouped standard AP,True,505
all_alfworld,middle,old_margin,0.0,1,0,,,,,,,threshold-grouped standard AP,True,505
all_alfworld,middle,u_control_norm,0.0,1,0,,,,,,,threshold-grouped standard AP,True,505
all_alfworld,middle,u_original_norm,0.0,1,0,,,,,,,threshold-grouped standard AP,True,505
all_alfworld,middle,random_expected,0.0,1,0,,,,,,,threshold-grouped standard AP,True,505
all_alfworld,middle,C_upd,0.05,1,0,,,,,,,threshold-grouped standard AP,True,505
all_alfworld,middle,D_contribution,0.05,1,0,,,,,,,threshold-grouped standard AP,True,505
all_alfworld,middle,D_ungated_contribution,0.05,1,0,,,,,,,threshold-grouped standard AP,True,505
all_alfworld,middle,P_int,0.05,1,0,,,,,0.0,,threshold-grouped standard AP,True,505
all_alfworld,middle,activation_l16_norm,0.05,1,0,,,,,,,threshold-grouped standard AP,True,505
all_alfworld,middle,activation_l24_norm,0.05,1,0,,,,,,,threshold-grouped standard AP,True,505
all_alfworld,middle,activation_l32_norm,0.05,1,0,,,,,,,threshold-grouped standard AP,True,505
all_alfworld,middle,activation_l8_norm,0.05,1,0,,,,,,,threshold-grouped standard AP,True,505
all_alfworld,middle,delta_centered_norm,0.05,1,0,,,,,,,threshold-grouped standard AP,True,505
all_alfworld,middle,delta_norm,0.05,1,0,,,,,,,threshold-grouped standard AP,True,505
all_alfworld,middle,forward_kl_original,0.05,1,0,,,,,,,threshold-grouped standard AP,True,505
all_alfworld,middle,js_original,0.05,1,0,,,,,,,threshold-grouped standard AP,True,505
all_alfworld,middle,old_margin,0.05,1,0,,,,,,,threshold-grouped standard AP,True,505
all_alfworld,middle,u_control_norm,0.05,1,0,,,,,,,threshold-grouped standard AP,True,505
all_alfworld,middle,u_original_norm,0.05,1,0,,,,,,,threshold-grouped standard AP,True,505
all_alfworld,middle,random_expected,0.05,1,0,,,,,,,threshold-grouped standard AP,True,505
